2026-03-23 09:46:58,452 [INFO] Activator:176 - 


2026-03-23 09:46:58,458 [INFO] Activator:177 - !SESSION log4j initialized
2026-03-23 09:47:05,088 [INFO] LogOutputStream:77 - [STDOUT_REDIRECT] 
2026-03-23 09:47:06,011 [INFO] ApplicationProperties:184 - Using Application install path: C:\ST\STM32CubeIDE_1.19.0\STM32CubeIDE\plugins\com.st.stm32cube.common.mx_6.15.0.202507011659
2026-03-23 09:47:06,034 [INFO] DbMcusXml:78 - Set database path to: C:\ST\STM32CubeIDE_1.19.0\STM32CubeIDE\plugins\com.st.stm32cube.common.mx_6.15.0.202507011659\\db\/mcu/
2026-03-23 09:47:06,034 [INFO] ApiDb:274 - Set plugin database path to: C:\ST\STM32CubeIDE_1.19.0\STM32CubeIDE\plugins\com.st.stm32cube.common.mx_6.15.0.202507011659\\db\/plugins/boardmanager/
2026-03-23 09:47:06,034 [WARN] ApiDb:259 - Overriding images path with different value:  => C:\ST\STM32CubeIDE_1.19.0\STM32CubeIDE\plugins\com.st.stm32cube.common.mx_6.15.0.202507011659\\db\/plugins/mcufinder/images/
2026-03-23 09:47:06,044 [INFO] ApiDb:250 - Set database path to: C:\Users\huray\.stmcufinder\plugins\mcufinder//mcu/
2026-03-23 09:47:06,046 [INFO] DbMcusAds:125 - Set database path to: C:\Users\huray\.stmcufinder\plugins\mcufinder//mcu/
2026-03-23 09:47:06,048 [INFO] CrossReferenceDbSqlite:203 - Set database path to: C:\Users\huray\.stmcufinder\plugins\mcufinder//mcu/cs/
2026-03-23 09:47:06,186 [INFO] RulesReader:64 - Compatibility file has been processed (317 Rules)
2026-03-23 09:47:06,294 [INFO] DbMcusXml:78 - Set database path to: C:\ST\STM32CubeIDE_1.19.0\STM32CubeIDE\plugins\com.st.stm32cube.common.mx_6.15.0.202507011659\\db\/mcu/
2026-03-23 09:47:06,294 [INFO] ApiDb:274 - Set plugin database path to: C:\ST\STM32CubeIDE_1.19.0\STM32CubeIDE\plugins\com.st.stm32cube.common.mx_6.15.0.202507011659\\db\/plugins/boardmanager/
2026-03-23 09:47:06,296 [INFO] ApiDb:261 - Set plugin images path to: C:\ST\STM32CubeIDE_1.19.0\STM32CubeIDE\plugins\com.st.stm32cube.common.mx_6.15.0.202507011659\\db\/plugins/mcufinder/images/
2026-03-23 09:47:06,296 [WARN] DbFile:41 - Overriding database path with different value: C:\Users\huray\.stmcufinder\plugins\mcufinder/ => C:\Users\huray\.stmcufinder\plugins\mcufinder
2026-03-23 09:47:06,296 [INFO] ApiDb:250 - Set database path to: C:\Users\huray\.stmcufinder\plugins\mcufinder//mcu/
2026-03-23 09:47:06,296 [WARN] DbFile:41 - Overriding database path with different value: C:\Users\huray\.stmcufinder\plugins\mcufinder/ => C:\Users\huray\.stmcufinder\plugins\mcufinder
2026-03-23 09:47:06,296 [INFO] DbMcusAds:125 - Set database path to: C:\Users\huray\.stmcufinder\plugins\mcufinder//mcu/
2026-03-23 09:47:06,296 [WARN] DbFile:41 - Overriding database path with different value: C:\Users\huray\.stmcufinder\plugins\mcufinder/ => C:\Users\huray\.stmcufinder\plugins\mcufinder
2026-03-23 09:47:06,296 [WARN] DbFile:41 - Overriding database path with different value: C:\Users\huray\.stmcufinder\plugins\mcufinder/ => C:\Users\huray\.stmcufinder\plugins\mcufinder
2026-03-23 09:47:06,297 [INFO] CrossReferenceDbSqlite:203 - Set database path to: C:\Users\huray\.stmcufinder\plugins\mcufinder//mcu/cs/
2026-03-23 09:47:06,399 [INFO] MainPanel:274 - HeapMemory: 268435456
2026-03-23 09:47:06,546 [INFO] DbMcusXml:78 - Set database path to: C:\ST\STM32CubeIDE_1.19.0\STM32CubeIDE\plugins\com.st.stm32cube.common.mx_6.15.0.202507011659\\db\/mcu/
2026-03-23 09:47:06,546 [INFO] ApiDb:274 - Set plugin database path to: C:\ST\STM32CubeIDE_1.19.0\STM32CubeIDE\plugins\com.st.stm32cube.common.mx_6.15.0.202507011659\\db\/plugins/boardmanager/
2026-03-23 09:47:06,546 [INFO] ApiDb:261 - Set plugin images path to: C:\ST\STM32CubeIDE_1.19.0\STM32CubeIDE\plugins\com.st.stm32cube.common.mx_6.15.0.202507011659\\db\/plugins/mcufinder/images/
2026-03-23 09:47:06,548 [WARN] DbFile:41 - Overriding database path with different value: C:\Users\huray\.stmcufinder\plugins\mcufinder/ => C:\Users\huray\.stmcufinder\plugins\mcufinder
2026-03-23 09:47:06,548 [INFO] ApiDb:250 - Set database path to: C:\Users\huray\.stmcufinder\plugins\mcufinder//mcu/
2026-03-23 09:47:06,548 [WARN] DbFile:41 - Overriding database path with different value: C:\Users\huray\.stmcufinder\plugins\mcufinder/ => C:\Users\huray\.stmcufinder\plugins\mcufinder
2026-03-23 09:47:06,548 [INFO] DbMcusAds:125 - Set database path to: C:\Users\huray\.stmcufinder\plugins\mcufinder//mcu/
2026-03-23 09:47:06,548 [WARN] DbFile:41 - Overriding database path with different value: C:\Users\huray\.stmcufinder\plugins\mcufinder/ => C:\Users\huray\.stmcufinder\plugins\mcufinder
2026-03-23 09:47:06,548 [WARN] DbFile:41 - Overriding database path with different value: C:\Users\huray\.stmcufinder\plugins\mcufinder/ => C:\Users\huray\.stmcufinder\plugins\mcufinder
2026-03-23 09:47:06,548 [INFO] CrossReferenceDbSqlite:203 - Set database path to: C:\Users\huray\.stmcufinder\plugins\mcufinder//mcu/cs/
2026-03-23 09:47:06,570 [INFO] ApplicationProperties:184 - Using Application install path: C:\ST\STM32CubeIDE_1.19.0\STM32CubeIDE\plugins\com.st.stm32cube.common.mx_6.15.0.202507011659
2026-03-23 09:47:06,571 [INFO] PluginManage:196 - Search for loadable plugins [exclusion list=, ]
2026-03-23 09:47:06,573 [INFO] PluginManage:310 - Check plugin analytics
2026-03-23 09:47:06,772 [INFO] AnalyticsPlugin:253 - Accepted Software Licenses: 
2026-03-23 09:47:06,772 [INFO] AnalyticsPlugin:255 - Accepted CMSIS Pack Licenses: 
2026-03-23 09:47:06,773 [INFO] AnalyticsPlugin:257 - Accepted Firmware Licenses: 
2026-03-23 09:47:06,777 [INFO] PluginManage:359 - Loaded plugin analytics (category:tool,tabindex:-1)
2026-03-23 09:47:06,777 [INFO] PluginManage:310 - Check plugin cadmodel
2026-03-23 09:47:06,783 [INFO] CADModel:105 - Init CAD model plugin
2026-03-23 09:47:06,784 [INFO] PluginManage:359 - Loaded plugin cadmodel (category:power,tabindex:5)
2026-03-23 09:47:06,784 [INFO] PluginManage:310 - Check plugin clock
2026-03-23 09:47:06,796 [INFO] PluginManage:359 - Loaded plugin clock (category:base,tabindex:2)
2026-03-23 09:47:06,796 [INFO] PluginManage:310 - Check plugin ddr
2026-03-23 09:47:06,799 [INFO] PluginManage:359 - Loaded plugin ddr (category:tool,tabindex:6)
2026-03-23 09:47:06,799 [INFO] PluginManage:310 - Check plugin filemanager
2026-03-23 09:47:06,960 [INFO] PluginManage:359 - Loaded plugin filemanager (category:base,tabindex:10)
2026-03-23 09:47:06,960 [INFO] PluginManage:310 - Check plugin ipmanager
2026-03-23 09:47:06,968 [INFO] PluginManage:359 - Loaded plugin ipmanager (category:base,tabindex:5)
2026-03-23 09:47:06,968 [INFO] PluginManage:310 - Check plugin lpbam
2026-03-23 09:47:06,977 [INFO] PluginManage:359 - Loaded plugin lpbam (category:base,tabindex:0)
2026-03-23 09:47:06,977 [INFO] PluginManage:310 - Check plugin memorymap
2026-03-23 09:47:06,995 [INFO] PluginManage:359 - Loaded plugin memorymap (category:base,tabindex:4)
2026-03-23 09:47:06,996 [INFO] PluginManage:310 - Check plugin pinoutandconfiguration
2026-03-23 09:47:07,005 [INFO] PluginManage:359 - Loaded plugin pinoutandconfiguration (category:base,tabindex:1)
2026-03-23 09:47:07,005 [INFO] PluginManage:310 - Check plugin pinoutconfig
2026-03-23 09:47:07,127 [WARN] SupportedApi:132 - Cannot load RTOS API schema: s4s-elt-must-match.1: The content of 'definitions' must match (annotation?, (simpleType | complexType)?, (unique | key | keyref)*)). A problem was found starting at: attribute.
2026-03-23 09:47:07,286 [INFO] PluginManage:359 - Loaded plugin pinoutconfig (category:base,tabindex:0)
2026-03-23 09:47:07,286 [INFO] PluginManage:310 - Check plugin power
2026-03-23 09:47:07,298 [INFO] PluginManage:359 - Loaded plugin power (category:power,tabindex:4)
2026-03-23 09:47:07,298 [INFO] PluginManage:310 - Check plugin projectmanager
2026-03-23 09:47:07,316 [INFO] PluginManage:359 - Loaded plugin projectmanager (category:projectmanager,tabindex:4)
2026-03-23 09:47:07,316 [INFO] PluginManage:310 - Check plugin rif
2026-03-23 09:47:07,328 [INFO] PluginManage:359 - Loaded plugin rif (category:base,tabindex:3)
2026-03-23 09:47:07,328 [INFO] PluginManage:310 - Check plugin thirdparty
2026-03-23 09:47:07,484 [INFO] PluginManage:359 - Loaded plugin thirdparty (category:base,tabindex:-1)
2026-03-23 09:47:07,484 [WARN] IntegrityCheckThread:84 - waiting for thirdparty lock release [integrity check]
2026-03-23 09:47:07,484 [INFO] PluginManage:310 - Check plugin tools
2026-03-23 09:47:07,484 [INFO] IntegrityCheckThread:86 - entering critical section [integrity check]
2026-03-23 09:47:07,486 [INFO] ThirdPartyUpdaterWithRetryManager:70 - Updater plugin not ready yet. [1/15]
2026-03-23 09:47:07,488 [INFO] PluginManage:359 - Loaded plugin tools (category:base,tabindex:7)
2026-03-23 09:47:07,488 [INFO] PluginManage:310 - Check plugin tutovideos
2026-03-23 09:47:07,746 [INFO] PluginManage:359 - Loaded plugin tutovideos (category:base,tabindex:-1)
2026-03-23 09:47:07,746 [INFO] PluginManage:310 - Check plugin updater
2026-03-23 09:47:07,771 [INFO] PluginManage:359 - Loaded plugin updater (category:base,tabindex:12)
2026-03-23 09:47:07,772 [INFO] PluginManage:310 - Check plugin userauth
2026-03-23 09:47:07,778 [INFO] UserAuth:118 - Init User Auth plugin
2026-03-23 09:47:07,779 [INFO] PluginManage:359 - Loaded plugin userauth (category:base,tabindex:14)
2026-03-23 09:47:07,781 [INFO] PluginManage:283 - PluginManage : Loaded plugins [18]
2026-03-23 09:47:08,047 [INFO] PinOutPanel:1589 - setPackage(No Configuration,No Configuration)
2026-03-23 09:47:08,134 [INFO] CADModel:165 - CPN selected for project level
2026-03-23 09:47:08,134 [INFO] CADModel:114 - Register for checkConnection events
2026-03-23 09:47:08,152 [INFO] IPUIPlugin:80 - create IPUIPlugin
2026-03-23 09:47:08,152 [INFO] PluginManager:220 - loadIPPluginJar : add adc
2026-03-23 09:47:08,155 [INFO] IPUIPlugin:80 - create IPUIPlugin
2026-03-23 09:47:08,155 [INFO] PluginManager:220 - loadIPPluginJar : add aes
2026-03-23 09:47:08,157 [INFO] IPUIPlugin:80 - create IPUIPlugin
2026-03-23 09:47:08,158 [INFO] PluginManager:220 - loadIPPluginJar : add can
2026-03-23 09:47:08,159 [INFO] IPUIPlugin:80 - create IPUIPlugin
2026-03-23 09:47:08,159 [INFO] PluginManager:220 - loadIPPluginJar : add comp
2026-03-23 09:47:08,162 [INFO] IPUIPlugin:80 - create IPUIPlugin
2026-03-23 09:47:08,162 [INFO] PluginManager:220 - loadIPPluginJar : add cryp
2026-03-23 09:47:08,165 [INFO] IPUIPlugin:80 - create IPUIPlugin
2026-03-23 09:47:08,165 [INFO] PluginManager:220 - loadIPPluginJar : add ddr_ctrl_phy
2026-03-23 09:47:08,167 [INFO] IPUIPlugin:80 - create IPUIPlugin
2026-03-23 09:47:08,167 [INFO] PluginManager:220 - loadIPPluginJar : add dfsdm
2026-03-23 09:47:08,172 [INFO] IPUIPlugin:80 - create IPUIPlugin
2026-03-23 09:47:08,173 [INFO] PluginManager:220 - loadIPPluginJar : add dma
2026-03-23 09:47:08,175 [INFO] IPUIPlugin:80 - create IPUIPlugin
2026-03-23 09:47:08,175 [INFO] PluginManager:220 - loadIPPluginJar : add dma3
2026-03-23 09:47:08,179 [INFO] IPUIPlugin:80 - create IPUIPlugin
2026-03-23 09:47:08,179 [INFO] PluginManager:220 - loadIPPluginJar : add extmemmanager
2026-03-23 09:47:08,181 [INFO] IPUIPlugin:80 - create IPUIPlugin
2026-03-23 09:47:08,181 [INFO] PluginManager:220 - loadIPPluginJar : add fatfs
2026-03-23 09:47:08,185 [INFO] IPUIPlugin:80 - create IPUIPlugin
2026-03-23 09:47:08,185 [INFO] PluginManager:220 - loadIPPluginJar : add fmc
2026-03-23 09:47:08,192 [INFO] IPUIPlugin:80 - create IPUIPlugin
2026-03-23 09:47:08,192 [INFO] PluginManager:220 - loadIPPluginJar : add freertos
2026-03-23 09:47:08,194 [INFO] IPUIPlugin:80 - create IPUIPlugin
2026-03-23 09:47:08,194 [INFO] PluginManager:220 - loadIPPluginJar : add genericplugin
2026-03-23 09:47:08,196 [INFO] IPUIPlugin:80 - create IPUIPlugin
2026-03-23 09:47:08,196 [INFO] PluginManager:220 - loadIPPluginJar : add gfxmmu
2026-03-23 09:47:08,201 [INFO] IPUIPlugin:80 - create IPUIPlugin
2026-03-23 09:47:08,201 [INFO] PluginManager:220 - loadIPPluginJar : add gic
2026-03-23 09:47:08,205 [INFO] IPUIPlugin:80 - create IPUIPlugin
2026-03-23 09:47:08,205 [INFO] PluginManager:220 - loadIPPluginJar : add gpio
2026-03-23 09:47:08,208 [INFO] IPUIPlugin:80 - create IPUIPlugin
2026-03-23 09:47:08,208 [INFO] PluginManager:220 - loadIPPluginJar : add gtzc
2026-03-23 09:47:08,211 [INFO] IPUIPlugin:80 - create IPUIPlugin
2026-03-23 09:47:08,211 [INFO] PluginManager:220 - loadIPPluginJar : add hash
2026-03-23 09:47:08,214 [INFO] IPUIPlugin:80 - create IPUIPlugin
2026-03-23 09:47:08,214 [INFO] PluginManager:220 - loadIPPluginJar : add i2c
2026-03-23 09:47:08,217 [INFO] IPUIPlugin:80 - create IPUIPlugin
2026-03-23 09:47:08,217 [INFO] PluginManager:220 - loadIPPluginJar : add i2s
2026-03-23 09:47:08,220 [INFO] IPUIPlugin:80 - create IPUIPlugin
2026-03-23 09:47:08,220 [INFO] PluginManager:220 - loadIPPluginJar : add i3c
2026-03-23 09:47:08,224 [INFO] IPUIPlugin:80 - create IPUIPlugin
2026-03-23 09:47:08,224 [INFO] PluginManager:220 - loadIPPluginJar : add ipddr
2026-03-23 09:47:08,231 [INFO] IPUIPlugin:80 - create IPUIPlugin
2026-03-23 09:47:08,231 [INFO] PluginManager:220 - loadIPPluginJar : add linkedlist
2026-03-23 09:47:08,235 [INFO] IPUIPlugin:80 - create IPUIPlugin
2026-03-23 09:47:08,235 [INFO] PluginManager:220 - loadIPPluginJar : add lorawan
2026-03-23 09:47:08,237 [INFO] IPUIPlugin:80 - create IPUIPlugin
2026-03-23 09:47:08,237 [INFO] PluginManager:220 - loadIPPluginJar : add ltdc
2026-03-23 09:47:08,242 [INFO] IPUIPlugin:80 - create IPUIPlugin
2026-03-23 09:47:08,243 [INFO] PluginManager:220 - loadIPPluginJar : add mdma
2026-03-23 09:47:08,246 [INFO] IPUIPlugin:80 - create IPUIPlugin
2026-03-23 09:47:08,246 [INFO] PluginManager:220 - loadIPPluginJar : add nvic
2026-03-23 09:47:08,248 [INFO] IPUIPlugin:80 - create IPUIPlugin
2026-03-23 09:47:08,248 [INFO] PluginManager:220 - loadIPPluginJar : add opamp
2026-03-23 09:47:08,253 [INFO] IPUIPlugin:80 - create IPUIPlugin
2026-03-23 09:47:08,253 [INFO] PluginManager:220 - loadIPPluginJar : add openamp
2026-03-23 09:47:08,256 [INFO] IPUIPlugin:80 - create IPUIPlugin
2026-03-23 09:47:08,256 [INFO] PluginManager:220 - loadIPPluginJar : add pdm2pcm
2026-03-23 09:47:08,261 [INFO] IPUIPlugin:80 - create IPUIPlugin
2026-03-23 09:47:08,263 [INFO] PluginManager:220 - loadIPPluginJar : add plateformsettings
2026-03-23 09:47:08,265 [INFO] IPUIPlugin:80 - create IPUIPlugin
2026-03-23 09:47:08,265 [INFO] PluginManager:220 - loadIPPluginJar : add quadspi
2026-03-23 09:47:08,267 [INFO] IPUIPlugin:80 - create IPUIPlugin
2026-03-23 09:47:08,268 [INFO] PluginManager:220 - loadIPPluginJar : add radio
2026-03-23 09:47:08,272 [INFO] IPUIPlugin:80 - create IPUIPlugin
2026-03-23 09:47:08,272 [INFO] PluginManager:220 - loadIPPluginJar : add resmgrutility
2026-03-23 09:47:08,276 [INFO] IPUIPlugin:80 - create IPUIPlugin
2026-03-23 09:47:08,276 [INFO] PluginManager:220 - loadIPPluginJar : add sai
2026-03-23 09:47:08,279 [INFO] IPUIPlugin:80 - create IPUIPlugin
2026-03-23 09:47:08,279 [INFO] PluginManager:220 - loadIPPluginJar : add spi
2026-03-23 09:47:08,287 [INFO] IPUIPlugin:80 - create IPUIPlugin
2026-03-23 09:47:08,287 [INFO] PluginManager:220 - loadIPPluginJar : add stm32_wpan
2026-03-23 09:47:08,289 [INFO] IPUIPlugin:80 - create IPUIPlugin
2026-03-23 09:47:08,289 [INFO] PluginManager:220 - loadIPPluginJar : add tim
2026-03-23 09:47:08,292 [INFO] IPUIPlugin:80 - create IPUIPlugin
2026-03-23 09:47:08,292 [INFO] PluginManager:220 - loadIPPluginJar : add touchsensing
2026-03-23 09:47:08,294 [INFO] IPUIPlugin:80 - create IPUIPlugin
2026-03-23 09:47:08,295 [INFO] PluginManager:220 - loadIPPluginJar : add tracer_emb
2026-03-23 09:47:08,296 [INFO] IPUIPlugin:80 - create IPUIPlugin
2026-03-23 09:47:08,296 [INFO] PluginManager:220 - loadIPPluginJar : add ts
2026-03-23 09:47:08,299 [INFO] IPUIPlugin:80 - create IPUIPlugin
2026-03-23 09:47:08,299 [INFO] PluginManager:220 - loadIPPluginJar : add tsc
2026-03-23 09:47:08,301 [INFO] IPUIPlugin:80 - create IPUIPlugin
2026-03-23 09:47:08,301 [INFO] PluginManager:220 - loadIPPluginJar : add ucpd
2026-03-23 09:47:08,303 [INFO] IPUIPlugin:80 - create IPUIPlugin
2026-03-23 09:47:08,304 [INFO] PluginManager:220 - loadIPPluginJar : add usart
2026-03-23 09:47:08,307 [INFO] IPUIPlugin:80 - create IPUIPlugin
2026-03-23 09:47:08,307 [INFO] PluginManager:220 - loadIPPluginJar : add usbx
2026-03-23 09:47:08,435 [FATAL] Updater:351 - Updater called before beeing initialized
2026-03-23 09:47:08,460 [INFO] RulesReader:64 - Compatibility file has been processed (317 Rules)
2026-03-23 09:47:08,470 [INFO] RulesReader:64 - Compatibility file has been processed (317 Rules)
2026-03-23 09:47:08,482 [INFO] CADModel:165 - CPN selected for project level
2026-03-23 09:47:08,482 [INFO] CADModel:114 - Register for checkConnection events
2026-03-23 09:47:08,482 [FATAL] Updater:351 - Updater called before beeing initialized
2026-03-23 09:47:08,482 [ERROR] CADModel:125 - Updater not yet initialized, retry later 
2026-03-23 09:47:08,698 [FATAL] Updater:351 - Updater called before beeing initialized
2026-03-23 09:47:08,701 [INFO] CADModel:165 - CPN selected for project level
2026-03-23 09:47:08,701 [INFO] CADModel:114 - Register for checkConnection events
2026-03-23 09:47:08,701 [FATAL] Updater:351 - Updater called before beeing initialized
2026-03-23 09:47:08,702 [ERROR] CADModel:125 - Updater not yet initialized, retry later 
2026-03-23 09:47:08,707 [FATAL] Updater:351 - Updater called before beeing initialized
2026-03-23 09:47:08,830 [FATAL] Updater:351 - Updater called before beeing initialized
2026-03-23 09:47:08,834 [INFO] DbMcusAds:53 - JSON generation date=Thu Mar 05 09:32:52 EST 2026 (1772721172890)
2026-03-23 09:47:08,834 [FATAL] Updater:351 - Updater called before beeing initialized
2026-03-23 09:47:08,875 [WARN] DetailPanel:346 - Failed to get advertising image, set to default
2026-03-23 09:47:08,960 [FATAL] Updater:351 - Updater called before beeing initialized
2026-03-23 09:47:08,961 [FATAL] Updater:351 - Updater called before beeing initialized
2026-03-23 09:47:08,961 [FATAL] Updater:351 - Updater called before beeing initialized
2026-03-23 09:47:08,962 [WARN] DetailPanel:346 - Failed to get advertising image, set to default
2026-03-23 09:47:08,962 [FATAL] Updater:351 - Updater called before beeing initialized
2026-03-23 09:47:09,014 [ERROR] Updater:1198 - MainUpdater not yet initialized. External WinMGr cannot be set.
2026-03-23 09:47:09,016 [INFO] Updater:1134 - Updater Version found : 6.15.0
2026-03-23 09:47:09,039 [INFO] ApplicationProperties:184 - Using Application install path: C:\ST\STM32CubeIDE_1.19.0\STM32CubeIDE\plugins\com.st.stm32cube.common.mx_6.15.0.202507011659
2026-03-23 09:47:10,487 [INFO] ThirdPartyUpdaterWithRetryManager:70 - Updater plugin not ready yet. [2/15]
2026-03-23 09:47:10,614 [ERROR] LogOutputStream:75 - [STDERR_REDIRECT] Mar 23, 2026 9:47:10 AM java.util.prefs.WindowsPreferences <init>
2026-03-23 09:47:10,615 [ERROR] LogOutputStream:75 - [STDERR_REDIRECT] WARNING: Could not open/create prefs root node Software\JavaSoft\Prefs at root 0xffffffff80000002. Windows RegCreateKeyEx(...) returned error code 5.
2026-03-23 09:47:10,615 [ERROR] LogOutputStream:75 - [STDERR_REDIRECT] 
2026-03-23 09:47:10,882 [INFO] MainUpdater:2872 - connection check result : 10
2026-03-23 09:47:10,882 [INFO] MainUpdater:289 - Updater Check For Update Now.
2026-03-23 09:47:10,882 [INFO] MicroXplorer:498 - Change Database Version : DB.6.0.150
2026-03-23 09:47:10,892 [INFO] McuFinderGlobals:63 - Set McuFinder mode to 2 (CubeIDE integrated)
2026-03-23 09:47:10,892 [INFO] UserAuth:171 - activating auth plugin
2026-03-23 09:47:10,896 [INFO] UserAuth:487 - Internet connection configuration mode: 1
2026-03-23 09:47:10,933 [INFO] JxBrowserEngine:152 - Initiate JxBrowser Engine with user profile folder
2026-03-23 09:47:11,061 [INFO] CheckServerUpdateThread:120 - End of CheckServer Thread
2026-03-23 09:47:13,341 [INFO] WebApp:169 - Instantiating new browser for Auth
2026-03-23 09:47:13,854 [WARN] PackLoader:240 - Cannot read IP mode file for STMicroelectronics.X-CUBE-AZRTOS-H7.3.5.0
2026-03-23 09:47:13,869 [WARN] PackLoader:240 - Cannot read IP mode file for STMicroelectronics.FP-ATR-ASTRA1.2.0.2
2026-03-23 09:47:13,884 [WARN] PackLoader:240 - Cannot read IP mode file for STMicroelectronics.X-CUBE-SMBUS.2.1.0
2026-03-23 09:47:13,924 [WARN] PackLoader:240 - Cannot read IP mode file for STMicroelectronics.X-CUBE-AZRTOS-F7.1.1.0
2026-03-23 09:47:13,943 [WARN] PackLoader:240 - Cannot read IP mode file for STMicroelectronics.FP-SNS-MOTENV1.5.1.0
2026-03-23 09:47:13,960 [WARN] PackLoader:240 - Cannot read IP mode file for WES.I-CUBE-Cesium.1.4.0
2026-03-23 09:47:13,972 [WARN] PackLoader:240 - Cannot read IP mode file for STMicroelectronics.X-CUBE-DISPLAY.3.0.0
2026-03-23 09:47:13,986 [WARN] PackLoader:240 - Cannot read IP mode file for STMicroelectronics.FP-SNS-MOTENVWB1.1.5.0
2026-03-23 09:47:13,997 [WARN] PackLoader:240 - Cannot read IP mode file for STMicroelectronics.X-CUBE-NFC10.1.0.0
2026-03-23 09:47:14,004 [WARN] PackLoader:240 - Cannot read IP mode file for STMicroelectronics.X-CUBE-ST60.1.1.0
2026-03-23 09:47:14,012 [WARN] PackLoader:240 - Cannot read IP mode file for emotas.I-CUBE-CANOPEN.1.3.0
2026-03-23 09:47:14,020 [WARN] PackLoader:240 - Cannot read IP mode file for STMicroelectronics.X-CUBE-GNSS1.7.1.0
2026-03-23 09:47:14,029 [WARN] PackLoader:240 - Cannot read IP mode file for STMicroelectronics.FP-SNS-STBOX1.2.1.0
2026-03-23 09:47:14,038 [WARN] PackLoader:240 - Cannot read IP mode file for STMicroelectronics.FP-SNS-SMARTAG2.1.2.0
2026-03-23 09:47:14,043 [WARN] PackLoader:240 - Cannot read IP mode file for STMicroelectronics.FP-SNS-FLIGHT1.5.1.0
2026-03-23 09:47:14,052 [INFO] LogOutputStream:77 - [STDOUT_REDIRECT] 1 : Invalid condition id : UX_CORESTACK_Condition cause : null
2026-03-23 09:47:14,053 [INFO] LogOutputStream:77 - [STDOUT_REDIRECT] 1 : Invalid condition id : UX_CORESTACK_Condition cause : null
2026-03-23 09:47:14,053 [INFO] LogOutputStream:77 - [STDOUT_REDIRECT] 1 : Invalid condition id : UX_CORESTACK_Condition cause : null
2026-03-23 09:47:14,055 [INFO] LogOutputStream:77 - [STDOUT_REDIRECT] 1 : Invalid condition id : UX_CORESTACK_Condition cause : null
2026-03-23 09:47:14,055 [INFO] LogOutputStream:77 - [STDOUT_REDIRECT] 1 : Invalid condition id : UX_CORESTACK_Condition cause : null
2026-03-23 09:47:14,057 [WARN] PackLoader:240 - Cannot read IP mode file for STMicroelectronics.X-CUBE-AZRTOS-WL.2.0.0
2026-03-23 09:47:14,072 [WARN] PackLoader:240 - Cannot read IP mode file for STMicroelectronics.X-CUBE-AZRTOS-H7RS.1.2.0
2026-03-23 09:47:14,080 [WARN] PackLoader:240 - Cannot read IP mode file for STMicroelectronics.X-CUBE-BLE2.3.3.0
2026-03-23 09:47:14,130 [WARN] PackLoader:240 - Cannot read IP mode file for Infineon.AIROC-Wi-Fi-Bluetooth-STM32.1.8.0
2026-03-23 09:47:14,152 [WARN] PackLoader:240 - Cannot read IP mode file for STMicroelectronics.X-CUBE-NFC9.1.0.0
2026-03-23 09:47:14,163 [WARN] PackLoader:240 - Cannot read IP mode file for STMicroelectronics.X-CUBE-BLE1.7.1.0
2026-03-23 09:47:14,168 [WARN] PackLoader:240 - Cannot read IP mode file for wolfSSL.I-CUBE-wolfMQTT.1.19.2
2026-03-23 09:47:14,207 [WARN] PackLoader:240 - Cannot read IP mode file for STMicroelectronics.X-CUBE-EEPRMA1.5.2.0
2026-03-23 09:47:14,223 [WARN] PackLoader:240 - Cannot read IP mode file for wolfSSL.I-CUBE-wolfSSL.5.8.4
2026-03-23 09:47:14,229 [WARN] PackLoader:240 - Cannot read IP mode file for Cesanta.I-CUBE-Mongoose.7.20.0
2026-03-23 09:47:14,266 [WARN] PackLoader:240 - Cannot read IP mode file for STMicroelectronics.X-CUBE-MEMS1.12.0.0
2026-03-23 09:47:14,434 [WARN] PackLoader:240 - Cannot read IP mode file for STMicroelectronics.X-CUBE-AZRTOS-G0.1.1.0
2026-03-23 09:47:14,447 [WARN] PackLoader:240 - Cannot read IP mode file for STMicroelectronics.X-CUBE-NFC4.3.0.0
2026-03-23 09:47:14,458 [WARN] PackLoader:240 - Cannot read IP mode file for EmbeddedOffice.I-CUBE-FS-RTOS.1.0.1
2026-03-23 09:47:14,469 [WARN] PackLoader:240 - Cannot read IP mode file for STMicroelectronics.X-CUBE-WB05N.2.0.0
2026-03-23 09:47:14,475 [WARN] PackLoader:240 - Cannot read IP mode file for wolfSSL.I-CUBE-wolfTPM.3.8.0
2026-03-23 09:47:14,481 [WARN] PackLoader:240 - Cannot read IP mode file for STMicroelectronics.X-CUBE-TCPP.4.2.0
2026-03-23 09:47:14,497 [WARN] PackLoader:240 - Cannot read IP mode file for RealThread.X-CUBE-RT-Thread_Nano.4.1.1
2026-03-23 09:47:14,503 [WARN] PackLoader:240 - Cannot read IP mode file for STMicroelectronics.FP-ATR-SIGFOX1.3.2.0
2026-03-23 09:47:14,509 [WARN] PackLoader:240 - Cannot read IP mode file for STMicroelectronics.X-CUBE-FREERTOS.1.5.0
2026-03-23 09:47:14,518 [WARN] PackLoader:240 - Cannot read IP mode file for ITTIA_DB.I-CUBE-ITTIADB.8.9.0
2026-03-23 09:47:14,527 [WARN] PackLoader:240 - Cannot read IP mode file for STMicroelectronics.X-CUBE-NFC6.3.2.0
2026-03-23 09:47:14,537 [INFO] WebApp:463 - Apply proxy settings
2026-03-23 09:47:14,539 [INFO] WebApp:548 - Chromium requires no authentication
2026-03-23 09:47:14,539 [WARN] PackLoader:240 - Cannot read IP mode file for STMicroelectronics.X-CUBE-AI.10.2.0
2026-03-23 09:47:14,552 [INFO] WebApp:491 - Direct internet connection detected
2026-03-23 09:47:14,562 [WARN] PackLoader:240 - Cannot read IP mode file for SEGGER.I-CUBE-embOS.1.3.1
2026-03-23 09:47:14,601 [INFO] WebApp:900 - Register for checkConnection events
2026-03-23 09:47:14,603 [INFO] WebApp:463 - Apply proxy settings
2026-03-23 09:47:14,603 [INFO] WebApp:548 - Chromium requires no authentication
2026-03-23 09:47:14,603 [INFO] WebApp:491 - Direct internet connection detected
2026-03-23 09:47:14,612 [WARN] PackLoader:240 - Cannot read IP mode file for STMicroelectronics.X-CUBE-ALGOBUILD.1.4.0
2026-03-23 09:47:14,616 [WARN] PackLoader:240 - Cannot read IP mode file for STMicroelectronics.X-CUBE-PM33A1.1.0.0
2026-03-23 09:47:14,630 [WARN] PackLoader:240 - Cannot read IP mode file for STMicroelectronics.X-CUBE-AZRTOS-F4.1.1.0
2026-03-23 09:47:14,636 [WARN] PackLoader:240 - Cannot read IP mode file for STMicroelectronics.X-CUBE-ISPU.2.1.0
2026-03-23 09:47:14,647 [WARN] PackLoader:240 - Cannot read IP mode file for STMicroelectronics.X-CUBE-IPS.3.2.0
2026-03-23 09:47:14,656 [WARN] PackLoader:240 - Cannot read IP mode file for STMicroelectronics.X-CUBE-NFC12.1.0.0
2026-03-23 09:47:14,671 [WARN] PackLoader:240 - Cannot read IP mode file for STMicroelectronics.X-CUBE-AZRTOS-L5.2.0.0
2026-03-23 09:47:14,678 [WARN] PackLoader:240 - Cannot read IP mode file for STMicroelectronics.X-CUBE-TOUCHGFX.4.26.1
2026-03-23 09:47:14,684 [WARN] PackLoader:240 - Cannot read IP mode file for STMicroelectronics.FP-SNS-STAIOTCFT.1.0.0
2026-03-23 09:47:14,690 [WARN] PackLoader:240 - Cannot read IP mode file for STMicroelectronics.X-CUBE-DPower.1.3.0
2026-03-23 09:47:14,702 [WARN] ConditionMgr:438 - getConditionDescription Invalid condition id : LAN8742 Phy interface Condition cause : null
2026-03-23 09:47:14,702 [WARN] PackLoader:240 - Cannot read IP mode file for STMicroelectronics.X-CUBE-AZRTOS-L4.2.0.0
2026-03-23 09:47:14,703 [WARN] ConditionMgr:1044 - genDependencies : Invalid condition id : LAN8742 Phy interface Condition cause : null
2026-03-23 09:47:14,703 [WARN] ConditionMgr:1044 - genDependencies : Invalid condition id : LAN8742 Phy interface Condition cause : null
2026-03-23 09:47:14,704 [WARN] ConditionMgr:1044 - genDependencies : Invalid condition id : LAN8742 Phy interface Condition cause : null
2026-03-23 09:47:14,713 [WARN] PackLoader:240 - Cannot read IP mode file for STMicroelectronics.X-CUBE-SFXS2LP1.4.0.0
2026-03-23 09:47:14,730 [WARN] PackLoader:240 - Cannot read IP mode file for STMicroelectronics.X-CUBE-ST67W61.1.2.0
2026-03-23 09:47:14,741 [WARN] PackLoader:240 - Cannot read IP mode file for STMicroelectronics.X-CUBE-BLEMGR.4.1.0
2026-03-23 09:47:14,754 [WARN] ConditionMgr:438 - getConditionDescription Invalid condition id : UX DEVICE CLASS RTOS Condition cause : null
2026-03-23 09:47:14,754 [WARN] ConditionMgr:438 - getConditionDescription Invalid condition id : UX DEVICE CLASS RTOS Condition cause : null
2026-03-23 09:47:14,756 [WARN] PackLoader:240 - Cannot read IP mode file for STMicroelectronics.X-CUBE-AZRTOS-WB.2.0.0
2026-03-23 09:47:14,756 [WARN] ConditionMgr:1044 - genDependencies : Invalid condition id : UX DEVICE CLASS RTOS Condition cause : null
2026-03-23 09:47:14,757 [WARN] ConditionMgr:1044 - genDependencies : Invalid condition id : UX DEVICE CLASS RTOS Condition cause : null
2026-03-23 09:47:14,757 [WARN] ConditionMgr:1044 - genDependencies : Invalid condition id : UX DEVICE CLASS RTOS Condition cause : null
2026-03-23 09:47:14,758 [WARN] ConditionMgr:1044 - genDependencies : Invalid condition id : UX DEVICE CLASS RTOS Condition cause : null
2026-03-23 09:47:14,758 [WARN] ConditionMgr:1044 - genDependencies : Invalid condition id : UX DEVICE CLASS RTOS Condition cause : null
2026-03-23 09:47:14,763 [WARN] ConditionMgr:438 - getConditionDescription Invalid condition id : Cortex-A Device cause : null
2026-03-23 09:47:14,773 [WARN] ConditionMgr:1044 - genDependencies : Invalid condition id : Cortex-A Device cause : null
2026-03-23 09:47:14,774 [WARN] ConditionMgr:1044 - genDependencies : Invalid condition id : Cortex-A Device cause : null
2026-03-23 09:47:14,774 [WARN] ConditionMgr:1044 - genDependencies : Invalid condition id : Cortex-A Device cause : null
2026-03-23 09:47:14,780 [WARN] PackLoader:240 - Cannot read IP mode file for STMicroelectronics.X-CUBE-STSE01.2.0.0
2026-03-23 09:47:14,797 [WARN] PackLoader:240 - Cannot read IP mode file for STMicroelectronics.X-CUBE-SUBG2.5.0.0
2026-03-23 09:47:14,822 [WARN] PackLoader:240 - Cannot read IP mode file for STMicroelectronics.X-CUBE-AZRTOS-G4.2.0.0
2026-03-23 09:47:14,830 [WARN] PackLoader:240 - Cannot read IP mode file for wolfSSL.I-CUBE-wolfSSH.1.4.20
2026-03-23 09:47:14,841 [WARN] PackLoader:240 - Cannot read IP mode file for STMicroelectronics.X-CUBE-NFC7.2.0.0
2026-03-23 09:47:14,851 [WARN] PackLoader:240 - Cannot read IP mode file for STMicroelectronics.X-CUBE-ALS.1.0.2
2026-03-23 09:47:14,855 [INFO] WebApp:191 - Connection restablished
2026-03-23 09:47:14,866 [WARN] PackLoader:240 - Cannot read IP mode file for STMicroelectronics.X-CUBE-TOF1.3.4.3
2026-03-23 09:47:14,878 [INFO] ThirdParty:978 - Integrity check success = true
2026-03-23 09:47:14,878 [INFO] IntegrityCheckThread:100 - exiting critical section [integrity check]
2026-03-23 09:47:14,878 [INFO] IntegrityCheckThread:103 - End integrity checks thread
2026-03-23 09:47:15,019 [INFO] WebApp:225 - Starting web application
2026-03-23 09:47:15,019 [INFO] WebApp:593 - Web application path used C:\ST\STM32CubeIDE_1.19.0\STM32CubeIDE\plugins\com.st.stm32cube.common.mx_6.15.0.202507011659\db\plugins\mcufinder\reactClient1\index.html
2026-03-23 09:47:15,639 [ERROR] LogOutputStream:75 - [STDERR_REDIRECT] [Fatal Error] :1:1: Premature end of file.
2026-03-23 09:47:15,641 [ERROR] LogOutputStream:75 - [STDERR_REDIRECT] 
2026-03-23 09:47:16,565 [ERROR] LogOutputStream:75 - [STDERR_REDIRECT] [Fatal Error] :1:1: Premature end of file.
2026-03-23 09:47:16,566 [ERROR] LogOutputStream:75 - [STDERR_REDIRECT] 
2026-03-23 09:47:17,577 [ERROR] LogOutputStream:75 - [STDERR_REDIRECT] [Fatal Error] :1:1: Premature end of file.
2026-03-23 09:47:17,578 [ERROR] LogOutputStream:75 - [STDERR_REDIRECT] 
2026-03-23 09:47:18,551 [ERROR] LogOutputStream:75 - [STDERR_REDIRECT] [Fatal Error] :1:1: Premature end of file.
2026-03-23 09:47:18,552 [ERROR] LogOutputStream:75 - [STDERR_REDIRECT] 
2026-03-23 09:47:19,553 [ERROR] LogOutputStream:75 - [STDERR_REDIRECT] [Fatal Error] :1:1: Premature end of file.
2026-03-23 09:47:19,554 [ERROR] LogOutputStream:75 - [STDERR_REDIRECT] 
2026-03-23 09:47:20,587 [ERROR] LogOutputStream:75 - [STDERR_REDIRECT] [Fatal Error] :1:1: Premature end of file.
2026-03-23 09:47:20,588 [ERROR] LogOutputStream:75 - [STDERR_REDIRECT] 
2026-03-23 09:47:21,574 [ERROR] LogOutputStream:75 - [STDERR_REDIRECT] [Fatal Error] :1:1: Premature end of file.
2026-03-23 09:47:21,574 [ERROR] LogOutputStream:75 - [STDERR_REDIRECT] 
2026-03-23 09:47:22,558 [ERROR] LogOutputStream:75 - [STDERR_REDIRECT] [Fatal Error] :1:1: Premature end of file.
2026-03-23 09:47:22,559 [ERROR] LogOutputStream:75 - [STDERR_REDIRECT] 
2026-03-23 09:47:23,555 [ERROR] LogOutputStream:75 - [STDERR_REDIRECT] [Fatal Error] :1:1: Premature end of file.
2026-03-23 09:47:23,555 [ERROR] LogOutputStream:75 - [STDERR_REDIRECT] 
2026-03-23 09:47:24,543 [ERROR] LogOutputStream:75 - [STDERR_REDIRECT] [Fatal Error] :1:1: Premature end of file.
2026-03-23 09:47:24,543 [ERROR] LogOutputStream:75 - [STDERR_REDIRECT] 
2026-03-23 09:47:25,537 [ERROR] LogOutputStream:75 - [STDERR_REDIRECT] [Fatal Error] :1:1: Premature end of file.
2026-03-23 09:47:25,537 [ERROR] LogOutputStream:75 - [STDERR_REDIRECT] 
2026-03-23 09:47:26,552 [ERROR] LogOutputStream:75 - [STDERR_REDIRECT] [Fatal Error] :1:1: Premature end of file.
2026-03-23 09:47:26,553 [ERROR] LogOutputStream:75 - [STDERR_REDIRECT] 
2026-03-23 09:47:27,544 [ERROR] LogOutputStream:75 - [STDERR_REDIRECT] [Fatal Error] :1:1: Premature end of file.
2026-03-23 09:47:27,544 [ERROR] LogOutputStream:75 - [STDERR_REDIRECT] 
2026-03-23 09:47:28,533 [ERROR] LogOutputStream:75 - [STDERR_REDIRECT] [Fatal Error] :1:1: Premature end of file.
2026-03-23 09:47:28,533 [ERROR] LogOutputStream:75 - [STDERR_REDIRECT] 
2026-03-23 09:47:29,547 [ERROR] LogOutputStream:75 - [STDERR_REDIRECT] [Fatal Error] :1:1: Premature end of file.
2026-03-23 09:47:29,547 [ERROR] LogOutputStream:75 - [STDERR_REDIRECT] 
2026-03-23 09:47:30,539 [ERROR] LogOutputStream:75 - [STDERR_REDIRECT] [Fatal Error] :1:1: Premature end of file.
2026-03-23 09:47:30,539 [ERROR] LogOutputStream:75 - [STDERR_REDIRECT] 
2026-03-23 09:47:31,534 [ERROR] LogOutputStream:75 - [STDERR_REDIRECT] [Fatal Error] :1:1: Premature end of file.
2026-03-23 09:47:31,534 [ERROR] LogOutputStream:75 - [STDERR_REDIRECT] 
2026-03-23 09:47:32,544 [ERROR] LogOutputStream:75 - [STDERR_REDIRECT] [Fatal Error] :1:1: Premature end of file.
2026-03-23 09:47:32,544 [ERROR] LogOutputStream:75 - [STDERR_REDIRECT] 
2026-03-23 09:47:33,539 [ERROR] LogOutputStream:75 - [STDERR_REDIRECT] [Fatal Error] :1:1: Premature end of file.
2026-03-23 09:47:33,539 [ERROR] LogOutputStream:75 - [STDERR_REDIRECT] 
2026-03-23 09:47:34,542 [ERROR] LogOutputStream:75 - [STDERR_REDIRECT] [Fatal Error] :1:1: Premature end of file.
2026-03-23 09:47:34,542 [ERROR] LogOutputStream:75 - [STDERR_REDIRECT] 
2026-03-23 09:47:35,535 [ERROR] LogOutputStream:75 - [STDERR_REDIRECT] [Fatal Error] :1:1: Premature end of file.
2026-03-23 09:47:35,535 [ERROR] LogOutputStream:75 - [STDERR_REDIRECT] 
2026-03-23 09:47:36,540 [ERROR] LogOutputStream:75 - [STDERR_REDIRECT] [Fatal Error] :1:1: Premature end of file.
2026-03-23 09:47:36,541 [ERROR] LogOutputStream:75 - [STDERR_REDIRECT] 
2026-03-23 09:47:37,547 [ERROR] LogOutputStream:75 - [STDERR_REDIRECT] [Fatal Error] :1:1: Premature end of file.
2026-03-23 09:47:37,547 [ERROR] LogOutputStream:75 - [STDERR_REDIRECT] 
2026-03-23 09:47:38,541 [ERROR] LogOutputStream:75 - [STDERR_REDIRECT] [Fatal Error] :1:1: Premature end of file.
2026-03-23 09:47:38,541 [ERROR] LogOutputStream:75 - [STDERR_REDIRECT] 
2026-03-23 09:47:39,560 [ERROR] LogOutputStream:75 - [STDERR_REDIRECT] [Fatal Error] :1:1: Premature end of file.
2026-03-23 09:47:39,561 [ERROR] LogOutputStream:75 - [STDERR_REDIRECT] 
2026-03-23 09:47:40,551 [ERROR] LogOutputStream:75 - [STDERR_REDIRECT] [Fatal Error] :1:1: Premature end of file.
2026-03-23 09:47:40,552 [ERROR] LogOutputStream:75 - [STDERR_REDIRECT] 
2026-03-23 09:47:41,537 [ERROR] LogOutputStream:75 - [STDERR_REDIRECT] [Fatal Error] :1:1: Premature end of file.
2026-03-23 09:47:41,537 [ERROR] LogOutputStream:75 - [STDERR_REDIRECT] 
2026-03-23 09:47:42,544 [ERROR] LogOutputStream:75 - [STDERR_REDIRECT] [Fatal Error] :1:1: Premature end of file.
2026-03-23 09:47:42,544 [ERROR] LogOutputStream:75 - [STDERR_REDIRECT] 
2026-03-23 09:47:43,540 [ERROR] LogOutputStream:75 - [STDERR_REDIRECT] [Fatal Error] :1:1: Premature end of file.
2026-03-23 09:47:43,540 [ERROR] LogOutputStream:75 - [STDERR_REDIRECT] 
2026-03-23 09:47:44,538 [ERROR] LogOutputStream:75 - [STDERR_REDIRECT] [Fatal Error] :1:1: Premature end of file.
2026-03-23 09:47:44,539 [ERROR] LogOutputStream:75 - [STDERR_REDIRECT] 
2026-03-23 09:47:45,551 [ERROR] LogOutputStream:75 - [STDERR_REDIRECT] [Fatal Error] :1:1: Premature end of file.
2026-03-23 09:47:45,551 [ERROR] LogOutputStream:75 - [STDERR_REDIRECT] 
2026-03-23 09:47:46,544 [ERROR] LogOutputStream:75 - [STDERR_REDIRECT] [Fatal Error] :1:1: Premature end of file.
2026-03-23 09:47:46,544 [ERROR] LogOutputStream:75 - [STDERR_REDIRECT] 
2026-03-23 09:47:47,541 [ERROR] LogOutputStream:75 - [STDERR_REDIRECT] [Fatal Error] :1:1: Premature end of file.
2026-03-23 09:47:47,541 [ERROR] LogOutputStream:75 - [STDERR_REDIRECT] 
2026-03-23 09:47:48,538 [ERROR] LogOutputStream:75 - [STDERR_REDIRECT] [Fatal Error] :1:1: Premature end of file.
2026-03-23 09:47:48,538 [ERROR] LogOutputStream:75 - [STDERR_REDIRECT] 
2026-03-23 09:47:49,553 [ERROR] LogOutputStream:75 - [STDERR_REDIRECT] [Fatal Error] :1:1: Premature end of file.
2026-03-23 09:47:49,554 [ERROR] LogOutputStream:75 - [STDERR_REDIRECT] 
2026-03-23 09:47:50,547 [ERROR] LogOutputStream:75 - [STDERR_REDIRECT] [Fatal Error] :1:1: Premature end of file.
2026-03-23 09:47:50,547 [ERROR] LogOutputStream:75 - [STDERR_REDIRECT] 
2026-03-23 09:47:51,546 [ERROR] LogOutputStream:75 - [STDERR_REDIRECT] [Fatal Error] :1:1: Premature end of file.
2026-03-23 09:47:51,547 [ERROR] LogOutputStream:75 - [STDERR_REDIRECT] 
2026-03-23 09:47:52,550 [ERROR] LogOutputStream:75 - [STDERR_REDIRECT] [Fatal Error] :1:1: Premature end of file.
2026-03-23 09:47:52,550 [ERROR] LogOutputStream:75 - [STDERR_REDIRECT] 
2026-03-23 09:47:53,536 [ERROR] LogOutputStream:75 - [STDERR_REDIRECT] [Fatal Error] :1:1: Premature end of file.
2026-03-23 09:47:53,536 [ERROR] LogOutputStream:75 - [STDERR_REDIRECT] 
2026-03-23 09:47:54,537 [ERROR] LogOutputStream:75 - [STDERR_REDIRECT] [Fatal Error] :1:1: Premature end of file.
2026-03-23 09:47:54,538 [ERROR] LogOutputStream:75 - [STDERR_REDIRECT] 
2026-03-23 09:47:55,546 [ERROR] LogOutputStream:75 - [STDERR_REDIRECT] [Fatal Error] :1:1: Premature end of file.
2026-03-23 09:47:55,547 [ERROR] LogOutputStream:75 - [STDERR_REDIRECT] 
2026-03-23 09:47:56,545 [ERROR] LogOutputStream:75 - [STDERR_REDIRECT] [Fatal Error] :1:1: Premature end of file.
2026-03-23 09:47:56,546 [ERROR] LogOutputStream:75 - [STDERR_REDIRECT] 
2026-03-23 09:47:57,543 [ERROR] LogOutputStream:75 - [STDERR_REDIRECT] [Fatal Error] :1:1: Premature end of file.
2026-03-23 09:47:57,544 [ERROR] LogOutputStream:75 - [STDERR_REDIRECT] 
2026-03-23 09:47:58,546 [ERROR] LogOutputStream:75 - [STDERR_REDIRECT] [Fatal Error] :1:1: Premature end of file.
2026-03-23 09:47:58,546 [ERROR] LogOutputStream:75 - [STDERR_REDIRECT] 
2026-03-23 09:47:59,546 [ERROR] LogOutputStream:75 - [STDERR_REDIRECT] [Fatal Error] :1:1: Premature end of file.
2026-03-23 09:47:59,547 [ERROR] LogOutputStream:75 - [STDERR_REDIRECT] 
2026-03-23 09:48:00,547 [ERROR] LogOutputStream:75 - [STDERR_REDIRECT] [Fatal Error] :1:1: Premature end of file.
2026-03-23 09:48:00,547 [ERROR] LogOutputStream:75 - [STDERR_REDIRECT] 
2026-03-23 09:48:01,535 [ERROR] LogOutputStream:75 - [STDERR_REDIRECT] [Fatal Error] :1:1: Premature end of file.
2026-03-23 09:48:01,536 [ERROR] LogOutputStream:75 - [STDERR_REDIRECT] 
2026-03-23 09:48:02,549 [ERROR] LogOutputStream:75 - [STDERR_REDIRECT] [Fatal Error] :1:1: Premature end of file.
2026-03-23 09:48:02,549 [ERROR] LogOutputStream:75 - [STDERR_REDIRECT] 
2026-03-23 09:48:03,551 [ERROR] LogOutputStream:75 - [STDERR_REDIRECT] [Fatal Error] :1:1: Premature end of file.
2026-03-23 09:48:03,552 [ERROR] LogOutputStream:75 - [STDERR_REDIRECT] 
2026-03-23 09:48:04,541 [ERROR] LogOutputStream:75 - [STDERR_REDIRECT] [Fatal Error] :1:1: Premature end of file.
2026-03-23 09:48:04,541 [ERROR] LogOutputStream:75 - [STDERR_REDIRECT] 
2026-03-23 09:48:05,548 [ERROR] LogOutputStream:75 - [STDERR_REDIRECT] [Fatal Error] :1:1: Premature end of file.
2026-03-23 09:48:05,548 [ERROR] LogOutputStream:75 - [STDERR_REDIRECT] 
2026-03-23 09:48:06,547 [ERROR] LogOutputStream:75 - [STDERR_REDIRECT] [Fatal Error] :1:1: Premature end of file.
2026-03-23 09:48:06,547 [ERROR] LogOutputStream:75 - [STDERR_REDIRECT] 
2026-03-23 09:48:07,539 [ERROR] LogOutputStream:75 - [STDERR_REDIRECT] [Fatal Error] :1:1: Premature end of file.
2026-03-23 09:48:07,539 [ERROR] LogOutputStream:75 - [STDERR_REDIRECT] 
2026-03-23 09:48:08,540 [ERROR] LogOutputStream:75 - [STDERR_REDIRECT] [Fatal Error] :1:1: Premature end of file.
2026-03-23 09:48:08,540 [ERROR] LogOutputStream:75 - [STDERR_REDIRECT] 
2026-03-23 09:48:09,536 [ERROR] LogOutputStream:75 - [STDERR_REDIRECT] [Fatal Error] :1:1: Premature end of file.
2026-03-23 09:48:09,536 [ERROR] LogOutputStream:75 - [STDERR_REDIRECT] 
2026-03-23 09:48:10,568 [ERROR] LogOutputStream:75 - [STDERR_REDIRECT] [Fatal Error] :1:1: Premature end of file.
2026-03-23 09:48:10,568 [ERROR] LogOutputStream:75 - [STDERR_REDIRECT] 
2026-03-23 09:48:11,560 [ERROR] LogOutputStream:75 - [STDERR_REDIRECT] [Fatal Error] :1:1: Premature end of file.
2026-03-23 09:48:11,561 [ERROR] LogOutputStream:75 - [STDERR_REDIRECT] 
2026-03-23 09:48:12,544 [ERROR] LogOutputStream:75 - [STDERR_REDIRECT] [Fatal Error] :1:1: Premature end of file.
2026-03-23 09:48:12,544 [ERROR] LogOutputStream:75 - [STDERR_REDIRECT] 
2026-03-23 09:48:13,550 [ERROR] LogOutputStream:75 - [STDERR_REDIRECT] [Fatal Error] :1:1: Premature end of file.
2026-03-23 09:48:13,551 [ERROR] LogOutputStream:75 - [STDERR_REDIRECT] 
2026-03-23 09:48:14,551 [ERROR] LogOutputStream:75 - [STDERR_REDIRECT] [Fatal Error] :1:1: Premature end of file.
2026-03-23 09:48:14,551 [ERROR] LogOutputStream:75 - [STDERR_REDIRECT] 
2026-03-23 09:48:15,546 [ERROR] LogOutputStream:75 - [STDERR_REDIRECT] [Fatal Error] :1:1: Premature end of file.
2026-03-23 09:48:15,547 [ERROR] LogOutputStream:75 - [STDERR_REDIRECT] 
2026-03-23 09:48:16,546 [ERROR] LogOutputStream:75 - [STDERR_REDIRECT] [Fatal Error] :1:1: Premature end of file.
2026-03-23 09:48:16,547 [ERROR] LogOutputStream:75 - [STDERR_REDIRECT] 
2026-03-23 09:48:17,538 [ERROR] LogOutputStream:75 - [STDERR_REDIRECT] [Fatal Error] :1:1: Premature end of file.
2026-03-23 09:48:17,539 [ERROR] LogOutputStream:75 - [STDERR_REDIRECT] 
2026-03-23 09:48:18,540 [ERROR] LogOutputStream:75 - [STDERR_REDIRECT] [Fatal Error] :1:1: Premature end of file.
2026-03-23 09:48:18,540 [ERROR] LogOutputStream:75 - [STDERR_REDIRECT] 
2026-03-23 09:48:19,547 [ERROR] LogOutputStream:75 - [STDERR_REDIRECT] [Fatal Error] :1:1: Premature end of file.
2026-03-23 09:48:19,547 [ERROR] LogOutputStream:75 - [STDERR_REDIRECT] 
2026-03-23 09:48:20,542 [ERROR] LogOutputStream:75 - [STDERR_REDIRECT] [Fatal Error] :1:1: Premature end of file.
2026-03-23 09:48:20,543 [ERROR] LogOutputStream:75 - [STDERR_REDIRECT] 
2026-03-23 09:48:21,540 [ERROR] LogOutputStream:75 - [STDERR_REDIRECT] [Fatal Error] :1:1: Premature end of file.
2026-03-23 09:48:21,540 [ERROR] LogOutputStream:75 - [STDERR_REDIRECT] 
2026-03-23 09:48:22,534 [ERROR] LogOutputStream:75 - [STDERR_REDIRECT] [Fatal Error] :1:1: Premature end of file.
2026-03-23 09:48:22,534 [ERROR] LogOutputStream:75 - [STDERR_REDIRECT] 
2026-03-23 09:48:23,550 [ERROR] LogOutputStream:75 - [STDERR_REDIRECT] [Fatal Error] :1:1: Premature end of file.
2026-03-23 09:48:23,550 [ERROR] LogOutputStream:75 - [STDERR_REDIRECT] 
2026-03-23 09:48:24,541 [ERROR] LogOutputStream:75 - [STDERR_REDIRECT] [Fatal Error] :1:1: Premature end of file.
2026-03-23 09:48:24,541 [ERROR] LogOutputStream:75 - [STDERR_REDIRECT] 
2026-03-23 09:48:25,537 [ERROR] LogOutputStream:75 - [STDERR_REDIRECT] [Fatal Error] :1:1: Premature end of file.
2026-03-23 09:48:25,538 [ERROR] LogOutputStream:75 - [STDERR_REDIRECT] 
2026-03-23 09:48:26,548 [ERROR] LogOutputStream:75 - [STDERR_REDIRECT] [Fatal Error] :1:1: Premature end of file.
2026-03-23 09:48:26,548 [ERROR] LogOutputStream:75 - [STDERR_REDIRECT] 
2026-03-23 09:48:27,547 [ERROR] LogOutputStream:75 - [STDERR_REDIRECT] [Fatal Error] :1:1: Premature end of file.
2026-03-23 09:48:27,547 [ERROR] LogOutputStream:75 - [STDERR_REDIRECT] 
2026-03-23 09:48:28,539 [ERROR] LogOutputStream:75 - [STDERR_REDIRECT] [Fatal Error] :1:1: Premature end of file.
2026-03-23 09:48:28,539 [ERROR] LogOutputStream:75 - [STDERR_REDIRECT] 
2026-03-23 09:48:29,535 [ERROR] LogOutputStream:75 - [STDERR_REDIRECT] [Fatal Error] :1:1: Premature end of file.
2026-03-23 09:48:29,535 [ERROR] LogOutputStream:75 - [STDERR_REDIRECT] 
2026-03-23 09:48:30,551 [ERROR] LogOutputStream:75 - [STDERR_REDIRECT] [Fatal Error] :1:1: Premature end of file.
2026-03-23 09:48:30,552 [ERROR] LogOutputStream:75 - [STDERR_REDIRECT] 
2026-03-23 09:48:31,544 [ERROR] LogOutputStream:75 - [STDERR_REDIRECT] [Fatal Error] :1:1: Premature end of file.
2026-03-23 09:48:31,544 [ERROR] LogOutputStream:75 - [STDERR_REDIRECT] 
2026-03-23 09:48:32,542 [ERROR] LogOutputStream:75 - [STDERR_REDIRECT] [Fatal Error] :1:1: Premature end of file.
2026-03-23 09:48:32,542 [ERROR] LogOutputStream:75 - [STDERR_REDIRECT] 
2026-03-23 09:48:33,535 [ERROR] LogOutputStream:75 - [STDERR_REDIRECT] [Fatal Error] :1:1: Premature end of file.
2026-03-23 09:48:33,535 [ERROR] LogOutputStream:75 - [STDERR_REDIRECT] 
2026-03-23 09:48:34,555 [ERROR] LogOutputStream:75 - [STDERR_REDIRECT] [Fatal Error] :1:1: Premature end of file.
2026-03-23 09:48:34,556 [ERROR] LogOutputStream:75 - [STDERR_REDIRECT] 
2026-03-23 09:48:35,538 [ERROR] LogOutputStream:75 - [STDERR_REDIRECT] [Fatal Error] :1:1: Premature end of file.
2026-03-23 09:48:35,538 [ERROR] LogOutputStream:75 - [STDERR_REDIRECT] 
2026-03-23 09:48:36,543 [ERROR] LogOutputStream:75 - [STDERR_REDIRECT] [Fatal Error] :1:1: Premature end of file.
2026-03-23 09:48:36,544 [ERROR] LogOutputStream:75 - [STDERR_REDIRECT] 
2026-03-23 09:48:37,546 [ERROR] LogOutputStream:75 - [STDERR_REDIRECT] [Fatal Error] :1:1: Premature end of file.
2026-03-23 09:48:37,547 [ERROR] LogOutputStream:75 - [STDERR_REDIRECT] 
2026-03-23 09:48:38,550 [ERROR] LogOutputStream:75 - [STDERR_REDIRECT] [Fatal Error] :1:1: Premature end of file.
2026-03-23 09:48:38,550 [ERROR] LogOutputStream:75 - [STDERR_REDIRECT] 
2026-03-23 09:48:39,562 [ERROR] LogOutputStream:75 - [STDERR_REDIRECT] [Fatal Error] :1:1: Premature end of file.
2026-03-23 09:48:39,564 [ERROR] LogOutputStream:75 - [STDERR_REDIRECT] 
2026-03-23 09:48:40,547 [ERROR] LogOutputStream:75 - [STDERR_REDIRECT] [Fatal Error] :1:1: Premature end of file.
2026-03-23 09:48:40,547 [ERROR] LogOutputStream:75 - [STDERR_REDIRECT] 
2026-03-23 09:48:41,544 [ERROR] LogOutputStream:75 - [STDERR_REDIRECT] [Fatal Error] :1:1: Premature end of file.
2026-03-23 09:48:41,544 [ERROR] LogOutputStream:75 - [STDERR_REDIRECT] 
2026-03-23 09:48:42,538 [ERROR] LogOutputStream:75 - [STDERR_REDIRECT] [Fatal Error] :1:1: Premature end of file.
2026-03-23 09:48:42,538 [ERROR] LogOutputStream:75 - [STDERR_REDIRECT] 
2026-03-23 09:48:43,547 [ERROR] LogOutputStream:75 - [STDERR_REDIRECT] [Fatal Error] :1:1: Premature end of file.
2026-03-23 09:48:43,547 [ERROR] LogOutputStream:75 - [STDERR_REDIRECT] 
2026-03-23 09:48:44,532 [ERROR] LogOutputStream:75 - [STDERR_REDIRECT] [Fatal Error] :1:1: Premature end of file.
2026-03-23 09:48:44,532 [ERROR] LogOutputStream:75 - [STDERR_REDIRECT] 
2026-03-23 09:48:45,559 [ERROR] LogOutputStream:75 - [STDERR_REDIRECT] [Fatal Error] :1:1: Premature end of file.
2026-03-23 09:48:45,560 [ERROR] LogOutputStream:75 - [STDERR_REDIRECT] 
2026-03-23 09:48:46,557 [ERROR] LogOutputStream:75 - [STDERR_REDIRECT] [Fatal Error] :1:1: Premature end of file.
2026-03-23 09:48:46,558 [ERROR] LogOutputStream:75 - [STDERR_REDIRECT] 
2026-03-23 09:48:47,537 [ERROR] LogOutputStream:75 - [STDERR_REDIRECT] [Fatal Error] :1:1: Premature end of file.
2026-03-23 09:48:47,538 [ERROR] LogOutputStream:75 - [STDERR_REDIRECT] 
2026-03-23 09:48:48,543 [ERROR] LogOutputStream:75 - [STDERR_REDIRECT] [Fatal Error] :1:1: Premature end of file.
2026-03-23 09:48:48,543 [ERROR] LogOutputStream:75 - [STDERR_REDIRECT] 
2026-03-23 09:48:49,539 [ERROR] LogOutputStream:75 - [STDERR_REDIRECT] [Fatal Error] :1:1: Premature end of file.
2026-03-23 09:48:49,540 [ERROR] LogOutputStream:75 - [STDERR_REDIRECT] 
2026-03-23 09:48:50,552 [ERROR] LogOutputStream:75 - [STDERR_REDIRECT] [Fatal Error] :1:1: Premature end of file.
2026-03-23 09:48:50,554 [ERROR] LogOutputStream:75 - [STDERR_REDIRECT] 
2026-03-23 09:48:51,548 [ERROR] LogOutputStream:75 - [STDERR_REDIRECT] [Fatal Error] :1:1: Premature end of file.
2026-03-23 09:48:51,549 [ERROR] LogOutputStream:75 - [STDERR_REDIRECT] 
2026-03-23 09:48:52,546 [ERROR] LogOutputStream:75 - [STDERR_REDIRECT] [Fatal Error] :1:1: Premature end of file.
2026-03-23 09:48:52,547 [ERROR] LogOutputStream:75 - [STDERR_REDIRECT] 
2026-03-23 09:48:53,560 [ERROR] LogOutputStream:75 - [STDERR_REDIRECT] [Fatal Error] :1:1: Premature end of file.
2026-03-23 09:48:53,561 [ERROR] LogOutputStream:75 - [STDERR_REDIRECT] 
2026-03-23 09:48:54,556 [ERROR] LogOutputStream:75 - [STDERR_REDIRECT] [Fatal Error] :1:1: Premature end of file.
2026-03-23 09:48:54,556 [ERROR] LogOutputStream:75 - [STDERR_REDIRECT] 
2026-03-23 09:48:55,555 [ERROR] LogOutputStream:75 - [STDERR_REDIRECT] [Fatal Error] :1:1: Premature end of file.
2026-03-23 09:48:55,556 [ERROR] LogOutputStream:75 - [STDERR_REDIRECT] 
2026-03-23 09:48:56,579 [ERROR] LogOutputStream:75 - [STDERR_REDIRECT] [Fatal Error] :1:1: Premature end of file.
2026-03-23 09:48:56,579 [ERROR] LogOutputStream:75 - [STDERR_REDIRECT] 
2026-03-23 09:48:57,554 [ERROR] LogOutputStream:75 - [STDERR_REDIRECT] [Fatal Error] :1:1: Premature end of file.
2026-03-23 09:48:57,556 [ERROR] LogOutputStream:75 - [STDERR_REDIRECT] 
2026-03-23 09:48:58,564 [ERROR] LogOutputStream:75 - [STDERR_REDIRECT] [Fatal Error] :1:1: Premature end of file.
2026-03-23 09:48:58,565 [ERROR] LogOutputStream:75 - [STDERR_REDIRECT] 
2026-03-23 09:48:59,625 [ERROR] LogOutputStream:75 - [STDERR_REDIRECT] [Fatal Error] :1:1: Premature end of file.
2026-03-23 09:48:59,626 [ERROR] LogOutputStream:75 - [STDERR_REDIRECT] 
2026-03-23 09:49:00,556 [ERROR] LogOutputStream:75 - [STDERR_REDIRECT] [Fatal Error] :1:1: Premature end of file.
2026-03-23 09:49:00,556 [ERROR] LogOutputStream:75 - [STDERR_REDIRECT] 
2026-03-23 09:49:01,561 [ERROR] LogOutputStream:75 - [STDERR_REDIRECT] [Fatal Error] :1:1: Premature end of file.
2026-03-23 09:49:01,561 [ERROR] LogOutputStream:75 - [STDERR_REDIRECT] 
2026-03-23 09:49:02,554 [ERROR] LogOutputStream:75 - [STDERR_REDIRECT] [Fatal Error] :1:1: Premature end of file.
2026-03-23 09:49:02,554 [ERROR] LogOutputStream:75 - [STDERR_REDIRECT] 
2026-03-23 09:49:03,540 [ERROR] LogOutputStream:75 - [STDERR_REDIRECT] [Fatal Error] :1:1: Premature end of file.
2026-03-23 09:49:03,540 [ERROR] LogOutputStream:75 - [STDERR_REDIRECT] 
2026-03-23 09:49:04,559 [ERROR] LogOutputStream:75 - [STDERR_REDIRECT] [Fatal Error] :1:1: Premature end of file.
2026-03-23 09:49:04,560 [ERROR] LogOutputStream:75 - [STDERR_REDIRECT] 
2026-03-23 09:49:05,551 [ERROR] LogOutputStream:75 - [STDERR_REDIRECT] [Fatal Error] :1:1: Premature end of file.
2026-03-23 09:49:05,551 [ERROR] LogOutputStream:75 - [STDERR_REDIRECT] 
2026-03-23 09:49:06,543 [ERROR] LogOutputStream:75 - [STDERR_REDIRECT] [Fatal Error] :1:1: Premature end of file.
2026-03-23 09:49:06,543 [ERROR] LogOutputStream:75 - [STDERR_REDIRECT] 
2026-03-23 09:49:07,553 [ERROR] LogOutputStream:75 - [STDERR_REDIRECT] [Fatal Error] :1:1: Premature end of file.
2026-03-23 09:49:07,553 [ERROR] LogOutputStream:75 - [STDERR_REDIRECT] 
2026-03-23 09:49:08,557 [ERROR] LogOutputStream:75 - [STDERR_REDIRECT] [Fatal Error] :1:1: Premature end of file.
2026-03-23 09:49:08,558 [ERROR] LogOutputStream:75 - [STDERR_REDIRECT] 
2026-03-23 09:49:09,549 [ERROR] LogOutputStream:75 - [STDERR_REDIRECT] [Fatal Error] :1:1: Premature end of file.
2026-03-23 09:49:09,550 [ERROR] LogOutputStream:75 - [STDERR_REDIRECT] 
2026-03-23 09:49:10,555 [ERROR] LogOutputStream:75 - [STDERR_REDIRECT] [Fatal Error] :1:1: Premature end of file.
2026-03-23 09:49:10,555 [ERROR] LogOutputStream:75 - [STDERR_REDIRECT] 
2026-03-23 09:49:11,547 [ERROR] LogOutputStream:75 - [STDERR_REDIRECT] [Fatal Error] :1:1: Premature end of file.
2026-03-23 09:49:11,547 [ERROR] LogOutputStream:75 - [STDERR_REDIRECT] 
2026-03-23 09:49:12,551 [ERROR] LogOutputStream:75 - [STDERR_REDIRECT] [Fatal Error] :1:1: Premature end of file.
2026-03-23 09:49:12,551 [ERROR] LogOutputStream:75 - [STDERR_REDIRECT] 
2026-03-23 09:49:13,556 [ERROR] LogOutputStream:75 - [STDERR_REDIRECT] [Fatal Error] :1:1: Premature end of file.
2026-03-23 09:49:13,557 [ERROR] LogOutputStream:75 - [STDERR_REDIRECT] 
2026-03-23 09:49:14,552 [ERROR] LogOutputStream:75 - [STDERR_REDIRECT] [Fatal Error] :1:1: Premature end of file.
2026-03-23 09:49:14,552 [ERROR] LogOutputStream:75 - [STDERR_REDIRECT] 
2026-03-23 09:49:15,552 [ERROR] LogOutputStream:75 - [STDERR_REDIRECT] [Fatal Error] :1:1: Premature end of file.
2026-03-23 09:49:15,553 [ERROR] LogOutputStream:75 - [STDERR_REDIRECT] 
2026-03-23 09:49:16,551 [ERROR] LogOutputStream:75 - [STDERR_REDIRECT] [Fatal Error] :1:1: Premature end of file.
2026-03-23 09:49:16,551 [ERROR] LogOutputStream:75 - [STDERR_REDIRECT] 
2026-03-23 09:49:17,538 [ERROR] LogOutputStream:75 - [STDERR_REDIRECT] [Fatal Error] :1:1: Premature end of file.
2026-03-23 09:49:17,538 [ERROR] LogOutputStream:75 - [STDERR_REDIRECT] 
2026-03-23 09:49:18,550 [ERROR] LogOutputStream:75 - [STDERR_REDIRECT] [Fatal Error] :1:1: Premature end of file.
2026-03-23 09:49:18,550 [ERROR] LogOutputStream:75 - [STDERR_REDIRECT] 
2026-03-23 09:49:19,544 [ERROR] LogOutputStream:75 - [STDERR_REDIRECT] [Fatal Error] :1:1: Premature end of file.
2026-03-23 09:49:19,544 [ERROR] LogOutputStream:75 - [STDERR_REDIRECT] 
2026-03-23 09:49:20,544 [ERROR] LogOutputStream:75 - [STDERR_REDIRECT] [Fatal Error] :1:1: Premature end of file.
2026-03-23 09:49:20,545 [ERROR] LogOutputStream:75 - [STDERR_REDIRECT] 
2026-03-23 09:49:21,538 [ERROR] LogOutputStream:75 - [STDERR_REDIRECT] [Fatal Error] :1:1: Premature end of file.
2026-03-23 09:49:21,539 [ERROR] LogOutputStream:75 - [STDERR_REDIRECT] 
2026-03-23 09:49:22,548 [ERROR] LogOutputStream:75 - [STDERR_REDIRECT] [Fatal Error] :1:1: Premature end of file.
2026-03-23 09:49:22,548 [ERROR] LogOutputStream:75 - [STDERR_REDIRECT] 
2026-03-23 09:49:23,572 [ERROR] LogOutputStream:75 - [STDERR_REDIRECT] [Fatal Error] :1:1: Premature end of file.
2026-03-23 09:49:23,572 [ERROR] LogOutputStream:75 - [STDERR_REDIRECT] 
2026-03-23 09:49:24,534 [ERROR] LogOutputStream:75 - [STDERR_REDIRECT] [Fatal Error] :1:1: Premature end of file.
2026-03-23 09:49:24,534 [ERROR] LogOutputStream:75 - [STDERR_REDIRECT] 
2026-03-23 09:49:25,551 [ERROR] LogOutputStream:75 - [STDERR_REDIRECT] [Fatal Error] :1:1: Premature end of file.
2026-03-23 09:49:25,551 [ERROR] LogOutputStream:75 - [STDERR_REDIRECT] 
2026-03-23 09:49:26,537 [ERROR] LogOutputStream:75 - [STDERR_REDIRECT] [Fatal Error] :1:1: Premature end of file.
2026-03-23 09:49:26,539 [ERROR] LogOutputStream:75 - [STDERR_REDIRECT] 
2026-03-23 09:49:27,542 [ERROR] LogOutputStream:75 - [STDERR_REDIRECT] [Fatal Error] :1:1: Premature end of file.
2026-03-23 09:49:27,544 [ERROR] LogOutputStream:75 - [STDERR_REDIRECT] 
2026-03-23 09:49:28,539 [ERROR] LogOutputStream:75 - [STDERR_REDIRECT] [Fatal Error] :1:1: Premature end of file.
2026-03-23 09:49:28,540 [ERROR] LogOutputStream:75 - [STDERR_REDIRECT] 
2026-03-23 09:49:29,538 [ERROR] LogOutputStream:75 - [STDERR_REDIRECT] [Fatal Error] :1:1: Premature end of file.
2026-03-23 09:49:29,538 [ERROR] LogOutputStream:75 - [STDERR_REDIRECT] 
2026-03-23 09:49:30,547 [ERROR] LogOutputStream:75 - [STDERR_REDIRECT] [Fatal Error] :1:1: Premature end of file.
2026-03-23 09:49:30,547 [ERROR] LogOutputStream:75 - [STDERR_REDIRECT] 
2026-03-23 09:49:31,542 [ERROR] LogOutputStream:75 - [STDERR_REDIRECT] [Fatal Error] :1:1: Premature end of file.
2026-03-23 09:49:31,542 [ERROR] LogOutputStream:75 - [STDERR_REDIRECT] 
2026-03-23 09:49:32,539 [ERROR] LogOutputStream:75 - [STDERR_REDIRECT] [Fatal Error] :1:1: Premature end of file.
2026-03-23 09:49:32,539 [ERROR] LogOutputStream:75 - [STDERR_REDIRECT] 
2026-03-23 09:49:33,548 [ERROR] LogOutputStream:75 - [STDERR_REDIRECT] [Fatal Error] :1:1: Premature end of file.
2026-03-23 09:49:33,548 [ERROR] LogOutputStream:75 - [STDERR_REDIRECT] 
2026-03-23 09:49:34,543 [ERROR] LogOutputStream:75 - [STDERR_REDIRECT] [Fatal Error] :1:1: Premature end of file.
2026-03-23 09:49:34,543 [ERROR] LogOutputStream:75 - [STDERR_REDIRECT] 
2026-03-23 09:49:35,540 [ERROR] LogOutputStream:75 - [STDERR_REDIRECT] [Fatal Error] :1:1: Premature end of file.
2026-03-23 09:49:35,541 [ERROR] LogOutputStream:75 - [STDERR_REDIRECT] 
2026-03-23 09:49:36,549 [ERROR] LogOutputStream:75 - [STDERR_REDIRECT] [Fatal Error] :1:1: Premature end of file.
2026-03-23 09:49:36,549 [ERROR] LogOutputStream:75 - [STDERR_REDIRECT] 
2026-03-23 09:49:37,543 [ERROR] LogOutputStream:75 - [STDERR_REDIRECT] [Fatal Error] :1:1: Premature end of file.
2026-03-23 09:49:37,543 [ERROR] LogOutputStream:75 - [STDERR_REDIRECT] 
2026-03-23 09:49:38,535 [ERROR] LogOutputStream:75 - [STDERR_REDIRECT] [Fatal Error] :1:1: Premature end of file.
2026-03-23 09:49:38,536 [ERROR] LogOutputStream:75 - [STDERR_REDIRECT] 
2026-03-23 09:49:39,544 [ERROR] LogOutputStream:75 - [STDERR_REDIRECT] [Fatal Error] :1:1: Premature end of file.
2026-03-23 09:49:39,544 [ERROR] LogOutputStream:75 - [STDERR_REDIRECT] 
2026-03-23 09:49:40,542 [ERROR] LogOutputStream:75 - [STDERR_REDIRECT] [Fatal Error] :1:1: Premature end of file.
2026-03-23 09:49:40,542 [ERROR] LogOutputStream:75 - [STDERR_REDIRECT] 
2026-03-23 09:49:41,537 [ERROR] LogOutputStream:75 - [STDERR_REDIRECT] [Fatal Error] :1:1: Premature end of file.
2026-03-23 09:49:41,537 [ERROR] LogOutputStream:75 - [STDERR_REDIRECT] 
2026-03-23 09:49:42,553 [ERROR] LogOutputStream:75 - [STDERR_REDIRECT] [Fatal Error] :1:1: Premature end of file.
2026-03-23 09:49:42,553 [ERROR] LogOutputStream:75 - [STDERR_REDIRECT] 
2026-03-23 09:49:43,583 [ERROR] LogOutputStream:75 - [STDERR_REDIRECT] [Fatal Error] :1:1: Premature end of file.
2026-03-23 09:49:43,583 [ERROR] LogOutputStream:75 - [STDERR_REDIRECT] 
2026-03-23 09:49:44,538 [ERROR] LogOutputStream:75 - [STDERR_REDIRECT] [Fatal Error] :1:1: Premature end of file.
2026-03-23 09:49:44,538 [ERROR] LogOutputStream:75 - [STDERR_REDIRECT] 
2026-03-23 09:49:45,552 [ERROR] LogOutputStream:75 - [STDERR_REDIRECT] [Fatal Error] :1:1: Premature end of file.
2026-03-23 09:49:45,552 [ERROR] LogOutputStream:75 - [STDERR_REDIRECT] 
2026-03-23 09:49:46,549 [ERROR] LogOutputStream:75 - [STDERR_REDIRECT] [Fatal Error] :1:1: Premature end of file.
2026-03-23 09:49:46,549 [ERROR] LogOutputStream:75 - [STDERR_REDIRECT] 
2026-03-23 09:49:47,544 [ERROR] LogOutputStream:75 - [STDERR_REDIRECT] [Fatal Error] :1:1: Premature end of file.
2026-03-23 09:49:47,544 [ERROR] LogOutputStream:75 - [STDERR_REDIRECT] 
2026-03-23 09:49:48,541 [ERROR] LogOutputStream:75 - [STDERR_REDIRECT] [Fatal Error] :1:1: Premature end of file.
2026-03-23 09:49:48,541 [ERROR] LogOutputStream:75 - [STDERR_REDIRECT] 
2026-03-23 09:49:49,536 [ERROR] LogOutputStream:75 - [STDERR_REDIRECT] [Fatal Error] :1:1: Premature end of file.
2026-03-23 09:49:49,537 [ERROR] LogOutputStream:75 - [STDERR_REDIRECT] 
2026-03-23 09:49:50,538 [ERROR] LogOutputStream:75 - [STDERR_REDIRECT] [Fatal Error] :1:1: Premature end of file.
2026-03-23 09:49:50,538 [ERROR] LogOutputStream:75 - [STDERR_REDIRECT] 
2026-03-23 09:49:51,551 [ERROR] LogOutputStream:75 - [STDERR_REDIRECT] [Fatal Error] :1:1: Premature end of file.
2026-03-23 09:49:51,551 [ERROR] LogOutputStream:75 - [STDERR_REDIRECT] 
2026-03-23 09:49:52,548 [ERROR] LogOutputStream:75 - [STDERR_REDIRECT] [Fatal Error] :1:1: Premature end of file.
2026-03-23 09:49:52,548 [ERROR] LogOutputStream:75 - [STDERR_REDIRECT] 
2026-03-23 09:49:53,548 [ERROR] LogOutputStream:75 - [STDERR_REDIRECT] [Fatal Error] :1:1: Premature end of file.
2026-03-23 09:49:53,549 [ERROR] LogOutputStream:75 - [STDERR_REDIRECT] 
2026-03-23 09:49:54,539 [ERROR] LogOutputStream:75 - [STDERR_REDIRECT] [Fatal Error] :1:1: Premature end of file.
2026-03-23 09:49:54,539 [ERROR] LogOutputStream:75 - [STDERR_REDIRECT] 
2026-03-23 09:49:55,536 [ERROR] LogOutputStream:75 - [STDERR_REDIRECT] [Fatal Error] :1:1: Premature end of file.
2026-03-23 09:49:55,536 [ERROR] LogOutputStream:75 - [STDERR_REDIRECT] 
2026-03-23 09:49:56,538 [ERROR] LogOutputStream:75 - [STDERR_REDIRECT] [Fatal Error] :1:1: Premature end of file.
2026-03-23 09:49:56,539 [ERROR] LogOutputStream:75 - [STDERR_REDIRECT] 
2026-03-23 09:49:57,533 [ERROR] LogOutputStream:75 - [STDERR_REDIRECT] [Fatal Error] :1:1: Premature end of file.
2026-03-23 09:49:57,533 [ERROR] LogOutputStream:75 - [STDERR_REDIRECT] 
2026-03-23 09:49:58,534 [ERROR] LogOutputStream:75 - [STDERR_REDIRECT] [Fatal Error] :1:1: Premature end of file.
2026-03-23 09:49:58,534 [ERROR] LogOutputStream:75 - [STDERR_REDIRECT] 
2026-03-23 09:49:59,545 [ERROR] LogOutputStream:75 - [STDERR_REDIRECT] [Fatal Error] :1:1: Premature end of file.
2026-03-23 09:49:59,545 [ERROR] LogOutputStream:75 - [STDERR_REDIRECT] 
2026-03-23 09:50:00,540 [ERROR] LogOutputStream:75 - [STDERR_REDIRECT] [Fatal Error] :1:1: Premature end of file.
2026-03-23 09:50:00,541 [ERROR] LogOutputStream:75 - [STDERR_REDIRECT] 
2026-03-23 09:50:01,554 [ERROR] LogOutputStream:75 - [STDERR_REDIRECT] [Fatal Error] :1:1: Premature end of file.
2026-03-23 09:50:01,555 [ERROR] LogOutputStream:75 - [STDERR_REDIRECT] 
2026-03-23 09:50:02,552 [ERROR] LogOutputStream:75 - [STDERR_REDIRECT] [Fatal Error] :1:1: Premature end of file.
2026-03-23 09:50:02,552 [ERROR] LogOutputStream:75 - [STDERR_REDIRECT] 
2026-03-23 09:50:03,542 [ERROR] LogOutputStream:75 - [STDERR_REDIRECT] [Fatal Error] :1:1: Premature end of file.
2026-03-23 09:50:03,542 [ERROR] LogOutputStream:75 - [STDERR_REDIRECT] 
2026-03-23 09:50:04,537 [ERROR] LogOutputStream:75 - [STDERR_REDIRECT] [Fatal Error] :1:1: Premature end of file.
2026-03-23 09:50:04,537 [ERROR] LogOutputStream:75 - [STDERR_REDIRECT] 
2026-03-23 09:50:05,547 [ERROR] LogOutputStream:75 - [STDERR_REDIRECT] [Fatal Error] :1:1: Premature end of file.
2026-03-23 09:50:05,547 [ERROR] LogOutputStream:75 - [STDERR_REDIRECT] 
2026-03-23 09:50:06,541 [ERROR] LogOutputStream:75 - [STDERR_REDIRECT] [Fatal Error] :1:1: Premature end of file.
2026-03-23 09:50:06,542 [ERROR] LogOutputStream:75 - [STDERR_REDIRECT] 
2026-03-23 09:50:07,535 [ERROR] LogOutputStream:75 - [STDERR_REDIRECT] [Fatal Error] :1:1: Premature end of file.
2026-03-23 09:50:07,535 [ERROR] LogOutputStream:75 - [STDERR_REDIRECT] 
2026-03-23 09:50:08,532 [ERROR] LogOutputStream:75 - [STDERR_REDIRECT] [Fatal Error] :1:1: Premature end of file.
2026-03-23 09:50:08,533 [ERROR] LogOutputStream:75 - [STDERR_REDIRECT] 
2026-03-23 09:50:09,546 [ERROR] LogOutputStream:75 - [STDERR_REDIRECT] [Fatal Error] :1:1: Premature end of file.
2026-03-23 09:50:09,546 [ERROR] LogOutputStream:75 - [STDERR_REDIRECT] 
2026-03-23 09:50:10,549 [ERROR] LogOutputStream:75 - [STDERR_REDIRECT] [Fatal Error] :1:1: Premature end of file.
2026-03-23 09:50:10,549 [ERROR] LogOutputStream:75 - [STDERR_REDIRECT] 
2026-03-23 09:50:11,538 [ERROR] LogOutputStream:75 - [STDERR_REDIRECT] [Fatal Error] :1:1: Premature end of file.
2026-03-23 09:50:11,538 [ERROR] LogOutputStream:75 - [STDERR_REDIRECT] 
2026-03-23 09:50:12,532 [ERROR] LogOutputStream:75 - [STDERR_REDIRECT] [Fatal Error] :1:1: Premature end of file.
2026-03-23 09:50:12,532 [ERROR] LogOutputStream:75 - [STDERR_REDIRECT] 
2026-03-23 09:50:13,543 [ERROR] LogOutputStream:75 - [STDERR_REDIRECT] [Fatal Error] :1:1: Premature end of file.
2026-03-23 09:50:13,543 [ERROR] LogOutputStream:75 - [STDERR_REDIRECT] 
2026-03-23 09:50:14,534 [ERROR] LogOutputStream:75 - [STDERR_REDIRECT] [Fatal Error] :1:1: Premature end of file.
2026-03-23 09:50:14,534 [ERROR] LogOutputStream:75 - [STDERR_REDIRECT] 
2026-03-23 09:50:15,539 [ERROR] LogOutputStream:75 - [STDERR_REDIRECT] [Fatal Error] :1:1: Premature end of file.
2026-03-23 09:50:15,540 [ERROR] LogOutputStream:75 - [STDERR_REDIRECT] 
2026-03-23 09:50:16,538 [ERROR] LogOutputStream:75 - [STDERR_REDIRECT] [Fatal Error] :1:1: Premature end of file.
2026-03-23 09:50:16,539 [ERROR] LogOutputStream:75 - [STDERR_REDIRECT] 
2026-03-23 09:50:17,536 [ERROR] LogOutputStream:75 - [STDERR_REDIRECT] [Fatal Error] :1:1: Premature end of file.
2026-03-23 09:50:17,536 [ERROR] LogOutputStream:75 - [STDERR_REDIRECT] 
2026-03-23 09:50:18,545 [ERROR] LogOutputStream:75 - [STDERR_REDIRECT] [Fatal Error] :1:1: Premature end of file.
2026-03-23 09:50:18,545 [ERROR] LogOutputStream:75 - [STDERR_REDIRECT] 
2026-03-23 09:50:19,535 [ERROR] LogOutputStream:75 - [STDERR_REDIRECT] [Fatal Error] :1:1: Premature end of file.
2026-03-23 09:50:19,535 [ERROR] LogOutputStream:75 - [STDERR_REDIRECT] 
2026-03-23 09:50:20,540 [ERROR] LogOutputStream:75 - [STDERR_REDIRECT] [Fatal Error] :1:1: Premature end of file.
2026-03-23 09:50:20,540 [ERROR] LogOutputStream:75 - [STDERR_REDIRECT] 
2026-03-23 09:50:21,552 [ERROR] LogOutputStream:75 - [STDERR_REDIRECT] [Fatal Error] :1:1: Premature end of file.
2026-03-23 09:50:21,552 [ERROR] LogOutputStream:75 - [STDERR_REDIRECT] 
2026-03-23 09:50:22,536 [ERROR] LogOutputStream:75 - [STDERR_REDIRECT] [Fatal Error] :1:1: Premature end of file.
2026-03-23 09:50:22,537 [ERROR] LogOutputStream:75 - [STDERR_REDIRECT] 
2026-03-23 09:50:23,543 [ERROR] LogOutputStream:75 - [STDERR_REDIRECT] [Fatal Error] :1:1: Premature end of file.
2026-03-23 09:50:23,543 [ERROR] LogOutputStream:75 - [STDERR_REDIRECT] 
2026-03-23 09:50:24,540 [ERROR] LogOutputStream:75 - [STDERR_REDIRECT] [Fatal Error] :1:1: Premature end of file.
2026-03-23 09:50:24,541 [ERROR] LogOutputStream:75 - [STDERR_REDIRECT] 
2026-03-23 09:50:25,532 [ERROR] LogOutputStream:75 - [STDERR_REDIRECT] [Fatal Error] :1:1: Premature end of file.
2026-03-23 09:50:25,532 [ERROR] LogOutputStream:75 - [STDERR_REDIRECT] 
2026-03-23 09:50:26,547 [ERROR] LogOutputStream:75 - [STDERR_REDIRECT] [Fatal Error] :1:1: Premature end of file.
2026-03-23 09:50:26,547 [ERROR] LogOutputStream:75 - [STDERR_REDIRECT] 
2026-03-23 09:50:27,549 [ERROR] LogOutputStream:75 - [STDERR_REDIRECT] [Fatal Error] :1:1: Premature end of file.
2026-03-23 09:50:27,549 [ERROR] LogOutputStream:75 - [STDERR_REDIRECT] 
2026-03-23 09:50:28,545 [ERROR] LogOutputStream:75 - [STDERR_REDIRECT] [Fatal Error] :1:1: Premature end of file.
2026-03-23 09:50:28,545 [ERROR] LogOutputStream:75 - [STDERR_REDIRECT] 
2026-03-23 09:50:29,545 [ERROR] LogOutputStream:75 - [STDERR_REDIRECT] [Fatal Error] :1:1: Premature end of file.
2026-03-23 09:50:29,545 [ERROR] LogOutputStream:75 - [STDERR_REDIRECT] 
2026-03-23 09:50:30,540 [ERROR] LogOutputStream:75 - [STDERR_REDIRECT] [Fatal Error] :1:1: Premature end of file.
2026-03-23 09:50:30,541 [ERROR] LogOutputStream:75 - [STDERR_REDIRECT] 
2026-03-23 09:50:31,546 [ERROR] LogOutputStream:75 - [STDERR_REDIRECT] [Fatal Error] :1:1: Premature end of file.
2026-03-23 09:50:31,546 [ERROR] LogOutputStream:75 - [STDERR_REDIRECT] 
2026-03-23 09:50:32,542 [ERROR] LogOutputStream:75 - [STDERR_REDIRECT] [Fatal Error] :1:1: Premature end of file.
2026-03-23 09:50:32,542 [ERROR] LogOutputStream:75 - [STDERR_REDIRECT] 
2026-03-23 09:50:33,539 [ERROR] LogOutputStream:75 - [STDERR_REDIRECT] [Fatal Error] :1:1: Premature end of file.
2026-03-23 09:50:33,539 [ERROR] LogOutputStream:75 - [STDERR_REDIRECT] 
2026-03-23 09:50:34,545 [ERROR] LogOutputStream:75 - [STDERR_REDIRECT] [Fatal Error] :1:1: Premature end of file.
2026-03-23 09:50:34,545 [ERROR] LogOutputStream:75 - [STDERR_REDIRECT] 
2026-03-23 09:50:35,541 [ERROR] LogOutputStream:75 - [STDERR_REDIRECT] [Fatal Error] :1:1: Premature end of file.
2026-03-23 09:50:35,541 [ERROR] LogOutputStream:75 - [STDERR_REDIRECT] 
2026-03-23 09:50:36,534 [ERROR] LogOutputStream:75 - [STDERR_REDIRECT] [Fatal Error] :1:1: Premature end of file.
2026-03-23 09:50:36,534 [ERROR] LogOutputStream:75 - [STDERR_REDIRECT] 
2026-03-23 09:50:37,533 [ERROR] LogOutputStream:75 - [STDERR_REDIRECT] [Fatal Error] :1:1: Premature end of file.
2026-03-23 09:50:37,533 [ERROR] LogOutputStream:75 - [STDERR_REDIRECT] 
2026-03-23 09:50:38,545 [ERROR] LogOutputStream:75 - [STDERR_REDIRECT] [Fatal Error] :1:1: Premature end of file.
2026-03-23 09:50:38,545 [ERROR] LogOutputStream:75 - [STDERR_REDIRECT] 
2026-03-23 09:50:39,537 [ERROR] LogOutputStream:75 - [STDERR_REDIRECT] [Fatal Error] :1:1: Premature end of file.
2026-03-23 09:50:39,538 [ERROR] LogOutputStream:75 - [STDERR_REDIRECT] 
2026-03-23 09:50:40,534 [ERROR] LogOutputStream:75 - [STDERR_REDIRECT] [Fatal Error] :1:1: Premature end of file.
2026-03-23 09:50:40,534 [ERROR] LogOutputStream:75 - [STDERR_REDIRECT] 
2026-03-23 09:50:41,544 [ERROR] LogOutputStream:75 - [STDERR_REDIRECT] [Fatal Error] :1:1: Premature end of file.
2026-03-23 09:50:41,544 [ERROR] LogOutputStream:75 - [STDERR_REDIRECT] 
2026-03-23 09:50:42,535 [ERROR] LogOutputStream:75 - [STDERR_REDIRECT] [Fatal Error] :1:1: Premature end of file.
2026-03-23 09:50:42,535 [ERROR] LogOutputStream:75 - [STDERR_REDIRECT] 
2026-03-23 09:50:43,543 [ERROR] LogOutputStream:75 - [STDERR_REDIRECT] [Fatal Error] :1:1: Premature end of file.
2026-03-23 09:50:43,544 [ERROR] LogOutputStream:75 - [STDERR_REDIRECT] 
2026-03-23 09:50:44,539 [ERROR] LogOutputStream:75 - [STDERR_REDIRECT] [Fatal Error] :1:1: Premature end of file.
2026-03-23 09:50:44,539 [ERROR] LogOutputStream:75 - [STDERR_REDIRECT] 
2026-03-23 09:50:45,532 [ERROR] LogOutputStream:75 - [STDERR_REDIRECT] [Fatal Error] :1:1: Premature end of file.
2026-03-23 09:50:45,532 [ERROR] LogOutputStream:75 - [STDERR_REDIRECT] 
2026-03-23 09:50:46,543 [ERROR] LogOutputStream:75 - [STDERR_REDIRECT] [Fatal Error] :1:1: Premature end of file.
2026-03-23 09:50:46,543 [ERROR] LogOutputStream:75 - [STDERR_REDIRECT] 
2026-03-23 09:50:47,537 [ERROR] LogOutputStream:75 - [STDERR_REDIRECT] [Fatal Error] :1:1: Premature end of file.
2026-03-23 09:50:47,537 [ERROR] LogOutputStream:75 - [STDERR_REDIRECT] 
2026-03-23 09:50:48,536 [ERROR] LogOutputStream:75 - [STDERR_REDIRECT] [Fatal Error] :1:1: Premature end of file.
2026-03-23 09:50:48,536 [ERROR] LogOutputStream:75 - [STDERR_REDIRECT] 
2026-03-23 09:50:49,545 [ERROR] LogOutputStream:75 - [STDERR_REDIRECT] [Fatal Error] :1:1: Premature end of file.
2026-03-23 09:50:49,546 [ERROR] LogOutputStream:75 - [STDERR_REDIRECT] 
2026-03-23 09:50:50,541 [ERROR] LogOutputStream:75 - [STDERR_REDIRECT] [Fatal Error] :1:1: Premature end of file.
2026-03-23 09:50:50,541 [ERROR] LogOutputStream:75 - [STDERR_REDIRECT] 
2026-03-23 09:50:51,539 [ERROR] LogOutputStream:75 - [STDERR_REDIRECT] [Fatal Error] :1:1: Premature end of file.
2026-03-23 09:50:51,539 [ERROR] LogOutputStream:75 - [STDERR_REDIRECT] 
2026-03-23 09:50:52,548 [ERROR] LogOutputStream:75 - [STDERR_REDIRECT] [Fatal Error] :1:1: Premature end of file.
2026-03-23 09:50:52,548 [ERROR] LogOutputStream:75 - [STDERR_REDIRECT] 
2026-03-23 09:50:53,545 [ERROR] LogOutputStream:75 - [STDERR_REDIRECT] [Fatal Error] :1:1: Premature end of file.
2026-03-23 09:50:53,545 [ERROR] LogOutputStream:75 - [STDERR_REDIRECT] 
2026-03-23 09:50:54,541 [ERROR] LogOutputStream:75 - [STDERR_REDIRECT] [Fatal Error] :1:1: Premature end of file.
2026-03-23 09:50:54,541 [ERROR] LogOutputStream:75 - [STDERR_REDIRECT] 
2026-03-23 09:50:55,537 [ERROR] LogOutputStream:75 - [STDERR_REDIRECT] [Fatal Error] :1:1: Premature end of file.
2026-03-23 09:50:55,537 [ERROR] LogOutputStream:75 - [STDERR_REDIRECT] 
2026-03-23 09:50:56,543 [ERROR] LogOutputStream:75 - [STDERR_REDIRECT] [Fatal Error] :1:1: Premature end of file.
2026-03-23 09:50:56,543 [ERROR] LogOutputStream:75 - [STDERR_REDIRECT] 
2026-03-23 09:50:57,534 [ERROR] LogOutputStream:75 - [STDERR_REDIRECT] [Fatal Error] :1:1: Premature end of file.
2026-03-23 09:50:57,535 [ERROR] LogOutputStream:75 - [STDERR_REDIRECT] 
2026-03-23 09:50:58,547 [ERROR] LogOutputStream:75 - [STDERR_REDIRECT] [Fatal Error] :1:1: Premature end of file.
2026-03-23 09:50:58,548 [ERROR] LogOutputStream:75 - [STDERR_REDIRECT] 
2026-03-23 09:50:59,543 [ERROR] LogOutputStream:75 - [STDERR_REDIRECT] [Fatal Error] :1:1: Premature end of file.
2026-03-23 09:50:59,543 [ERROR] LogOutputStream:75 - [STDERR_REDIRECT] 
2026-03-23 09:51:00,539 [ERROR] LogOutputStream:75 - [STDERR_REDIRECT] [Fatal Error] :1:1: Premature end of file.
2026-03-23 09:51:00,539 [ERROR] LogOutputStream:75 - [STDERR_REDIRECT] 
2026-03-23 09:51:01,535 [ERROR] LogOutputStream:75 - [STDERR_REDIRECT] [Fatal Error] :1:1: Premature end of file.
2026-03-23 09:51:01,535 [ERROR] LogOutputStream:75 - [STDERR_REDIRECT] 
2026-03-23 09:51:02,548 [ERROR] LogOutputStream:75 - [STDERR_REDIRECT] [Fatal Error] :1:1: Premature end of file.
2026-03-23 09:51:02,548 [ERROR] LogOutputStream:75 - [STDERR_REDIRECT] 
2026-03-23 09:51:03,540 [ERROR] LogOutputStream:75 - [STDERR_REDIRECT] [Fatal Error] :1:1: Premature end of file.
2026-03-23 09:51:03,540 [ERROR] LogOutputStream:75 - [STDERR_REDIRECT] 
2026-03-23 09:51:04,542 [ERROR] LogOutputStream:75 - [STDERR_REDIRECT] [Fatal Error] :1:1: Premature end of file.
2026-03-23 09:51:04,544 [ERROR] LogOutputStream:75 - [STDERR_REDIRECT] 
2026-03-23 09:51:05,541 [ERROR] LogOutputStream:75 - [STDERR_REDIRECT] [Fatal Error] :1:1: Premature end of file.
2026-03-23 09:51:05,541 [ERROR] LogOutputStream:75 - [STDERR_REDIRECT] 
2026-03-23 09:51:06,538 [ERROR] LogOutputStream:75 - [STDERR_REDIRECT] [Fatal Error] :1:1: Premature end of file.
2026-03-23 09:51:06,538 [ERROR] LogOutputStream:75 - [STDERR_REDIRECT] 
2026-03-23 09:51:07,545 [ERROR] LogOutputStream:75 - [STDERR_REDIRECT] [Fatal Error] :1:1: Premature end of file.
2026-03-23 09:51:07,545 [ERROR] LogOutputStream:75 - [STDERR_REDIRECT] 
2026-03-23 09:51:08,550 [ERROR] LogOutputStream:75 - [STDERR_REDIRECT] [Fatal Error] :1:1: Premature end of file.
2026-03-23 09:51:08,550 [ERROR] LogOutputStream:75 - [STDERR_REDIRECT] 
2026-03-23 09:51:09,539 [ERROR] LogOutputStream:75 - [STDERR_REDIRECT] [Fatal Error] :1:1: Premature end of file.
2026-03-23 09:51:09,539 [ERROR] LogOutputStream:75 - [STDERR_REDIRECT] 
2026-03-23 09:51:10,533 [ERROR] LogOutputStream:75 - [STDERR_REDIRECT] [Fatal Error] :1:1: Premature end of file.
2026-03-23 09:51:10,533 [ERROR] LogOutputStream:75 - [STDERR_REDIRECT] 
2026-03-23 09:51:11,542 [ERROR] LogOutputStream:75 - [STDERR_REDIRECT] [Fatal Error] :1:1: Premature end of file.
2026-03-23 09:51:11,542 [ERROR] LogOutputStream:75 - [STDERR_REDIRECT] 
2026-03-23 09:51:12,537 [ERROR] LogOutputStream:75 - [STDERR_REDIRECT] [Fatal Error] :1:1: Premature end of file.
2026-03-23 09:51:12,537 [ERROR] LogOutputStream:75 - [STDERR_REDIRECT] 
2026-03-23 09:51:13,545 [ERROR] LogOutputStream:75 - [STDERR_REDIRECT] [Fatal Error] :1:1: Premature end of file.
2026-03-23 09:51:13,546 [ERROR] LogOutputStream:75 - [STDERR_REDIRECT] 
2026-03-23 09:51:14,540 [ERROR] LogOutputStream:75 - [STDERR_REDIRECT] [Fatal Error] :1:1: Premature end of file.
2026-03-23 09:51:14,540 [ERROR] LogOutputStream:75 - [STDERR_REDIRECT] 
2026-03-23 09:51:15,535 [ERROR] LogOutputStream:75 - [STDERR_REDIRECT] [Fatal Error] :1:1: Premature end of file.
2026-03-23 09:51:15,535 [ERROR] LogOutputStream:75 - [STDERR_REDIRECT] 
2026-03-23 09:51:16,531 [ERROR] LogOutputStream:75 - [STDERR_REDIRECT] [Fatal Error] :1:1: Premature end of file.
2026-03-23 09:51:16,533 [ERROR] LogOutputStream:75 - [STDERR_REDIRECT] 
2026-03-23 09:51:17,542 [ERROR] LogOutputStream:75 - [STDERR_REDIRECT] [Fatal Error] :1:1: Premature end of file.
2026-03-23 09:51:17,542 [ERROR] LogOutputStream:75 - [STDERR_REDIRECT] 
2026-03-23 09:51:18,533 [ERROR] LogOutputStream:75 - [STDERR_REDIRECT] [Fatal Error] :1:1: Premature end of file.
2026-03-23 09:51:18,533 [ERROR] LogOutputStream:75 - [STDERR_REDIRECT] 
2026-03-23 09:51:19,546 [ERROR] LogOutputStream:75 - [STDERR_REDIRECT] [Fatal Error] :1:1: Premature end of file.
2026-03-23 09:51:19,547 [ERROR] LogOutputStream:75 - [STDERR_REDIRECT] 
2026-03-23 09:51:20,538 [ERROR] LogOutputStream:75 - [STDERR_REDIRECT] [Fatal Error] :1:1: Premature end of file.
2026-03-23 09:51:20,538 [ERROR] LogOutputStream:75 - [STDERR_REDIRECT] 
2026-03-23 09:51:21,538 [ERROR] LogOutputStream:75 - [STDERR_REDIRECT] [Fatal Error] :1:1: Premature end of file.
2026-03-23 09:51:21,538 [ERROR] LogOutputStream:75 - [STDERR_REDIRECT] 
2026-03-23 09:51:22,533 [ERROR] LogOutputStream:75 - [STDERR_REDIRECT] [Fatal Error] :1:1: Premature end of file.
2026-03-23 09:51:22,533 [ERROR] LogOutputStream:75 - [STDERR_REDIRECT] 
2026-03-23 09:51:23,544 [ERROR] LogOutputStream:75 - [STDERR_REDIRECT] [Fatal Error] :1:1: Premature end of file.
2026-03-23 09:51:23,544 [ERROR] LogOutputStream:75 - [STDERR_REDIRECT] 
2026-03-23 09:51:24,537 [ERROR] LogOutputStream:75 - [STDERR_REDIRECT] [Fatal Error] :1:1: Premature end of file.
2026-03-23 09:51:24,538 [ERROR] LogOutputStream:75 - [STDERR_REDIRECT] 
2026-03-23 09:51:25,537 [ERROR] LogOutputStream:75 - [STDERR_REDIRECT] [Fatal Error] :1:1: Premature end of file.
2026-03-23 09:51:25,538 [ERROR] LogOutputStream:75 - [STDERR_REDIRECT] 
2026-03-23 09:51:26,532 [ERROR] LogOutputStream:75 - [STDERR_REDIRECT] [Fatal Error] :1:1: Premature end of file.
2026-03-23 09:51:26,532 [ERROR] LogOutputStream:75 - [STDERR_REDIRECT] 
2026-03-23 09:51:27,540 [ERROR] LogOutputStream:75 - [STDERR_REDIRECT] [Fatal Error] :1:1: Premature end of file.
2026-03-23 09:51:27,540 [ERROR] LogOutputStream:75 - [STDERR_REDIRECT] 
2026-03-23 09:51:28,538 [ERROR] LogOutputStream:75 - [STDERR_REDIRECT] [Fatal Error] :1:1: Premature end of file.
2026-03-23 09:51:28,538 [ERROR] LogOutputStream:75 - [STDERR_REDIRECT] 
2026-03-23 09:51:29,535 [ERROR] LogOutputStream:75 - [STDERR_REDIRECT] [Fatal Error] :1:1: Premature end of file.
2026-03-23 09:51:29,535 [ERROR] LogOutputStream:75 - [STDERR_REDIRECT] 
2026-03-23 09:51:30,538 [ERROR] LogOutputStream:75 - [STDERR_REDIRECT] [Fatal Error] :1:1: Premature end of file.
2026-03-23 09:51:30,538 [ERROR] LogOutputStream:75 - [STDERR_REDIRECT] 
2026-03-23 09:51:31,549 [ERROR] LogOutputStream:75 - [STDERR_REDIRECT] [Fatal Error] :1:1: Premature end of file.
2026-03-23 09:51:31,549 [ERROR] LogOutputStream:75 - [STDERR_REDIRECT] 
2026-03-23 09:51:32,541 [ERROR] LogOutputStream:75 - [STDERR_REDIRECT] [Fatal Error] :1:1: Premature end of file.
2026-03-23 09:51:32,541 [ERROR] LogOutputStream:75 - [STDERR_REDIRECT] 
2026-03-23 09:51:33,537 [ERROR] LogOutputStream:75 - [STDERR_REDIRECT] [Fatal Error] :1:1: Premature end of file.
2026-03-23 09:51:33,537 [ERROR] LogOutputStream:75 - [STDERR_REDIRECT] 
2026-03-23 09:51:34,534 [ERROR] LogOutputStream:75 - [STDERR_REDIRECT] [Fatal Error] :1:1: Premature end of file.
2026-03-23 09:51:34,534 [ERROR] LogOutputStream:75 - [STDERR_REDIRECT] 
2026-03-23 09:51:35,538 [ERROR] LogOutputStream:75 - [STDERR_REDIRECT] [Fatal Error] :1:1: Premature end of file.
2026-03-23 09:51:35,538 [ERROR] LogOutputStream:75 - [STDERR_REDIRECT] 
2026-03-23 09:51:36,547 [ERROR] LogOutputStream:75 - [STDERR_REDIRECT] [Fatal Error] :1:1: Premature end of file.
2026-03-23 09:51:36,548 [ERROR] LogOutputStream:75 - [STDERR_REDIRECT] 
2026-03-23 09:51:37,547 [ERROR] LogOutputStream:75 - [STDERR_REDIRECT] [Fatal Error] :1:1: Premature end of file.
2026-03-23 09:51:37,547 [ERROR] LogOutputStream:75 - [STDERR_REDIRECT] 
2026-03-23 09:51:38,545 [ERROR] LogOutputStream:75 - [STDERR_REDIRECT] [Fatal Error] :1:1: Premature end of file.
2026-03-23 09:51:38,545 [ERROR] LogOutputStream:75 - [STDERR_REDIRECT] 
2026-03-23 09:51:39,535 [ERROR] LogOutputStream:75 - [STDERR_REDIRECT] [Fatal Error] :1:1: Premature end of file.
2026-03-23 09:51:39,535 [ERROR] LogOutputStream:75 - [STDERR_REDIRECT] 
2026-03-23 09:51:40,533 [ERROR] LogOutputStream:75 - [STDERR_REDIRECT] [Fatal Error] :1:1: Premature end of file.
2026-03-23 09:51:40,534 [ERROR] LogOutputStream:75 - [STDERR_REDIRECT] 
2026-03-23 09:51:41,548 [ERROR] LogOutputStream:75 - [STDERR_REDIRECT] [Fatal Error] :1:1: Premature end of file.
2026-03-23 09:51:41,548 [ERROR] LogOutputStream:75 - [STDERR_REDIRECT] 
2026-03-23 09:51:42,530 [ERROR] LogOutputStream:75 - [STDERR_REDIRECT] [Fatal Error] :1:1: Premature end of file.
2026-03-23 09:51:42,531 [ERROR] LogOutputStream:75 - [STDERR_REDIRECT] 
2026-03-23 09:51:43,539 [ERROR] LogOutputStream:75 - [STDERR_REDIRECT] [Fatal Error] :1:1: Premature end of file.
2026-03-23 09:51:43,540 [ERROR] LogOutputStream:75 - [STDERR_REDIRECT] 
2026-03-23 09:51:44,538 [ERROR] LogOutputStream:75 - [STDERR_REDIRECT] [Fatal Error] :1:1: Premature end of file.
2026-03-23 09:51:44,538 [ERROR] LogOutputStream:75 - [STDERR_REDIRECT] 
2026-03-23 09:51:45,542 [ERROR] LogOutputStream:75 - [STDERR_REDIRECT] [Fatal Error] :1:1: Premature end of file.
2026-03-23 09:51:45,542 [ERROR] LogOutputStream:75 - [STDERR_REDIRECT] 
2026-03-23 09:51:46,538 [ERROR] LogOutputStream:75 - [STDERR_REDIRECT] [Fatal Error] :1:1: Premature end of file.
2026-03-23 09:51:46,539 [ERROR] LogOutputStream:75 - [STDERR_REDIRECT] 
2026-03-23 09:51:47,545 [ERROR] LogOutputStream:75 - [STDERR_REDIRECT] [Fatal Error] :1:1: Premature end of file.
2026-03-23 09:51:47,546 [ERROR] LogOutputStream:75 - [STDERR_REDIRECT] 
2026-03-23 09:51:48,538 [ERROR] LogOutputStream:75 - [STDERR_REDIRECT] [Fatal Error] :1:1: Premature end of file.
2026-03-23 09:51:48,538 [ERROR] LogOutputStream:75 - [STDERR_REDIRECT] 
2026-03-23 09:51:49,547 [ERROR] LogOutputStream:75 - [STDERR_REDIRECT] [Fatal Error] :1:1: Premature end of file.
2026-03-23 09:51:49,547 [ERROR] LogOutputStream:75 - [STDERR_REDIRECT] 
2026-03-23 09:51:50,547 [ERROR] LogOutputStream:75 - [STDERR_REDIRECT] [Fatal Error] :1:1: Premature end of file.
2026-03-23 09:51:50,547 [ERROR] LogOutputStream:75 - [STDERR_REDIRECT] 
2026-03-23 09:51:51,539 [ERROR] LogOutputStream:75 - [STDERR_REDIRECT] [Fatal Error] :1:1: Premature end of file.
2026-03-23 09:51:51,539 [ERROR] LogOutputStream:75 - [STDERR_REDIRECT] 
2026-03-23 09:51:52,541 [ERROR] LogOutputStream:75 - [STDERR_REDIRECT] [Fatal Error] :1:1: Premature end of file.
2026-03-23 09:51:52,541 [ERROR] LogOutputStream:75 - [STDERR_REDIRECT] 
2026-03-23 09:51:53,536 [ERROR] LogOutputStream:75 - [STDERR_REDIRECT] [Fatal Error] :1:1: Premature end of file.
2026-03-23 09:51:53,537 [ERROR] LogOutputStream:75 - [STDERR_REDIRECT] 
2026-03-23 09:51:54,536 [ERROR] LogOutputStream:75 - [STDERR_REDIRECT] [Fatal Error] :1:1: Premature end of file.
2026-03-23 09:51:54,536 [ERROR] LogOutputStream:75 - [STDERR_REDIRECT] 
2026-03-23 09:51:55,534 [ERROR] LogOutputStream:75 - [STDERR_REDIRECT] [Fatal Error] :1:1: Premature end of file.
2026-03-23 09:51:55,534 [ERROR] LogOutputStream:75 - [STDERR_REDIRECT] 
2026-03-23 09:51:56,539 [ERROR] LogOutputStream:75 - [STDERR_REDIRECT] [Fatal Error] :1:1: Premature end of file.
2026-03-23 09:51:56,540 [ERROR] LogOutputStream:75 - [STDERR_REDIRECT] 
2026-03-23 09:51:57,549 [ERROR] LogOutputStream:75 - [STDERR_REDIRECT] [Fatal Error] :1:1: Premature end of file.
2026-03-23 09:51:57,549 [ERROR] LogOutputStream:75 - [STDERR_REDIRECT] 
2026-03-23 09:51:58,546 [ERROR] LogOutputStream:75 - [STDERR_REDIRECT] [Fatal Error] :1:1: Premature end of file.
2026-03-23 09:51:58,546 [ERROR] LogOutputStream:75 - [STDERR_REDIRECT] 
2026-03-23 09:51:59,537 [ERROR] LogOutputStream:75 - [STDERR_REDIRECT] [Fatal Error] :1:1: Premature end of file.
2026-03-23 09:51:59,537 [ERROR] LogOutputStream:75 - [STDERR_REDIRECT] 
2026-03-23 09:52:00,535 [ERROR] LogOutputStream:75 - [STDERR_REDIRECT] [Fatal Error] :1:1: Premature end of file.
2026-03-23 09:52:00,535 [ERROR] LogOutputStream:75 - [STDERR_REDIRECT] 
2026-03-23 09:52:01,545 [ERROR] LogOutputStream:75 - [STDERR_REDIRECT] [Fatal Error] :1:1: Premature end of file.
2026-03-23 09:52:01,545 [ERROR] LogOutputStream:75 - [STDERR_REDIRECT] 
2026-03-23 09:52:02,541 [ERROR] LogOutputStream:75 - [STDERR_REDIRECT] [Fatal Error] :1:1: Premature end of file.
2026-03-23 09:52:02,541 [ERROR] LogOutputStream:75 - [STDERR_REDIRECT] 
2026-03-23 09:52:03,535 [ERROR] LogOutputStream:75 - [STDERR_REDIRECT] [Fatal Error] :1:1: Premature end of file.
2026-03-23 09:52:03,535 [ERROR] LogOutputStream:75 - [STDERR_REDIRECT] 
2026-03-23 09:52:04,549 [ERROR] LogOutputStream:75 - [STDERR_REDIRECT] [Fatal Error] :1:1: Premature end of file.
2026-03-23 09:52:04,549 [ERROR] LogOutputStream:75 - [STDERR_REDIRECT] 
2026-03-23 09:52:05,542 [ERROR] LogOutputStream:75 - [STDERR_REDIRECT] [Fatal Error] :1:1: Premature end of file.
2026-03-23 09:52:05,542 [ERROR] LogOutputStream:75 - [STDERR_REDIRECT] 
2026-03-23 09:52:06,537 [ERROR] LogOutputStream:75 - [STDERR_REDIRECT] [Fatal Error] :1:1: Premature end of file.
2026-03-23 09:52:06,537 [ERROR] LogOutputStream:75 - [STDERR_REDIRECT] 
2026-03-23 09:52:07,547 [ERROR] LogOutputStream:75 - [STDERR_REDIRECT] [Fatal Error] :1:1: Premature end of file.
2026-03-23 09:52:07,547 [ERROR] LogOutputStream:75 - [STDERR_REDIRECT] 
2026-03-23 09:52:08,549 [ERROR] LogOutputStream:75 - [STDERR_REDIRECT] [Fatal Error] :1:1: Premature end of file.
2026-03-23 09:52:08,549 [ERROR] LogOutputStream:75 - [STDERR_REDIRECT] 
2026-03-23 09:52:09,543 [ERROR] LogOutputStream:75 - [STDERR_REDIRECT] [Fatal Error] :1:1: Premature end of file.
2026-03-23 09:52:09,544 [ERROR] LogOutputStream:75 - [STDERR_REDIRECT] 
2026-03-23 09:52:10,545 [ERROR] LogOutputStream:75 - [STDERR_REDIRECT] [Fatal Error] :1:1: Premature end of file.
2026-03-23 09:52:10,546 [ERROR] LogOutputStream:75 - [STDERR_REDIRECT] 
2026-03-23 09:52:11,542 [ERROR] LogOutputStream:75 - [STDERR_REDIRECT] [Fatal Error] :1:1: Premature end of file.
2026-03-23 09:52:11,543 [ERROR] LogOutputStream:75 - [STDERR_REDIRECT] 
2026-03-23 09:52:12,541 [ERROR] LogOutputStream:75 - [STDERR_REDIRECT] [Fatal Error] :1:1: Premature end of file.
2026-03-23 09:52:12,541 [ERROR] LogOutputStream:75 - [STDERR_REDIRECT] 
2026-03-23 09:52:13,535 [ERROR] LogOutputStream:75 - [STDERR_REDIRECT] [Fatal Error] :1:1: Premature end of file.
2026-03-23 09:52:13,535 [ERROR] LogOutputStream:75 - [STDERR_REDIRECT] 
2026-03-23 09:52:14,544 [ERROR] LogOutputStream:75 - [STDERR_REDIRECT] [Fatal Error] :1:1: Premature end of file.
2026-03-23 09:52:14,545 [ERROR] LogOutputStream:75 - [STDERR_REDIRECT] 
2026-03-23 09:52:15,543 [ERROR] LogOutputStream:75 - [STDERR_REDIRECT] [Fatal Error] :1:1: Premature end of file.
2026-03-23 09:52:15,544 [ERROR] LogOutputStream:75 - [STDERR_REDIRECT] 
2026-03-23 09:52:16,535 [ERROR] LogOutputStream:75 - [STDERR_REDIRECT] [Fatal Error] :1:1: Premature end of file.
2026-03-23 09:52:16,535 [ERROR] LogOutputStream:75 - [STDERR_REDIRECT] 
2026-03-23 09:52:17,546 [ERROR] LogOutputStream:75 - [STDERR_REDIRECT] [Fatal Error] :1:1: Premature end of file.
2026-03-23 09:52:17,546 [ERROR] LogOutputStream:75 - [STDERR_REDIRECT] 
2026-03-23 09:52:18,540 [ERROR] LogOutputStream:75 - [STDERR_REDIRECT] [Fatal Error] :1:1: Premature end of file.
2026-03-23 09:52:18,540 [ERROR] LogOutputStream:75 - [STDERR_REDIRECT] 
2026-03-23 09:52:19,537 [ERROR] LogOutputStream:75 - [STDERR_REDIRECT] [Fatal Error] :1:1: Premature end of file.
2026-03-23 09:52:19,538 [ERROR] LogOutputStream:75 - [STDERR_REDIRECT] 
2026-03-23 09:52:20,535 [ERROR] LogOutputStream:75 - [STDERR_REDIRECT] [Fatal Error] :1:1: Premature end of file.
2026-03-23 09:52:20,536 [ERROR] LogOutputStream:75 - [STDERR_REDIRECT] 
2026-03-23 09:52:21,536 [ERROR] LogOutputStream:75 - [STDERR_REDIRECT] [Fatal Error] :1:1: Premature end of file.
2026-03-23 09:52:21,536 [ERROR] LogOutputStream:75 - [STDERR_REDIRECT] 
2026-03-23 09:52:22,547 [ERROR] LogOutputStream:75 - [STDERR_REDIRECT] [Fatal Error] :1:1: Premature end of file.
2026-03-23 09:52:22,548 [ERROR] LogOutputStream:75 - [STDERR_REDIRECT] 
2026-03-23 09:52:23,541 [ERROR] LogOutputStream:75 - [STDERR_REDIRECT] [Fatal Error] :1:1: Premature end of file.
2026-03-23 09:52:23,541 [ERROR] LogOutputStream:75 - [STDERR_REDIRECT] 
2026-03-23 09:52:24,540 [ERROR] LogOutputStream:75 - [STDERR_REDIRECT] [Fatal Error] :1:1: Premature end of file.
2026-03-23 09:52:24,540 [ERROR] LogOutputStream:75 - [STDERR_REDIRECT] 
2026-03-23 09:52:25,547 [ERROR] LogOutputStream:75 - [STDERR_REDIRECT] [Fatal Error] :1:1: Premature end of file.
2026-03-23 09:52:25,547 [ERROR] LogOutputStream:75 - [STDERR_REDIRECT] 
2026-03-23 09:52:26,535 [ERROR] LogOutputStream:75 - [STDERR_REDIRECT] [Fatal Error] :1:1: Premature end of file.
2026-03-23 09:52:26,536 [ERROR] LogOutputStream:75 - [STDERR_REDIRECT] 
2026-03-23 09:52:27,531 [ERROR] LogOutputStream:75 - [STDERR_REDIRECT] [Fatal Error] :1:1: Premature end of file.
2026-03-23 09:52:27,532 [ERROR] LogOutputStream:75 - [STDERR_REDIRECT] 
2026-03-23 09:52:28,533 [ERROR] LogOutputStream:75 - [STDERR_REDIRECT] [Fatal Error] :1:1: Premature end of file.
2026-03-23 09:52:28,533 [ERROR] LogOutputStream:75 - [STDERR_REDIRECT] 
2026-03-23 09:52:29,544 [ERROR] LogOutputStream:75 - [STDERR_REDIRECT] [Fatal Error] :1:1: Premature end of file.
2026-03-23 09:52:29,545 [ERROR] LogOutputStream:75 - [STDERR_REDIRECT] 
2026-03-23 09:52:30,541 [ERROR] LogOutputStream:75 - [STDERR_REDIRECT] [Fatal Error] :1:1: Premature end of file.
2026-03-23 09:52:30,541 [ERROR] LogOutputStream:75 - [STDERR_REDIRECT] 
2026-03-23 09:52:31,535 [ERROR] LogOutputStream:75 - [STDERR_REDIRECT] [Fatal Error] :1:1: Premature end of file.
2026-03-23 09:52:31,535 [ERROR] LogOutputStream:75 - [STDERR_REDIRECT] 
2026-03-23 09:52:32,544 [ERROR] LogOutputStream:75 - [STDERR_REDIRECT] [Fatal Error] :1:1: Premature end of file.
2026-03-23 09:52:32,544 [ERROR] LogOutputStream:75 - [STDERR_REDIRECT] 
2026-03-23 09:52:33,533 [ERROR] LogOutputStream:75 - [STDERR_REDIRECT] [Fatal Error] :1:1: Premature end of file.
2026-03-23 09:52:33,533 [ERROR] LogOutputStream:75 - [STDERR_REDIRECT] 
2026-03-23 09:52:34,541 [ERROR] LogOutputStream:75 - [STDERR_REDIRECT] [Fatal Error] :1:1: Premature end of file.
2026-03-23 09:52:34,541 [ERROR] LogOutputStream:75 - [STDERR_REDIRECT] 
2026-03-23 09:52:35,540 [ERROR] LogOutputStream:75 - [STDERR_REDIRECT] [Fatal Error] :1:1: Premature end of file.
2026-03-23 09:52:35,541 [ERROR] LogOutputStream:75 - [STDERR_REDIRECT] 
2026-03-23 09:52:36,537 [ERROR] LogOutputStream:75 - [STDERR_REDIRECT] [Fatal Error] :1:1: Premature end of file.
2026-03-23 09:52:36,537 [ERROR] LogOutputStream:75 - [STDERR_REDIRECT] 
2026-03-23 09:52:37,546 [ERROR] LogOutputStream:75 - [STDERR_REDIRECT] [Fatal Error] :1:1: Premature end of file.
2026-03-23 09:52:37,546 [ERROR] LogOutputStream:75 - [STDERR_REDIRECT] 
2026-03-23 09:52:38,544 [ERROR] LogOutputStream:75 - [STDERR_REDIRECT] [Fatal Error] :1:1: Premature end of file.
2026-03-23 09:52:38,544 [ERROR] LogOutputStream:75 - [STDERR_REDIRECT] 
2026-03-23 09:52:39,542 [ERROR] LogOutputStream:75 - [STDERR_REDIRECT] [Fatal Error] :1:1: Premature end of file.
2026-03-23 09:52:39,542 [ERROR] LogOutputStream:75 - [STDERR_REDIRECT] 
2026-03-23 09:52:40,542 [ERROR] LogOutputStream:75 - [STDERR_REDIRECT] [Fatal Error] :1:1: Premature end of file.
2026-03-23 09:52:40,544 [ERROR] LogOutputStream:75 - [STDERR_REDIRECT] 
2026-03-23 09:52:41,548 [ERROR] LogOutputStream:75 - [STDERR_REDIRECT] [Fatal Error] :1:1: Premature end of file.
2026-03-23 09:52:41,548 [ERROR] LogOutputStream:75 - [STDERR_REDIRECT] 
2026-03-23 09:52:42,545 [ERROR] LogOutputStream:75 - [STDERR_REDIRECT] [Fatal Error] :1:1: Premature end of file.
2026-03-23 09:52:42,545 [ERROR] LogOutputStream:75 - [STDERR_REDIRECT] 
2026-03-23 09:52:43,537 [ERROR] LogOutputStream:75 - [STDERR_REDIRECT] [Fatal Error] :1:1: Premature end of file.
2026-03-23 09:52:43,538 [ERROR] LogOutputStream:75 - [STDERR_REDIRECT] 
2026-03-23 09:52:44,548 [ERROR] LogOutputStream:75 - [STDERR_REDIRECT] [Fatal Error] :1:1: Premature end of file.
2026-03-23 09:52:44,548 [ERROR] LogOutputStream:75 - [STDERR_REDIRECT] 
2026-03-23 09:52:45,543 [ERROR] LogOutputStream:75 - [STDERR_REDIRECT] [Fatal Error] :1:1: Premature end of file.
2026-03-23 09:52:45,543 [ERROR] LogOutputStream:75 - [STDERR_REDIRECT] 
2026-03-23 09:52:46,544 [ERROR] LogOutputStream:75 - [STDERR_REDIRECT] [Fatal Error] :1:1: Premature end of file.
2026-03-23 09:52:46,544 [ERROR] LogOutputStream:75 - [STDERR_REDIRECT] 
2026-03-23 09:52:47,536 [ERROR] LogOutputStream:75 - [STDERR_REDIRECT] [Fatal Error] :1:1: Premature end of file.
2026-03-23 09:52:47,537 [ERROR] LogOutputStream:75 - [STDERR_REDIRECT] 
2026-03-23 09:52:48,533 [ERROR] LogOutputStream:75 - [STDERR_REDIRECT] [Fatal Error] :1:1: Premature end of file.
2026-03-23 09:52:48,533 [ERROR] LogOutputStream:75 - [STDERR_REDIRECT] 
2026-03-23 09:52:49,548 [ERROR] LogOutputStream:75 - [STDERR_REDIRECT] [Fatal Error] :1:1: Premature end of file.
2026-03-23 09:52:49,548 [ERROR] LogOutputStream:75 - [STDERR_REDIRECT] 
2026-03-23 09:52:50,543 [ERROR] LogOutputStream:75 - [STDERR_REDIRECT] [Fatal Error] :1:1: Premature end of file.
2026-03-23 09:52:50,544 [ERROR] LogOutputStream:75 - [STDERR_REDIRECT] 
2026-03-23 09:52:51,535 [ERROR] LogOutputStream:75 - [STDERR_REDIRECT] [Fatal Error] :1:1: Premature end of file.
2026-03-23 09:52:51,535 [ERROR] LogOutputStream:75 - [STDERR_REDIRECT] 
2026-03-23 09:52:52,546 [ERROR] LogOutputStream:75 - [STDERR_REDIRECT] [Fatal Error] :1:1: Premature end of file.
2026-03-23 09:52:52,546 [ERROR] LogOutputStream:75 - [STDERR_REDIRECT] 
2026-03-23 09:52:53,544 [ERROR] LogOutputStream:75 - [STDERR_REDIRECT] [Fatal Error] :1:1: Premature end of file.
2026-03-23 09:52:53,544 [ERROR] LogOutputStream:75 - [STDERR_REDIRECT] 
2026-03-23 09:52:54,534 [ERROR] LogOutputStream:75 - [STDERR_REDIRECT] [Fatal Error] :1:1: Premature end of file.
2026-03-23 09:52:54,534 [ERROR] LogOutputStream:75 - [STDERR_REDIRECT] 
2026-03-23 09:52:55,551 [ERROR] LogOutputStream:75 - [STDERR_REDIRECT] [Fatal Error] :1:1: Premature end of file.
2026-03-23 09:52:55,551 [ERROR] LogOutputStream:75 - [STDERR_REDIRECT] 
2026-03-23 09:52:56,531 [ERROR] LogOutputStream:75 - [STDERR_REDIRECT] [Fatal Error] :1:1: Premature end of file.
2026-03-23 09:52:56,531 [ERROR] LogOutputStream:75 - [STDERR_REDIRECT] 
2026-03-23 09:52:57,543 [ERROR] LogOutputStream:75 - [STDERR_REDIRECT] [Fatal Error] :1:1: Premature end of file.
2026-03-23 09:52:57,543 [ERROR] LogOutputStream:75 - [STDERR_REDIRECT] 
2026-03-23 09:52:58,540 [ERROR] LogOutputStream:75 - [STDERR_REDIRECT] [Fatal Error] :1:1: Premature end of file.
2026-03-23 09:52:58,540 [ERROR] LogOutputStream:75 - [STDERR_REDIRECT] 
2026-03-23 09:52:59,537 [ERROR] LogOutputStream:75 - [STDERR_REDIRECT] [Fatal Error] :1:1: Premature end of file.
2026-03-23 09:52:59,537 [ERROR] LogOutputStream:75 - [STDERR_REDIRECT] 
2026-03-23 09:53:00,554 [ERROR] LogOutputStream:75 - [STDERR_REDIRECT] [Fatal Error] :1:1: Premature end of file.
2026-03-23 09:53:00,554 [ERROR] LogOutputStream:75 - [STDERR_REDIRECT] 
2026-03-23 09:53:01,545 [ERROR] LogOutputStream:75 - [STDERR_REDIRECT] [Fatal Error] :1:1: Premature end of file.
2026-03-23 09:53:01,545 [ERROR] LogOutputStream:75 - [STDERR_REDIRECT] 
2026-03-23 09:53:02,565 [ERROR] LogOutputStream:75 - [STDERR_REDIRECT] [Fatal Error] :1:1: Premature end of file.
2026-03-23 09:53:02,565 [ERROR] LogOutputStream:75 - [STDERR_REDIRECT] 
2026-03-23 09:53:03,547 [ERROR] LogOutputStream:75 - [STDERR_REDIRECT] [Fatal Error] :1:1: Premature end of file.
2026-03-23 09:53:03,547 [ERROR] LogOutputStream:75 - [STDERR_REDIRECT] 
2026-03-23 09:53:04,540 [ERROR] LogOutputStream:75 - [STDERR_REDIRECT] [Fatal Error] :1:1: Premature end of file.
2026-03-23 09:53:04,540 [ERROR] LogOutputStream:75 - [STDERR_REDIRECT] 
2026-03-23 09:53:05,535 [ERROR] LogOutputStream:75 - [STDERR_REDIRECT] [Fatal Error] :1:1: Premature end of file.
2026-03-23 09:53:05,535 [ERROR] LogOutputStream:75 - [STDERR_REDIRECT] 
2026-03-23 09:53:06,544 [ERROR] LogOutputStream:75 - [STDERR_REDIRECT] [Fatal Error] :1:1: Premature end of file.
2026-03-23 09:53:06,544 [ERROR] LogOutputStream:75 - [STDERR_REDIRECT] 
2026-03-23 09:53:07,537 [ERROR] LogOutputStream:75 - [STDERR_REDIRECT] [Fatal Error] :1:1: Premature end of file.
2026-03-23 09:53:07,538 [ERROR] LogOutputStream:75 - [STDERR_REDIRECT] 
2026-03-23 09:53:08,546 [ERROR] LogOutputStream:75 - [STDERR_REDIRECT] [Fatal Error] :1:1: Premature end of file.
2026-03-23 09:53:08,546 [ERROR] LogOutputStream:75 - [STDERR_REDIRECT] 
2026-03-23 09:53:09,540 [ERROR] LogOutputStream:75 - [STDERR_REDIRECT] [Fatal Error] :1:1: Premature end of file.
2026-03-23 09:53:09,540 [ERROR] LogOutputStream:75 - [STDERR_REDIRECT] 
2026-03-23 09:53:10,543 [ERROR] LogOutputStream:75 - [STDERR_REDIRECT] [Fatal Error] :1:1: Premature end of file.
2026-03-23 09:53:10,543 [ERROR] LogOutputStream:75 - [STDERR_REDIRECT] 
2026-03-23 09:53:11,540 [ERROR] LogOutputStream:75 - [STDERR_REDIRECT] [Fatal Error] :1:1: Premature end of file.
2026-03-23 09:53:11,541 [ERROR] LogOutputStream:75 - [STDERR_REDIRECT] 
2026-03-23 09:53:12,536 [ERROR] LogOutputStream:75 - [STDERR_REDIRECT] [Fatal Error] :1:1: Premature end of file.
2026-03-23 09:53:12,536 [ERROR] LogOutputStream:75 - [STDERR_REDIRECT] 
2026-03-23 09:53:13,553 [ERROR] LogOutputStream:75 - [STDERR_REDIRECT] [Fatal Error] :1:1: Premature end of file.
2026-03-23 09:53:13,554 [ERROR] LogOutputStream:75 - [STDERR_REDIRECT] 
2026-03-23 09:53:14,548 [ERROR] LogOutputStream:75 - [STDERR_REDIRECT] [Fatal Error] :1:1: Premature end of file.
2026-03-23 09:53:14,548 [ERROR] LogOutputStream:75 - [STDERR_REDIRECT] 
2026-03-23 09:53:15,540 [ERROR] LogOutputStream:75 - [STDERR_REDIRECT] [Fatal Error] :1:1: Premature end of file.
2026-03-23 09:53:15,540 [ERROR] LogOutputStream:75 - [STDERR_REDIRECT] 
2026-03-23 09:53:16,540 [ERROR] LogOutputStream:75 - [STDERR_REDIRECT] [Fatal Error] :1:1: Premature end of file.
2026-03-23 09:53:16,540 [ERROR] LogOutputStream:75 - [STDERR_REDIRECT] 
2026-03-23 09:53:17,538 [ERROR] LogOutputStream:75 - [STDERR_REDIRECT] [Fatal Error] :1:1: Premature end of file.
2026-03-23 09:53:17,538 [ERROR] LogOutputStream:75 - [STDERR_REDIRECT] 
2026-03-23 09:53:18,544 [ERROR] LogOutputStream:75 - [STDERR_REDIRECT] [Fatal Error] :1:1: Premature end of file.
2026-03-23 09:53:18,544 [ERROR] LogOutputStream:75 - [STDERR_REDIRECT] 
2026-03-23 09:53:19,535 [ERROR] LogOutputStream:75 - [STDERR_REDIRECT] [Fatal Error] :1:1: Premature end of file.
2026-03-23 09:53:19,535 [ERROR] LogOutputStream:75 - [STDERR_REDIRECT] 
2026-03-23 09:53:20,548 [ERROR] LogOutputStream:75 - [STDERR_REDIRECT] [Fatal Error] :1:1: Premature end of file.
2026-03-23 09:53:20,548 [ERROR] LogOutputStream:75 - [STDERR_REDIRECT] 
2026-03-23 09:53:21,544 [ERROR] LogOutputStream:75 - [STDERR_REDIRECT] [Fatal Error] :1:1: Premature end of file.
2026-03-23 09:53:21,544 [ERROR] LogOutputStream:75 - [STDERR_REDIRECT] 
2026-03-23 09:53:22,540 [ERROR] LogOutputStream:75 - [STDERR_REDIRECT] [Fatal Error] :1:1: Premature end of file.
2026-03-23 09:53:22,542 [ERROR] LogOutputStream:75 - [STDERR_REDIRECT] 
2026-03-23 09:53:23,531 [ERROR] LogOutputStream:75 - [STDERR_REDIRECT] [Fatal Error] :1:1: Premature end of file.
2026-03-23 09:53:23,532 [ERROR] LogOutputStream:75 - [STDERR_REDIRECT] 
2026-03-23 09:53:24,538 [ERROR] LogOutputStream:75 - [STDERR_REDIRECT] [Fatal Error] :1:1: Premature end of file.
2026-03-23 09:53:24,538 [ERROR] LogOutputStream:75 - [STDERR_REDIRECT] 
2026-03-23 09:53:25,535 [ERROR] LogOutputStream:75 - [STDERR_REDIRECT] [Fatal Error] :1:1: Premature end of file.
2026-03-23 09:53:25,535 [ERROR] LogOutputStream:75 - [STDERR_REDIRECT] 
2026-03-23 09:53:26,539 [ERROR] LogOutputStream:75 - [STDERR_REDIRECT] [Fatal Error] :1:1: Premature end of file.
2026-03-23 09:53:26,539 [ERROR] LogOutputStream:75 - [STDERR_REDIRECT] 
2026-03-23 09:53:27,535 [ERROR] LogOutputStream:75 - [STDERR_REDIRECT] [Fatal Error] :1:1: Premature end of file.
2026-03-23 09:53:27,535 [ERROR] LogOutputStream:75 - [STDERR_REDIRECT] 
2026-03-23 09:53:28,546 [ERROR] LogOutputStream:75 - [STDERR_REDIRECT] [Fatal Error] :1:1: Premature end of file.
2026-03-23 09:53:28,546 [ERROR] LogOutputStream:75 - [STDERR_REDIRECT] 
2026-03-23 09:53:29,541 [ERROR] LogOutputStream:75 - [STDERR_REDIRECT] [Fatal Error] :1:1: Premature end of file.
2026-03-23 09:53:29,542 [ERROR] LogOutputStream:75 - [STDERR_REDIRECT] 
2026-03-23 09:53:30,536 [ERROR] LogOutputStream:75 - [STDERR_REDIRECT] [Fatal Error] :1:1: Premature end of file.
2026-03-23 09:53:30,537 [ERROR] LogOutputStream:75 - [STDERR_REDIRECT] 
2026-03-23 09:53:31,532 [ERROR] LogOutputStream:75 - [STDERR_REDIRECT] [Fatal Error] :1:1: Premature end of file.
2026-03-23 09:53:31,533 [ERROR] LogOutputStream:75 - [STDERR_REDIRECT] 
2026-03-23 09:53:32,545 [ERROR] LogOutputStream:75 - [STDERR_REDIRECT] [Fatal Error] :1:1: Premature end of file.
2026-03-23 09:53:32,545 [ERROR] LogOutputStream:75 - [STDERR_REDIRECT] 
2026-03-23 09:53:33,539 [ERROR] LogOutputStream:75 - [STDERR_REDIRECT] [Fatal Error] :1:1: Premature end of file.
2026-03-23 09:53:33,540 [ERROR] LogOutputStream:75 - [STDERR_REDIRECT] 
2026-03-23 09:53:34,533 [ERROR] LogOutputStream:75 - [STDERR_REDIRECT] [Fatal Error] :1:1: Premature end of file.
2026-03-23 09:53:34,533 [ERROR] LogOutputStream:75 - [STDERR_REDIRECT] 
2026-03-23 09:53:35,541 [ERROR] LogOutputStream:75 - [STDERR_REDIRECT] [Fatal Error] :1:1: Premature end of file.
2026-03-23 09:53:35,541 [ERROR] LogOutputStream:75 - [STDERR_REDIRECT] 
2026-03-23 09:53:36,533 [ERROR] LogOutputStream:75 - [STDERR_REDIRECT] [Fatal Error] :1:1: Premature end of file.
2026-03-23 09:53:36,533 [ERROR] LogOutputStream:75 - [STDERR_REDIRECT] 
2026-03-23 09:53:37,547 [ERROR] LogOutputStream:75 - [STDERR_REDIRECT] [Fatal Error] :1:1: Premature end of file.
2026-03-23 09:53:37,547 [ERROR] LogOutputStream:75 - [STDERR_REDIRECT] 
2026-03-23 09:53:38,549 [ERROR] LogOutputStream:75 - [STDERR_REDIRECT] [Fatal Error] :1:1: Premature end of file.
2026-03-23 09:53:38,549 [ERROR] LogOutputStream:75 - [STDERR_REDIRECT] 
2026-03-23 09:53:39,537 [ERROR] LogOutputStream:75 - [STDERR_REDIRECT] [Fatal Error] :1:1: Premature end of file.
2026-03-23 09:53:39,537 [ERROR] LogOutputStream:75 - [STDERR_REDIRECT] 
2026-03-23 09:53:40,531 [ERROR] LogOutputStream:75 - [STDERR_REDIRECT] [Fatal Error] :1:1: Premature end of file.
2026-03-23 09:53:40,531 [ERROR] LogOutputStream:75 - [STDERR_REDIRECT] 
2026-03-23 09:53:41,543 [ERROR] LogOutputStream:75 - [STDERR_REDIRECT] [Fatal Error] :1:1: Premature end of file.
2026-03-23 09:53:41,543 [ERROR] LogOutputStream:75 - [STDERR_REDIRECT] 
2026-03-23 09:53:42,543 [ERROR] LogOutputStream:75 - [STDERR_REDIRECT] [Fatal Error] :1:1: Premature end of file.
2026-03-23 09:53:42,543 [ERROR] LogOutputStream:75 - [STDERR_REDIRECT] 
2026-03-23 09:53:43,537 [ERROR] LogOutputStream:75 - [STDERR_REDIRECT] [Fatal Error] :1:1: Premature end of file.
2026-03-23 09:53:43,537 [ERROR] LogOutputStream:75 - [STDERR_REDIRECT] 
2026-03-23 09:53:44,537 [ERROR] LogOutputStream:75 - [STDERR_REDIRECT] [Fatal Error] :1:1: Premature end of file.
2026-03-23 09:53:44,537 [ERROR] LogOutputStream:75 - [STDERR_REDIRECT] 
2026-03-23 09:53:45,537 [ERROR] LogOutputStream:75 - [STDERR_REDIRECT] [Fatal Error] :1:1: Premature end of file.
2026-03-23 09:53:45,538 [ERROR] LogOutputStream:75 - [STDERR_REDIRECT] 
2026-03-23 09:53:46,536 [ERROR] LogOutputStream:75 - [STDERR_REDIRECT] [Fatal Error] :1:1: Premature end of file.
2026-03-23 09:53:46,536 [ERROR] LogOutputStream:75 - [STDERR_REDIRECT] 
2026-03-23 09:53:47,541 [ERROR] LogOutputStream:75 - [STDERR_REDIRECT] [Fatal Error] :1:1: Premature end of file.
2026-03-23 09:53:47,541 [ERROR] LogOutputStream:75 - [STDERR_REDIRECT] 
2026-03-23 09:53:48,539 [ERROR] LogOutputStream:75 - [STDERR_REDIRECT] [Fatal Error] :1:1: Premature end of file.
2026-03-23 09:53:48,540 [ERROR] LogOutputStream:75 - [STDERR_REDIRECT] 
2026-03-23 09:53:49,546 [ERROR] LogOutputStream:75 - [STDERR_REDIRECT] [Fatal Error] :1:1: Premature end of file.
2026-03-23 09:53:49,546 [ERROR] LogOutputStream:75 - [STDERR_REDIRECT] 
2026-03-23 09:53:50,534 [ERROR] LogOutputStream:75 - [STDERR_REDIRECT] [Fatal Error] :1:1: Premature end of file.
2026-03-23 09:53:50,534 [ERROR] LogOutputStream:75 - [STDERR_REDIRECT] 
2026-03-23 09:53:51,546 [ERROR] LogOutputStream:75 - [STDERR_REDIRECT] [Fatal Error] :1:1: Premature end of file.
2026-03-23 09:53:51,546 [ERROR] LogOutputStream:75 - [STDERR_REDIRECT] 
2026-03-23 09:53:52,548 [ERROR] LogOutputStream:75 - [STDERR_REDIRECT] [Fatal Error] :1:1: Premature end of file.
2026-03-23 09:53:52,548 [ERROR] LogOutputStream:75 - [STDERR_REDIRECT] 
2026-03-23 09:53:53,545 [ERROR] LogOutputStream:75 - [STDERR_REDIRECT] [Fatal Error] :1:1: Premature end of file.
2026-03-23 09:53:53,545 [ERROR] LogOutputStream:75 - [STDERR_REDIRECT] 
2026-03-23 09:53:54,540 [ERROR] LogOutputStream:75 - [STDERR_REDIRECT] [Fatal Error] :1:1: Premature end of file.
2026-03-23 09:53:54,540 [ERROR] LogOutputStream:75 - [STDERR_REDIRECT] 
2026-03-23 09:53:55,547 [ERROR] LogOutputStream:75 - [STDERR_REDIRECT] [Fatal Error] :1:1: Premature end of file.
2026-03-23 09:53:55,547 [ERROR] LogOutputStream:75 - [STDERR_REDIRECT] 
2026-03-23 09:53:56,536 [ERROR] LogOutputStream:75 - [STDERR_REDIRECT] [Fatal Error] :1:1: Premature end of file.
2026-03-23 09:53:56,536 [ERROR] LogOutputStream:75 - [STDERR_REDIRECT] 
2026-03-23 09:53:57,546 [ERROR] LogOutputStream:75 - [STDERR_REDIRECT] [Fatal Error] :1:1: Premature end of file.
2026-03-23 09:53:57,547 [ERROR] LogOutputStream:75 - [STDERR_REDIRECT] 
2026-03-23 09:53:58,540 [ERROR] LogOutputStream:75 - [STDERR_REDIRECT] [Fatal Error] :1:1: Premature end of file.
2026-03-23 09:53:58,540 [ERROR] LogOutputStream:75 - [STDERR_REDIRECT] 
2026-03-23 09:53:59,538 [ERROR] LogOutputStream:75 - [STDERR_REDIRECT] [Fatal Error] :1:1: Premature end of file.
2026-03-23 09:53:59,538 [ERROR] LogOutputStream:75 - [STDERR_REDIRECT] 
2026-03-23 09:54:00,535 [ERROR] LogOutputStream:75 - [STDERR_REDIRECT] [Fatal Error] :1:1: Premature end of file.
2026-03-23 09:54:00,535 [ERROR] LogOutputStream:75 - [STDERR_REDIRECT] 
2026-03-23 09:54:01,535 [ERROR] LogOutputStream:75 - [STDERR_REDIRECT] [Fatal Error] :1:1: Premature end of file.
2026-03-23 09:54:01,535 [ERROR] LogOutputStream:75 - [STDERR_REDIRECT] 
2026-03-23 09:54:02,546 [ERROR] LogOutputStream:75 - [STDERR_REDIRECT] [Fatal Error] :1:1: Premature end of file.
2026-03-23 09:54:02,546 [ERROR] LogOutputStream:75 - [STDERR_REDIRECT] 
2026-03-23 09:54:03,547 [ERROR] LogOutputStream:75 - [STDERR_REDIRECT] [Fatal Error] :1:1: Premature end of file.
2026-03-23 09:54:03,547 [ERROR] LogOutputStream:75 - [STDERR_REDIRECT] 
2026-03-23 09:54:04,549 [ERROR] LogOutputStream:75 - [STDERR_REDIRECT] [Fatal Error] :1:1: Premature end of file.
2026-03-23 09:54:04,549 [ERROR] LogOutputStream:75 - [STDERR_REDIRECT] 
2026-03-23 09:54:05,545 [ERROR] LogOutputStream:75 - [STDERR_REDIRECT] [Fatal Error] :1:1: Premature end of file.
2026-03-23 09:54:05,545 [ERROR] LogOutputStream:75 - [STDERR_REDIRECT] 
2026-03-23 09:54:06,536 [ERROR] LogOutputStream:75 - [STDERR_REDIRECT] [Fatal Error] :1:1: Premature end of file.
2026-03-23 09:54:06,536 [ERROR] LogOutputStream:75 - [STDERR_REDIRECT] 
2026-03-23 09:54:07,534 [ERROR] LogOutputStream:75 - [STDERR_REDIRECT] [Fatal Error] :1:1: Premature end of file.
2026-03-23 09:54:07,534 [ERROR] LogOutputStream:75 - [STDERR_REDIRECT] 
2026-03-23 09:54:08,543 [ERROR] LogOutputStream:75 - [STDERR_REDIRECT] [Fatal Error] :1:1: Premature end of file.
2026-03-23 09:54:08,543 [ERROR] LogOutputStream:75 - [STDERR_REDIRECT] 
2026-03-23 09:54:09,538 [ERROR] LogOutputStream:75 - [STDERR_REDIRECT] [Fatal Error] :1:1: Premature end of file.
2026-03-23 09:54:09,538 [ERROR] LogOutputStream:75 - [STDERR_REDIRECT] 
2026-03-23 09:54:10,531 [ERROR] LogOutputStream:75 - [STDERR_REDIRECT] [Fatal Error] :1:1: Premature end of file.
2026-03-23 09:54:10,531 [ERROR] LogOutputStream:75 - [STDERR_REDIRECT] 
2026-03-23 09:54:11,550 [ERROR] LogOutputStream:75 - [STDERR_REDIRECT] [Fatal Error] :1:1: Premature end of file.
2026-03-23 09:54:11,550 [ERROR] LogOutputStream:75 - [STDERR_REDIRECT] 
2026-03-23 09:54:12,536 [ERROR] LogOutputStream:75 - [STDERR_REDIRECT] [Fatal Error] :1:1: Premature end of file.
2026-03-23 09:54:12,536 [ERROR] LogOutputStream:75 - [STDERR_REDIRECT] 
2026-03-23 09:54:13,535 [ERROR] LogOutputStream:75 - [STDERR_REDIRECT] [Fatal Error] :1:1: Premature end of file.
2026-03-23 09:54:13,535 [ERROR] LogOutputStream:75 - [STDERR_REDIRECT] 
2026-03-23 09:54:14,542 [ERROR] LogOutputStream:75 - [STDERR_REDIRECT] [Fatal Error] :1:1: Premature end of file.
2026-03-23 09:54:14,543 [ERROR] LogOutputStream:75 - [STDERR_REDIRECT] 
2026-03-23 09:54:15,536 [ERROR] LogOutputStream:75 - [STDERR_REDIRECT] [Fatal Error] :1:1: Premature end of file.
2026-03-23 09:54:15,536 [ERROR] LogOutputStream:75 - [STDERR_REDIRECT] 
2026-03-23 09:54:16,545 [ERROR] LogOutputStream:75 - [STDERR_REDIRECT] [Fatal Error] :1:1: Premature end of file.
2026-03-23 09:54:16,546 [ERROR] LogOutputStream:75 - [STDERR_REDIRECT] 
2026-03-23 09:54:17,542 [ERROR] LogOutputStream:75 - [STDERR_REDIRECT] [Fatal Error] :1:1: Premature end of file.
2026-03-23 09:54:17,542 [ERROR] LogOutputStream:75 - [STDERR_REDIRECT] 
2026-03-23 09:54:18,540 [ERROR] LogOutputStream:75 - [STDERR_REDIRECT] [Fatal Error] :1:1: Premature end of file.
2026-03-23 09:54:18,540 [ERROR] LogOutputStream:75 - [STDERR_REDIRECT] 
2026-03-23 09:54:19,534 [ERROR] LogOutputStream:75 - [STDERR_REDIRECT] [Fatal Error] :1:1: Premature end of file.
2026-03-23 09:54:19,535 [ERROR] LogOutputStream:75 - [STDERR_REDIRECT] 
2026-03-23 09:54:20,554 [ERROR] LogOutputStream:75 - [STDERR_REDIRECT] [Fatal Error] :1:1: Premature end of file.
2026-03-23 09:54:20,554 [ERROR] LogOutputStream:75 - [STDERR_REDIRECT] 
2026-03-23 09:54:21,543 [ERROR] LogOutputStream:75 - [STDERR_REDIRECT] [Fatal Error] :1:1: Premature end of file.
2026-03-23 09:54:21,545 [ERROR] LogOutputStream:75 - [STDERR_REDIRECT] 
2026-03-23 09:54:22,534 [ERROR] LogOutputStream:75 - [STDERR_REDIRECT] [Fatal Error] :1:1: Premature end of file.
2026-03-23 09:54:22,534 [ERROR] LogOutputStream:75 - [STDERR_REDIRECT] 
2026-03-23 09:54:23,533 [ERROR] LogOutputStream:75 - [STDERR_REDIRECT] [Fatal Error] :1:1: Premature end of file.
2026-03-23 09:54:23,533 [ERROR] LogOutputStream:75 - [STDERR_REDIRECT] 
2026-03-23 09:54:24,537 [ERROR] LogOutputStream:75 - [STDERR_REDIRECT] [Fatal Error] :1:1: Premature end of file.
2026-03-23 09:54:24,537 [ERROR] LogOutputStream:75 - [STDERR_REDIRECT] 
2026-03-23 09:54:25,547 [ERROR] LogOutputStream:75 - [STDERR_REDIRECT] [Fatal Error] :1:1: Premature end of file.
2026-03-23 09:54:25,547 [ERROR] LogOutputStream:75 - [STDERR_REDIRECT] 
2026-03-23 09:54:26,547 [ERROR] LogOutputStream:75 - [STDERR_REDIRECT] [Fatal Error] :1:1: Premature end of file.
2026-03-23 09:54:26,547 [ERROR] LogOutputStream:75 - [STDERR_REDIRECT] 
2026-03-23 09:54:27,549 [ERROR] LogOutputStream:75 - [STDERR_REDIRECT] [Fatal Error] :1:1: Premature end of file.
2026-03-23 09:54:27,550 [ERROR] LogOutputStream:75 - [STDERR_REDIRECT] 
2026-03-23 09:54:28,549 [ERROR] LogOutputStream:75 - [STDERR_REDIRECT] [Fatal Error] :1:1: Premature end of file.
2026-03-23 09:54:28,549 [ERROR] LogOutputStream:75 - [STDERR_REDIRECT] 
2026-03-23 09:54:29,542 [ERROR] LogOutputStream:75 - [STDERR_REDIRECT] [Fatal Error] :1:1: Premature end of file.
2026-03-23 09:54:29,542 [ERROR] LogOutputStream:75 - [STDERR_REDIRECT] 
2026-03-23 09:54:30,538 [ERROR] LogOutputStream:75 - [STDERR_REDIRECT] [Fatal Error] :1:1: Premature end of file.
2026-03-23 09:54:30,538 [ERROR] LogOutputStream:75 - [STDERR_REDIRECT] 
2026-03-23 09:54:31,550 [ERROR] LogOutputStream:75 - [STDERR_REDIRECT] [Fatal Error] :1:1: Premature end of file.
2026-03-23 09:54:31,550 [ERROR] LogOutputStream:75 - [STDERR_REDIRECT] 
2026-03-23 09:54:32,539 [ERROR] LogOutputStream:75 - [STDERR_REDIRECT] [Fatal Error] :1:1: Premature end of file.
2026-03-23 09:54:32,540 [ERROR] LogOutputStream:75 - [STDERR_REDIRECT] 
2026-03-23 09:54:33,545 [ERROR] LogOutputStream:75 - [STDERR_REDIRECT] [Fatal Error] :1:1: Premature end of file.
2026-03-23 09:54:33,546 [ERROR] LogOutputStream:75 - [STDERR_REDIRECT] 
2026-03-23 09:54:34,539 [ERROR] LogOutputStream:75 - [STDERR_REDIRECT] [Fatal Error] :1:1: Premature end of file.
2026-03-23 09:54:34,539 [ERROR] LogOutputStream:75 - [STDERR_REDIRECT] 
2026-03-23 09:54:35,539 [ERROR] LogOutputStream:75 - [STDERR_REDIRECT] [Fatal Error] :1:1: Premature end of file.
2026-03-23 09:54:35,539 [ERROR] LogOutputStream:75 - [STDERR_REDIRECT] 
2026-03-23 09:54:36,551 [ERROR] LogOutputStream:75 - [STDERR_REDIRECT] [Fatal Error] :1:1: Premature end of file.
2026-03-23 09:54:36,551 [ERROR] LogOutputStream:75 - [STDERR_REDIRECT] 
2026-03-23 09:54:37,563 [ERROR] LogOutputStream:75 - [STDERR_REDIRECT] [Fatal Error] :1:1: Premature end of file.
2026-03-23 09:54:37,563 [ERROR] LogOutputStream:75 - [STDERR_REDIRECT] 
2026-03-23 09:54:38,543 [ERROR] LogOutputStream:75 - [STDERR_REDIRECT] [Fatal Error] :1:1: Premature end of file.
2026-03-23 09:54:38,543 [ERROR] LogOutputStream:75 - [STDERR_REDIRECT] 
2026-03-23 09:54:39,534 [ERROR] LogOutputStream:75 - [STDERR_REDIRECT] [Fatal Error] :1:1: Premature end of file.
2026-03-23 09:54:39,534 [ERROR] LogOutputStream:75 - [STDERR_REDIRECT] 
2026-03-23 09:54:40,543 [ERROR] LogOutputStream:75 - [STDERR_REDIRECT] [Fatal Error] :1:1: Premature end of file.
2026-03-23 09:54:40,543 [ERROR] LogOutputStream:75 - [STDERR_REDIRECT] 
2026-03-23 09:54:41,538 [ERROR] LogOutputStream:75 - [STDERR_REDIRECT] [Fatal Error] :1:1: Premature end of file.
2026-03-23 09:54:41,538 [ERROR] LogOutputStream:75 - [STDERR_REDIRECT] 
2026-03-23 09:54:42,606 [ERROR] LogOutputStream:75 - [STDERR_REDIRECT] [Fatal Error] :1:1: Premature end of file.
2026-03-23 09:54:42,606 [ERROR] LogOutputStream:75 - [STDERR_REDIRECT] 
2026-03-23 09:54:43,543 [ERROR] LogOutputStream:75 - [STDERR_REDIRECT] [Fatal Error] :1:1: Premature end of file.
2026-03-23 09:54:43,543 [ERROR] LogOutputStream:75 - [STDERR_REDIRECT] 
2026-03-23 09:54:44,563 [ERROR] LogOutputStream:75 - [STDERR_REDIRECT] [Fatal Error] :1:1: Premature end of file.
2026-03-23 09:54:44,563 [ERROR] LogOutputStream:75 - [STDERR_REDIRECT] 
2026-03-23 09:54:45,539 [ERROR] LogOutputStream:75 - [STDERR_REDIRECT] [Fatal Error] :1:1: Premature end of file.
2026-03-23 09:54:45,540 [ERROR] LogOutputStream:75 - [STDERR_REDIRECT] 
2026-03-23 09:54:46,550 [ERROR] LogOutputStream:75 - [STDERR_REDIRECT] [Fatal Error] :1:1: Premature end of file.
2026-03-23 09:54:46,550 [ERROR] LogOutputStream:75 - [STDERR_REDIRECT] 
2026-03-23 09:54:47,606 [ERROR] LogOutputStream:75 - [STDERR_REDIRECT] [Fatal Error] :1:1: Premature end of file.
2026-03-23 09:54:47,606 [ERROR] LogOutputStream:75 - [STDERR_REDIRECT] 
2026-03-23 09:54:48,551 [ERROR] LogOutputStream:75 - [STDERR_REDIRECT] [Fatal Error] :1:1: Premature end of file.
2026-03-23 09:54:48,551 [ERROR] LogOutputStream:75 - [STDERR_REDIRECT] 
2026-03-23 09:54:49,537 [ERROR] LogOutputStream:75 - [STDERR_REDIRECT] [Fatal Error] :1:1: Premature end of file.
2026-03-23 09:54:49,537 [ERROR] LogOutputStream:75 - [STDERR_REDIRECT] 
2026-03-23 09:54:50,535 [ERROR] LogOutputStream:75 - [STDERR_REDIRECT] [Fatal Error] :1:1: Premature end of file.
2026-03-23 09:54:50,536 [ERROR] LogOutputStream:75 - [STDERR_REDIRECT] 
2026-03-23 09:54:51,534 [ERROR] LogOutputStream:75 - [STDERR_REDIRECT] [Fatal Error] :1:1: Premature end of file.
2026-03-23 09:54:51,534 [ERROR] LogOutputStream:75 - [STDERR_REDIRECT] 
2026-03-23 09:54:52,531 [ERROR] LogOutputStream:75 - [STDERR_REDIRECT] [Fatal Error] :1:1: Premature end of file.
2026-03-23 09:54:52,532 [ERROR] LogOutputStream:75 - [STDERR_REDIRECT] 
2026-03-23 09:54:53,534 [ERROR] LogOutputStream:75 - [STDERR_REDIRECT] [Fatal Error] :1:1: Premature end of file.
2026-03-23 09:54:53,534 [ERROR] LogOutputStream:75 - [STDERR_REDIRECT] 
2026-03-23 09:54:54,538 [ERROR] LogOutputStream:75 - [STDERR_REDIRECT] [Fatal Error] :1:1: Premature end of file.
2026-03-23 09:54:54,538 [ERROR] LogOutputStream:75 - [STDERR_REDIRECT] 
2026-03-23 09:54:55,553 [ERROR] LogOutputStream:75 - [STDERR_REDIRECT] [Fatal Error] :1:1: Premature end of file.
2026-03-23 09:54:55,554 [ERROR] LogOutputStream:75 - [STDERR_REDIRECT] 
2026-03-23 09:54:56,546 [ERROR] LogOutputStream:75 - [STDERR_REDIRECT] [Fatal Error] :1:1: Premature end of file.
2026-03-23 09:54:56,546 [ERROR] LogOutputStream:75 - [STDERR_REDIRECT] 
2026-03-23 09:54:57,544 [ERROR] LogOutputStream:75 - [STDERR_REDIRECT] [Fatal Error] :1:1: Premature end of file.
2026-03-23 09:54:57,544 [ERROR] LogOutputStream:75 - [STDERR_REDIRECT] 
2026-03-23 09:54:58,535 [ERROR] LogOutputStream:75 - [STDERR_REDIRECT] [Fatal Error] :1:1: Premature end of file.
2026-03-23 09:54:58,535 [ERROR] LogOutputStream:75 - [STDERR_REDIRECT] 
2026-03-23 09:54:59,543 [ERROR] LogOutputStream:75 - [STDERR_REDIRECT] [Fatal Error] :1:1: Premature end of file.
2026-03-23 09:54:59,543 [ERROR] LogOutputStream:75 - [STDERR_REDIRECT] 
2026-03-23 09:55:00,546 [ERROR] LogOutputStream:75 - [STDERR_REDIRECT] [Fatal Error] :1:1: Premature end of file.
2026-03-23 09:55:00,546 [ERROR] LogOutputStream:75 - [STDERR_REDIRECT] 
2026-03-23 09:55:01,546 [ERROR] LogOutputStream:75 - [STDERR_REDIRECT] [Fatal Error] :1:1: Premature end of file.
2026-03-23 09:55:01,546 [ERROR] LogOutputStream:75 - [STDERR_REDIRECT] 
2026-03-23 09:55:02,538 [ERROR] LogOutputStream:75 - [STDERR_REDIRECT] [Fatal Error] :1:1: Premature end of file.
2026-03-23 09:55:02,538 [ERROR] LogOutputStream:75 - [STDERR_REDIRECT] 
2026-03-23 09:55:03,548 [ERROR] LogOutputStream:75 - [STDERR_REDIRECT] [Fatal Error] :1:1: Premature end of file.
2026-03-23 09:55:03,549 [ERROR] LogOutputStream:75 - [STDERR_REDIRECT] 
2026-03-23 09:55:04,549 [ERROR] LogOutputStream:75 - [STDERR_REDIRECT] [Fatal Error] :1:1: Premature end of file.
2026-03-23 09:55:04,549 [ERROR] LogOutputStream:75 - [STDERR_REDIRECT] 
2026-03-23 09:55:05,538 [ERROR] LogOutputStream:75 - [STDERR_REDIRECT] [Fatal Error] :1:1: Premature end of file.
2026-03-23 09:55:05,538 [ERROR] LogOutputStream:75 - [STDERR_REDIRECT] 
2026-03-23 09:55:06,535 [ERROR] LogOutputStream:75 - [STDERR_REDIRECT] [Fatal Error] :1:1: Premature end of file.
2026-03-23 09:55:06,535 [ERROR] LogOutputStream:75 - [STDERR_REDIRECT] 
2026-03-23 09:55:07,533 [ERROR] LogOutputStream:75 - [STDERR_REDIRECT] [Fatal Error] :1:1: Premature end of file.
2026-03-23 09:55:07,533 [ERROR] LogOutputStream:75 - [STDERR_REDIRECT] 
2026-03-23 09:55:08,546 [ERROR] LogOutputStream:75 - [STDERR_REDIRECT] [Fatal Error] :1:1: Premature end of file.
2026-03-23 09:55:08,546 [ERROR] LogOutputStream:75 - [STDERR_REDIRECT] 
2026-03-23 09:55:09,536 [ERROR] LogOutputStream:75 - [STDERR_REDIRECT] [Fatal Error] :1:1: Premature end of file.
2026-03-23 09:55:09,536 [ERROR] LogOutputStream:75 - [STDERR_REDIRECT] 
2026-03-23 09:55:10,536 [ERROR] LogOutputStream:75 - [STDERR_REDIRECT] [Fatal Error] :1:1: Premature end of file.
2026-03-23 09:55:10,538 [ERROR] LogOutputStream:75 - [STDERR_REDIRECT] 
2026-03-23 09:55:11,544 [ERROR] LogOutputStream:75 - [STDERR_REDIRECT] [Fatal Error] :1:1: Premature end of file.
2026-03-23 09:55:11,544 [ERROR] LogOutputStream:75 - [STDERR_REDIRECT] 
2026-03-23 09:55:12,545 [ERROR] LogOutputStream:75 - [STDERR_REDIRECT] [Fatal Error] :1:1: Premature end of file.
2026-03-23 09:55:12,545 [ERROR] LogOutputStream:75 - [STDERR_REDIRECT] 
2026-03-23 09:55:13,542 [ERROR] LogOutputStream:75 - [STDERR_REDIRECT] [Fatal Error] :1:1: Premature end of file.
2026-03-23 09:55:13,542 [ERROR] LogOutputStream:75 - [STDERR_REDIRECT] 
2026-03-23 09:55:14,539 [ERROR] LogOutputStream:75 - [STDERR_REDIRECT] [Fatal Error] :1:1: Premature end of file.
2026-03-23 09:55:14,539 [ERROR] LogOutputStream:75 - [STDERR_REDIRECT] 
2026-03-23 09:55:15,544 [ERROR] LogOutputStream:75 - [STDERR_REDIRECT] [Fatal Error] :1:1: Premature end of file.
2026-03-23 09:55:15,544 [ERROR] LogOutputStream:75 - [STDERR_REDIRECT] 
2026-03-23 09:55:16,540 [ERROR] LogOutputStream:75 - [STDERR_REDIRECT] [Fatal Error] :1:1: Premature end of file.
2026-03-23 09:55:16,540 [ERROR] LogOutputStream:75 - [STDERR_REDIRECT] 
2026-03-23 09:55:17,538 [ERROR] LogOutputStream:75 - [STDERR_REDIRECT] [Fatal Error] :1:1: Premature end of file.
2026-03-23 09:55:17,538 [ERROR] LogOutputStream:75 - [STDERR_REDIRECT] 
2026-03-23 09:55:18,547 [ERROR] LogOutputStream:75 - [STDERR_REDIRECT] [Fatal Error] :1:1: Premature end of file.
2026-03-23 09:55:18,547 [ERROR] LogOutputStream:75 - [STDERR_REDIRECT] 
2026-03-23 09:55:19,536 [ERROR] LogOutputStream:75 - [STDERR_REDIRECT] [Fatal Error] :1:1: Premature end of file.
2026-03-23 09:55:19,537 [ERROR] LogOutputStream:75 - [STDERR_REDIRECT] 
2026-03-23 09:55:20,549 [ERROR] LogOutputStream:75 - [STDERR_REDIRECT] [Fatal Error] :1:1: Premature end of file.
2026-03-23 09:55:20,549 [ERROR] LogOutputStream:75 - [STDERR_REDIRECT] 
2026-03-23 09:55:21,544 [ERROR] LogOutputStream:75 - [STDERR_REDIRECT] [Fatal Error] :1:1: Premature end of file.
2026-03-23 09:55:21,544 [ERROR] LogOutputStream:75 - [STDERR_REDIRECT] 
2026-03-23 09:55:22,541 [ERROR] LogOutputStream:75 - [STDERR_REDIRECT] [Fatal Error] :1:1: Premature end of file.
2026-03-23 09:55:22,541 [ERROR] LogOutputStream:75 - [STDERR_REDIRECT] 
2026-03-23 09:55:23,539 [ERROR] LogOutputStream:75 - [STDERR_REDIRECT] [Fatal Error] :1:1: Premature end of file.
2026-03-23 09:55:23,539 [ERROR] LogOutputStream:75 - [STDERR_REDIRECT] 
2026-03-23 09:55:24,530 [ERROR] LogOutputStream:75 - [STDERR_REDIRECT] [Fatal Error] :1:1: Premature end of file.
2026-03-23 09:55:24,530 [ERROR] LogOutputStream:75 - [STDERR_REDIRECT] 
2026-03-23 09:55:25,544 [ERROR] LogOutputStream:75 - [STDERR_REDIRECT] [Fatal Error] :1:1: Premature end of file.
2026-03-23 09:55:25,544 [ERROR] LogOutputStream:75 - [STDERR_REDIRECT] 
2026-03-23 09:55:26,546 [ERROR] LogOutputStream:75 - [STDERR_REDIRECT] [Fatal Error] :1:1: Premature end of file.
2026-03-23 09:55:26,546 [ERROR] LogOutputStream:75 - [STDERR_REDIRECT] 
2026-03-23 09:55:27,536 [ERROR] LogOutputStream:75 - [STDERR_REDIRECT] [Fatal Error] :1:1: Premature end of file.
2026-03-23 09:55:27,536 [ERROR] LogOutputStream:75 - [STDERR_REDIRECT] 
2026-03-23 09:55:28,532 [ERROR] LogOutputStream:75 - [STDERR_REDIRECT] [Fatal Error] :1:1: Premature end of file.
2026-03-23 09:55:28,532 [ERROR] LogOutputStream:75 - [STDERR_REDIRECT] 
2026-03-23 09:55:29,547 [ERROR] LogOutputStream:75 - [STDERR_REDIRECT] [Fatal Error] :1:1: Premature end of file.
2026-03-23 09:55:29,547 [ERROR] LogOutputStream:75 - [STDERR_REDIRECT] 
2026-03-23 09:55:30,539 [ERROR] LogOutputStream:75 - [STDERR_REDIRECT] [Fatal Error] :1:1: Premature end of file.
2026-03-23 09:55:30,539 [ERROR] LogOutputStream:75 - [STDERR_REDIRECT] 
2026-03-23 09:55:31,537 [ERROR] LogOutputStream:75 - [STDERR_REDIRECT] [Fatal Error] :1:1: Premature end of file.
2026-03-23 09:55:31,537 [ERROR] LogOutputStream:75 - [STDERR_REDIRECT] 
2026-03-23 09:55:32,536 [ERROR] LogOutputStream:75 - [STDERR_REDIRECT] [Fatal Error] :1:1: Premature end of file.
2026-03-23 09:55:32,536 [ERROR] LogOutputStream:75 - [STDERR_REDIRECT] 
2026-03-23 09:55:33,545 [ERROR] LogOutputStream:75 - [STDERR_REDIRECT] [Fatal Error] :1:1: Premature end of file.
2026-03-23 09:55:33,545 [ERROR] LogOutputStream:75 - [STDERR_REDIRECT] 
2026-03-23 09:55:34,546 [ERROR] LogOutputStream:75 - [STDERR_REDIRECT] [Fatal Error] :1:1: Premature end of file.
2026-03-23 09:55:34,546 [ERROR] LogOutputStream:75 - [STDERR_REDIRECT] 
2026-03-23 09:55:35,537 [ERROR] LogOutputStream:75 - [STDERR_REDIRECT] [Fatal Error] :1:1: Premature end of file.
2026-03-23 09:55:35,537 [ERROR] LogOutputStream:75 - [STDERR_REDIRECT] 
2026-03-23 09:55:36,547 [ERROR] LogOutputStream:75 - [STDERR_REDIRECT] [Fatal Error] :1:1: Premature end of file.
2026-03-23 09:55:36,547 [ERROR] LogOutputStream:75 - [STDERR_REDIRECT] 
2026-03-23 09:55:37,540 [ERROR] LogOutputStream:75 - [STDERR_REDIRECT] [Fatal Error] :1:1: Premature end of file.
2026-03-23 09:55:37,540 [ERROR] LogOutputStream:75 - [STDERR_REDIRECT] 
2026-03-23 09:55:38,538 [ERROR] LogOutputStream:75 - [STDERR_REDIRECT] [Fatal Error] :1:1: Premature end of file.
2026-03-23 09:55:38,538 [ERROR] LogOutputStream:75 - [STDERR_REDIRECT] 
2026-03-23 09:55:39,535 [ERROR] LogOutputStream:75 - [STDERR_REDIRECT] [Fatal Error] :1:1: Premature end of file.
2026-03-23 09:55:39,535 [ERROR] LogOutputStream:75 - [STDERR_REDIRECT] 
2026-03-23 09:55:40,539 [ERROR] LogOutputStream:75 - [STDERR_REDIRECT] [Fatal Error] :1:1: Premature end of file.
2026-03-23 09:55:40,539 [ERROR] LogOutputStream:75 - [STDERR_REDIRECT] 
2026-03-23 09:55:41,546 [ERROR] LogOutputStream:75 - [STDERR_REDIRECT] [Fatal Error] :1:1: Premature end of file.
2026-03-23 09:55:41,547 [ERROR] LogOutputStream:75 - [STDERR_REDIRECT] 
2026-03-23 09:55:42,546 [ERROR] LogOutputStream:75 - [STDERR_REDIRECT] [Fatal Error] :1:1: Premature end of file.
2026-03-23 09:55:42,546 [ERROR] LogOutputStream:75 - [STDERR_REDIRECT] 
2026-03-23 09:55:43,543 [ERROR] LogOutputStream:75 - [STDERR_REDIRECT] [Fatal Error] :1:1: Premature end of file.
2026-03-23 09:55:43,544 [ERROR] LogOutputStream:75 - [STDERR_REDIRECT] 
2026-03-23 09:55:44,538 [ERROR] LogOutputStream:75 - [STDERR_REDIRECT] [Fatal Error] :1:1: Premature end of file.
2026-03-23 09:55:44,538 [ERROR] LogOutputStream:75 - [STDERR_REDIRECT] 
2026-03-23 09:55:45,532 [ERROR] LogOutputStream:75 - [STDERR_REDIRECT] [Fatal Error] :1:1: Premature end of file.
2026-03-23 09:55:45,532 [ERROR] LogOutputStream:75 - [STDERR_REDIRECT] 
2026-03-23 09:55:46,543 [ERROR] LogOutputStream:75 - [STDERR_REDIRECT] [Fatal Error] :1:1: Premature end of file.
2026-03-23 09:55:46,543 [ERROR] LogOutputStream:75 - [STDERR_REDIRECT] 
2026-03-23 09:55:47,540 [ERROR] LogOutputStream:75 - [STDERR_REDIRECT] [Fatal Error] :1:1: Premature end of file.
2026-03-23 09:55:47,540 [ERROR] LogOutputStream:75 - [STDERR_REDIRECT] 
2026-03-23 09:55:48,547 [ERROR] LogOutputStream:75 - [STDERR_REDIRECT] [Fatal Error] :1:1: Premature end of file.
2026-03-23 09:55:48,547 [ERROR] LogOutputStream:75 - [STDERR_REDIRECT] 
2026-03-23 09:55:49,539 [ERROR] LogOutputStream:75 - [STDERR_REDIRECT] [Fatal Error] :1:1: Premature end of file.
2026-03-23 09:55:49,539 [ERROR] LogOutputStream:75 - [STDERR_REDIRECT] 
2026-03-23 09:55:50,531 [ERROR] LogOutputStream:75 - [STDERR_REDIRECT] [Fatal Error] :1:1: Premature end of file.
2026-03-23 09:55:50,531 [ERROR] LogOutputStream:75 - [STDERR_REDIRECT] 
2026-03-23 09:55:51,550 [ERROR] LogOutputStream:75 - [STDERR_REDIRECT] [Fatal Error] :1:1: Premature end of file.
2026-03-23 09:55:51,550 [ERROR] LogOutputStream:75 - [STDERR_REDIRECT] 
2026-03-23 09:55:52,544 [ERROR] LogOutputStream:75 - [STDERR_REDIRECT] [Fatal Error] :1:1: Premature end of file.
2026-03-23 09:55:52,544 [ERROR] LogOutputStream:75 - [STDERR_REDIRECT] 
2026-03-23 09:55:53,538 [ERROR] LogOutputStream:75 - [STDERR_REDIRECT] [Fatal Error] :1:1: Premature end of file.
2026-03-23 09:55:53,538 [ERROR] LogOutputStream:75 - [STDERR_REDIRECT] 
2026-03-23 09:55:54,535 [ERROR] LogOutputStream:75 - [STDERR_REDIRECT] [Fatal Error] :1:1: Premature end of file.
2026-03-23 09:55:54,535 [ERROR] LogOutputStream:75 - [STDERR_REDIRECT] 
2026-03-23 09:55:55,547 [ERROR] LogOutputStream:75 - [STDERR_REDIRECT] [Fatal Error] :1:1: Premature end of file.
2026-03-23 09:55:55,547 [ERROR] LogOutputStream:75 - [STDERR_REDIRECT] 
2026-03-23 09:55:56,544 [ERROR] LogOutputStream:75 - [STDERR_REDIRECT] [Fatal Error] :1:1: Premature end of file.
2026-03-23 09:55:56,544 [ERROR] LogOutputStream:75 - [STDERR_REDIRECT] 
2026-03-23 09:55:57,536 [ERROR] LogOutputStream:75 - [STDERR_REDIRECT] [Fatal Error] :1:1: Premature end of file.
2026-03-23 09:55:57,536 [ERROR] LogOutputStream:75 - [STDERR_REDIRECT] 
2026-03-23 09:55:58,547 [ERROR] LogOutputStream:75 - [STDERR_REDIRECT] [Fatal Error] :1:1: Premature end of file.
2026-03-23 09:55:58,547 [ERROR] LogOutputStream:75 - [STDERR_REDIRECT] 
2026-03-23 09:55:59,542 [ERROR] LogOutputStream:75 - [STDERR_REDIRECT] [Fatal Error] :1:1: Premature end of file.
2026-03-23 09:55:59,542 [ERROR] LogOutputStream:75 - [STDERR_REDIRECT] 
2026-03-23 09:56:00,537 [ERROR] LogOutputStream:75 - [STDERR_REDIRECT] [Fatal Error] :1:1: Premature end of file.
2026-03-23 09:56:00,537 [ERROR] LogOutputStream:75 - [STDERR_REDIRECT] 
2026-03-23 09:56:01,558 [ERROR] LogOutputStream:75 - [STDERR_REDIRECT] [Fatal Error] :1:1: Premature end of file.
2026-03-23 09:56:01,559 [ERROR] LogOutputStream:75 - [STDERR_REDIRECT] 
2026-03-23 09:56:02,544 [ERROR] LogOutputStream:75 - [STDERR_REDIRECT] [Fatal Error] :1:1: Premature end of file.
2026-03-23 09:56:02,544 [ERROR] LogOutputStream:75 - [STDERR_REDIRECT] 
2026-03-23 09:56:03,540 [ERROR] LogOutputStream:75 - [STDERR_REDIRECT] [Fatal Error] :1:1: Premature end of file.
2026-03-23 09:56:03,540 [ERROR] LogOutputStream:75 - [STDERR_REDIRECT] 
2026-03-23 09:56:04,537 [ERROR] LogOutputStream:75 - [STDERR_REDIRECT] [Fatal Error] :1:1: Premature end of file.
2026-03-23 09:56:04,537 [ERROR] LogOutputStream:75 - [STDERR_REDIRECT] 
2026-03-23 09:56:05,547 [ERROR] LogOutputStream:75 - [STDERR_REDIRECT] [Fatal Error] :1:1: Premature end of file.
2026-03-23 09:56:05,547 [ERROR] LogOutputStream:75 - [STDERR_REDIRECT] 
2026-03-23 09:56:06,538 [ERROR] LogOutputStream:75 - [STDERR_REDIRECT] [Fatal Error] :1:1: Premature end of file.
2026-03-23 09:56:06,538 [ERROR] LogOutputStream:75 - [STDERR_REDIRECT] 
2026-03-23 09:56:07,541 [ERROR] LogOutputStream:75 - [STDERR_REDIRECT] [Fatal Error] :1:1: Premature end of file.
2026-03-23 09:56:07,541 [ERROR] LogOutputStream:75 - [STDERR_REDIRECT] 
2026-03-23 09:56:08,543 [ERROR] LogOutputStream:75 - [STDERR_REDIRECT] [Fatal Error] :1:1: Premature end of file.
2026-03-23 09:56:08,543 [ERROR] LogOutputStream:75 - [STDERR_REDIRECT] 
2026-03-23 09:56:09,537 [ERROR] LogOutputStream:75 - [STDERR_REDIRECT] [Fatal Error] :1:1: Premature end of file.
2026-03-23 09:56:09,537 [ERROR] LogOutputStream:75 - [STDERR_REDIRECT] 
2026-03-23 09:56:10,548 [ERROR] LogOutputStream:75 - [STDERR_REDIRECT] [Fatal Error] :1:1: Premature end of file.
2026-03-23 09:56:10,548 [ERROR] LogOutputStream:75 - [STDERR_REDIRECT] 
2026-03-23 09:56:11,536 [ERROR] LogOutputStream:75 - [STDERR_REDIRECT] [Fatal Error] :1:1: Premature end of file.
2026-03-23 09:56:11,536 [ERROR] LogOutputStream:75 - [STDERR_REDIRECT] 
2026-03-23 09:56:12,545 [ERROR] LogOutputStream:75 - [STDERR_REDIRECT] [Fatal Error] :1:1: Premature end of file.
2026-03-23 09:56:12,545 [ERROR] LogOutputStream:75 - [STDERR_REDIRECT] 
2026-03-23 09:56:13,543 [ERROR] LogOutputStream:75 - [STDERR_REDIRECT] [Fatal Error] :1:1: Premature end of file.
2026-03-23 09:56:13,543 [ERROR] LogOutputStream:75 - [STDERR_REDIRECT] 
2026-03-23 09:56:14,539 [ERROR] LogOutputStream:75 - [STDERR_REDIRECT] [Fatal Error] :1:1: Premature end of file.
2026-03-23 09:56:14,539 [ERROR] LogOutputStream:75 - [STDERR_REDIRECT] 
2026-03-23 09:56:15,534 [ERROR] LogOutputStream:75 - [STDERR_REDIRECT] [Fatal Error] :1:1: Premature end of file.
2026-03-23 09:56:15,534 [ERROR] LogOutputStream:75 - [STDERR_REDIRECT] 
2026-03-23 09:56:16,538 [ERROR] LogOutputStream:75 - [STDERR_REDIRECT] [Fatal Error] :1:1: Premature end of file.
2026-03-23 09:56:16,538 [ERROR] LogOutputStream:75 - [STDERR_REDIRECT] 
2026-03-23 09:56:17,535 [ERROR] LogOutputStream:75 - [STDERR_REDIRECT] [Fatal Error] :1:1: Premature end of file.
2026-03-23 09:56:17,535 [ERROR] LogOutputStream:75 - [STDERR_REDIRECT] 
2026-03-23 09:56:18,549 [ERROR] LogOutputStream:75 - [STDERR_REDIRECT] [Fatal Error] :1:1: Premature end of file.
2026-03-23 09:56:18,549 [ERROR] LogOutputStream:75 - [STDERR_REDIRECT] 
2026-03-23 09:56:19,553 [ERROR] LogOutputStream:75 - [STDERR_REDIRECT] [Fatal Error] :1:1: Premature end of file.
2026-03-23 09:56:19,553 [ERROR] LogOutputStream:75 - [STDERR_REDIRECT] 
2026-03-23 09:56:20,540 [ERROR] LogOutputStream:75 - [STDERR_REDIRECT] [Fatal Error] :1:1: Premature end of file.
2026-03-23 09:56:20,540 [ERROR] LogOutputStream:75 - [STDERR_REDIRECT] 
2026-03-23 09:56:21,538 [ERROR] LogOutputStream:75 - [STDERR_REDIRECT] [Fatal Error] :1:1: Premature end of file.
2026-03-23 09:56:21,538 [ERROR] LogOutputStream:75 - [STDERR_REDIRECT] 
2026-03-23 09:56:22,544 [ERROR] LogOutputStream:75 - [STDERR_REDIRECT] [Fatal Error] :1:1: Premature end of file.
2026-03-23 09:56:22,545 [ERROR] LogOutputStream:75 - [STDERR_REDIRECT] 
2026-03-23 09:56:23,536 [ERROR] LogOutputStream:75 - [STDERR_REDIRECT] [Fatal Error] :1:1: Premature end of file.
2026-03-23 09:56:23,537 [ERROR] LogOutputStream:75 - [STDERR_REDIRECT] 
2026-03-23 09:56:24,541 [ERROR] LogOutputStream:75 - [STDERR_REDIRECT] [Fatal Error] :1:1: Premature end of file.
2026-03-23 09:56:24,541 [ERROR] LogOutputStream:75 - [STDERR_REDIRECT] 
2026-03-23 09:56:25,547 [ERROR] LogOutputStream:75 - [STDERR_REDIRECT] [Fatal Error] :1:1: Premature end of file.
2026-03-23 09:56:25,547 [ERROR] LogOutputStream:75 - [STDERR_REDIRECT] 
2026-03-23 09:56:26,544 [ERROR] LogOutputStream:75 - [STDERR_REDIRECT] [Fatal Error] :1:1: Premature end of file.
2026-03-23 09:56:26,544 [ERROR] LogOutputStream:75 - [STDERR_REDIRECT] 
2026-03-23 09:56:27,538 [ERROR] LogOutputStream:75 - [STDERR_REDIRECT] [Fatal Error] :1:1: Premature end of file.
2026-03-23 09:56:27,538 [ERROR] LogOutputStream:75 - [STDERR_REDIRECT] 
2026-03-23 09:56:28,533 [ERROR] LogOutputStream:75 - [STDERR_REDIRECT] [Fatal Error] :1:1: Premature end of file.
2026-03-23 09:56:28,533 [ERROR] LogOutputStream:75 - [STDERR_REDIRECT] 
2026-03-23 09:56:29,538 [ERROR] LogOutputStream:75 - [STDERR_REDIRECT] [Fatal Error] :1:1: Premature end of file.
2026-03-23 09:56:29,538 [ERROR] LogOutputStream:75 - [STDERR_REDIRECT] 
2026-03-23 09:56:30,549 [ERROR] LogOutputStream:75 - [STDERR_REDIRECT] [Fatal Error] :1:1: Premature end of file.
2026-03-23 09:56:30,549 [ERROR] LogOutputStream:75 - [STDERR_REDIRECT] 
2026-03-23 09:56:31,541 [ERROR] LogOutputStream:75 - [STDERR_REDIRECT] [Fatal Error] :1:1: Premature end of file.
2026-03-23 09:56:31,541 [ERROR] LogOutputStream:75 - [STDERR_REDIRECT] 
2026-03-23 09:56:32,536 [ERROR] LogOutputStream:75 - [STDERR_REDIRECT] [Fatal Error] :1:1: Premature end of file.
2026-03-23 09:56:32,537 [ERROR] LogOutputStream:75 - [STDERR_REDIRECT] 
2026-03-23 09:56:33,533 [ERROR] LogOutputStream:75 - [STDERR_REDIRECT] [Fatal Error] :1:1: Premature end of file.
2026-03-23 09:56:33,533 [ERROR] LogOutputStream:75 - [STDERR_REDIRECT] 
2026-03-23 09:56:34,543 [ERROR] LogOutputStream:75 - [STDERR_REDIRECT] [Fatal Error] :1:1: Premature end of file.
2026-03-23 09:56:34,543 [ERROR] LogOutputStream:75 - [STDERR_REDIRECT] 
2026-03-23 09:56:35,536 [ERROR] LogOutputStream:75 - [STDERR_REDIRECT] [Fatal Error] :1:1: Premature end of file.
2026-03-23 09:56:35,538 [ERROR] LogOutputStream:75 - [STDERR_REDIRECT] 
2026-03-23 09:56:36,534 [ERROR] LogOutputStream:75 - [STDERR_REDIRECT] [Fatal Error] :1:1: Premature end of file.
2026-03-23 09:56:36,534 [ERROR] LogOutputStream:75 - [STDERR_REDIRECT] 
2026-03-23 09:56:37,545 [ERROR] LogOutputStream:75 - [STDERR_REDIRECT] [Fatal Error] :1:1: Premature end of file.
2026-03-23 09:56:37,545 [ERROR] LogOutputStream:75 - [STDERR_REDIRECT] 
2026-03-23 09:56:38,537 [ERROR] LogOutputStream:75 - [STDERR_REDIRECT] [Fatal Error] :1:1: Premature end of file.
2026-03-23 09:56:38,537 [ERROR] LogOutputStream:75 - [STDERR_REDIRECT] 
2026-03-23 09:56:39,547 [ERROR] LogOutputStream:75 - [STDERR_REDIRECT] [Fatal Error] :1:1: Premature end of file.
2026-03-23 09:56:39,548 [ERROR] LogOutputStream:75 - [STDERR_REDIRECT] 
2026-03-23 09:56:40,551 [ERROR] LogOutputStream:75 - [STDERR_REDIRECT] [Fatal Error] :1:1: Premature end of file.
2026-03-23 09:56:40,551 [ERROR] LogOutputStream:75 - [STDERR_REDIRECT] 
2026-03-23 09:56:41,545 [ERROR] LogOutputStream:75 - [STDERR_REDIRECT] [Fatal Error] :1:1: Premature end of file.
2026-03-23 09:56:41,545 [ERROR] LogOutputStream:75 - [STDERR_REDIRECT] 
2026-03-23 09:56:42,543 [ERROR] LogOutputStream:75 - [STDERR_REDIRECT] [Fatal Error] :1:1: Premature end of file.
2026-03-23 09:56:42,543 [ERROR] LogOutputStream:75 - [STDERR_REDIRECT] 
2026-03-23 09:56:43,574 [ERROR] LogOutputStream:75 - [STDERR_REDIRECT] [Fatal Error] :1:1: Premature end of file.
2026-03-23 09:56:43,574 [ERROR] LogOutputStream:75 - [STDERR_REDIRECT] 
2026-03-23 09:56:44,536 [ERROR] LogOutputStream:75 - [STDERR_REDIRECT] [Fatal Error] :1:1: Premature end of file.
2026-03-23 09:56:44,538 [ERROR] LogOutputStream:75 - [STDERR_REDIRECT] 
2026-03-23 09:56:45,546 [ERROR] LogOutputStream:75 - [STDERR_REDIRECT] [Fatal Error] :1:1: Premature end of file.
2026-03-23 09:56:45,546 [ERROR] LogOutputStream:75 - [STDERR_REDIRECT] 
2026-03-23 09:56:46,541 [ERROR] LogOutputStream:75 - [STDERR_REDIRECT] [Fatal Error] :1:1: Premature end of file.
2026-03-23 09:56:46,541 [ERROR] LogOutputStream:75 - [STDERR_REDIRECT] 
2026-03-23 09:56:47,540 [ERROR] LogOutputStream:75 - [STDERR_REDIRECT] [Fatal Error] :1:1: Premature end of file.
2026-03-23 09:56:47,540 [ERROR] LogOutputStream:75 - [STDERR_REDIRECT] 
2026-03-23 09:56:48,546 [ERROR] LogOutputStream:75 - [STDERR_REDIRECT] [Fatal Error] :1:1: Premature end of file.
2026-03-23 09:56:48,547 [ERROR] LogOutputStream:75 - [STDERR_REDIRECT] 
2026-03-23 09:56:49,538 [ERROR] LogOutputStream:75 - [STDERR_REDIRECT] [Fatal Error] :1:1: Premature end of file.
2026-03-23 09:56:49,538 [ERROR] LogOutputStream:75 - [STDERR_REDIRECT] 
2026-03-23 09:56:50,535 [ERROR] LogOutputStream:75 - [STDERR_REDIRECT] [Fatal Error] :1:1: Premature end of file.
2026-03-23 09:56:50,535 [ERROR] LogOutputStream:75 - [STDERR_REDIRECT] 
2026-03-23 09:56:51,546 [ERROR] LogOutputStream:75 - [STDERR_REDIRECT] [Fatal Error] :1:1: Premature end of file.
2026-03-23 09:56:51,546 [ERROR] LogOutputStream:75 - [STDERR_REDIRECT] 
2026-03-23 09:56:52,541 [ERROR] LogOutputStream:75 - [STDERR_REDIRECT] [Fatal Error] :1:1: Premature end of file.
2026-03-23 09:56:52,541 [ERROR] LogOutputStream:75 - [STDERR_REDIRECT] 
2026-03-23 09:56:53,537 [ERROR] LogOutputStream:75 - [STDERR_REDIRECT] [Fatal Error] :1:1: Premature end of file.
2026-03-23 09:56:53,537 [ERROR] LogOutputStream:75 - [STDERR_REDIRECT] 
2026-03-23 09:56:54,549 [ERROR] LogOutputStream:75 - [STDERR_REDIRECT] [Fatal Error] :1:1: Premature end of file.
2026-03-23 09:56:54,549 [ERROR] LogOutputStream:75 - [STDERR_REDIRECT] 
2026-03-23 09:56:55,543 [ERROR] LogOutputStream:75 - [STDERR_REDIRECT] [Fatal Error] :1:1: Premature end of file.
2026-03-23 09:56:55,543 [ERROR] LogOutputStream:75 - [STDERR_REDIRECT] 
2026-03-23 09:56:56,539 [ERROR] LogOutputStream:75 - [STDERR_REDIRECT] [Fatal Error] :1:1: Premature end of file.
2026-03-23 09:56:56,540 [ERROR] LogOutputStream:75 - [STDERR_REDIRECT] 
2026-03-23 09:56:57,539 [ERROR] LogOutputStream:75 - [STDERR_REDIRECT] [Fatal Error] :1:1: Premature end of file.
2026-03-23 09:56:57,541 [ERROR] LogOutputStream:75 - [STDERR_REDIRECT] 
2026-03-23 09:56:58,547 [ERROR] LogOutputStream:75 - [STDERR_REDIRECT] [Fatal Error] :1:1: Premature end of file.
2026-03-23 09:56:58,547 [ERROR] LogOutputStream:75 - [STDERR_REDIRECT] 
2026-03-23 09:56:59,541 [ERROR] LogOutputStream:75 - [STDERR_REDIRECT] [Fatal Error] :1:1: Premature end of file.
2026-03-23 09:56:59,541 [ERROR] LogOutputStream:75 - [STDERR_REDIRECT] 
2026-03-23 09:57:00,539 [ERROR] LogOutputStream:75 - [STDERR_REDIRECT] [Fatal Error] :1:1: Premature end of file.
2026-03-23 09:57:00,539 [ERROR] LogOutputStream:75 - [STDERR_REDIRECT] 
2026-03-23 09:57:01,535 [ERROR] LogOutputStream:75 - [STDERR_REDIRECT] [Fatal Error] :1:1: Premature end of file.
2026-03-23 09:57:01,535 [ERROR] LogOutputStream:75 - [STDERR_REDIRECT] 
2026-03-23 09:57:02,549 [ERROR] LogOutputStream:75 - [STDERR_REDIRECT] [Fatal Error] :1:1: Premature end of file.
2026-03-23 09:57:02,549 [ERROR] LogOutputStream:75 - [STDERR_REDIRECT] 
2026-03-23 09:57:03,543 [ERROR] LogOutputStream:75 - [STDERR_REDIRECT] [Fatal Error] :1:1: Premature end of file.
2026-03-23 09:57:03,544 [ERROR] LogOutputStream:75 - [STDERR_REDIRECT] 
2026-03-23 09:57:04,539 [ERROR] LogOutputStream:75 - [STDERR_REDIRECT] [Fatal Error] :1:1: Premature end of file.
2026-03-23 09:57:04,539 [ERROR] LogOutputStream:75 - [STDERR_REDIRECT] 
2026-03-23 09:57:05,537 [ERROR] LogOutputStream:75 - [STDERR_REDIRECT] [Fatal Error] :1:1: Premature end of file.
2026-03-23 09:57:05,537 [ERROR] LogOutputStream:75 - [STDERR_REDIRECT] 
2026-03-23 09:57:06,534 [ERROR] LogOutputStream:75 - [STDERR_REDIRECT] [Fatal Error] :1:1: Premature end of file.
2026-03-23 09:57:06,534 [ERROR] LogOutputStream:75 - [STDERR_REDIRECT] 
2026-03-23 09:57:07,542 [ERROR] LogOutputStream:75 - [STDERR_REDIRECT] [Fatal Error] :1:1: Premature end of file.
2026-03-23 09:57:07,542 [ERROR] LogOutputStream:75 - [STDERR_REDIRECT] 
2026-03-23 09:57:08,539 [ERROR] LogOutputStream:75 - [STDERR_REDIRECT] [Fatal Error] :1:1: Premature end of file.
2026-03-23 09:57:08,540 [ERROR] LogOutputStream:75 - [STDERR_REDIRECT] 
2026-03-23 09:57:09,535 [ERROR] LogOutputStream:75 - [STDERR_REDIRECT] [Fatal Error] :1:1: Premature end of file.
2026-03-23 09:57:09,535 [ERROR] LogOutputStream:75 - [STDERR_REDIRECT] 
2026-03-23 09:57:10,544 [ERROR] LogOutputStream:75 - [STDERR_REDIRECT] [Fatal Error] :1:1: Premature end of file.
2026-03-23 09:57:10,544 [ERROR] LogOutputStream:75 - [STDERR_REDIRECT] 
2026-03-23 09:57:11,540 [ERROR] LogOutputStream:75 - [STDERR_REDIRECT] [Fatal Error] :1:1: Premature end of file.
2026-03-23 09:57:11,540 [ERROR] LogOutputStream:75 - [STDERR_REDIRECT] 
2026-03-23 09:57:12,534 [ERROR] LogOutputStream:75 - [STDERR_REDIRECT] [Fatal Error] :1:1: Premature end of file.
2026-03-23 09:57:12,534 [ERROR] LogOutputStream:75 - [STDERR_REDIRECT] 
2026-03-23 09:57:13,549 [ERROR] LogOutputStream:75 - [STDERR_REDIRECT] [Fatal Error] :1:1: Premature end of file.
2026-03-23 09:57:13,549 [ERROR] LogOutputStream:75 - [STDERR_REDIRECT] 
2026-03-23 09:57:14,541 [ERROR] LogOutputStream:75 - [STDERR_REDIRECT] [Fatal Error] :1:1: Premature end of file.
2026-03-23 09:57:14,541 [ERROR] LogOutputStream:75 - [STDERR_REDIRECT] 
2026-03-23 09:57:15,533 [ERROR] LogOutputStream:75 - [STDERR_REDIRECT] [Fatal Error] :1:1: Premature end of file.
2026-03-23 09:57:15,533 [ERROR] LogOutputStream:75 - [STDERR_REDIRECT] 
2026-03-23 09:57:16,547 [ERROR] LogOutputStream:75 - [STDERR_REDIRECT] [Fatal Error] :1:1: Premature end of file.
2026-03-23 09:57:16,547 [ERROR] LogOutputStream:75 - [STDERR_REDIRECT] 
2026-03-23 09:57:17,544 [ERROR] LogOutputStream:75 - [STDERR_REDIRECT] [Fatal Error] :1:1: Premature end of file.
2026-03-23 09:57:17,544 [ERROR] LogOutputStream:75 - [STDERR_REDIRECT] 
2026-03-23 09:57:18,534 [ERROR] LogOutputStream:75 - [STDERR_REDIRECT] [Fatal Error] :1:1: Premature end of file.
2026-03-23 09:57:18,534 [ERROR] LogOutputStream:75 - [STDERR_REDIRECT] 
2026-03-23 09:57:19,535 [ERROR] LogOutputStream:75 - [STDERR_REDIRECT] [Fatal Error] :1:1: Premature end of file.
2026-03-23 09:57:19,535 [ERROR] LogOutputStream:75 - [STDERR_REDIRECT] 
2026-03-23 09:57:20,548 [ERROR] LogOutputStream:75 - [STDERR_REDIRECT] [Fatal Error] :1:1: Premature end of file.
2026-03-23 09:57:20,548 [ERROR] LogOutputStream:75 - [STDERR_REDIRECT] 
2026-03-23 09:57:21,545 [ERROR] LogOutputStream:75 - [STDERR_REDIRECT] [Fatal Error] :1:1: Premature end of file.
2026-03-23 09:57:21,545 [ERROR] LogOutputStream:75 - [STDERR_REDIRECT] 
2026-03-23 09:57:22,537 [ERROR] LogOutputStream:75 - [STDERR_REDIRECT] [Fatal Error] :1:1: Premature end of file.
2026-03-23 09:57:22,537 [ERROR] LogOutputStream:75 - [STDERR_REDIRECT] 
2026-03-23 09:57:23,548 [ERROR] LogOutputStream:75 - [STDERR_REDIRECT] [Fatal Error] :1:1: Premature end of file.
2026-03-23 09:57:23,548 [ERROR] LogOutputStream:75 - [STDERR_REDIRECT] 
2026-03-23 09:57:24,542 [ERROR] LogOutputStream:75 - [STDERR_REDIRECT] [Fatal Error] :1:1: Premature end of file.
2026-03-23 09:57:24,542 [ERROR] LogOutputStream:75 - [STDERR_REDIRECT] 
2026-03-23 09:57:25,540 [ERROR] LogOutputStream:75 - [STDERR_REDIRECT] [Fatal Error] :1:1: Premature end of file.
2026-03-23 09:57:25,540 [ERROR] LogOutputStream:75 - [STDERR_REDIRECT] 
2026-03-23 09:57:26,533 [ERROR] LogOutputStream:75 - [STDERR_REDIRECT] [Fatal Error] :1:1: Premature end of file.
2026-03-23 09:57:26,533 [ERROR] LogOutputStream:75 - [STDERR_REDIRECT] 
2026-03-23 09:57:27,545 [ERROR] LogOutputStream:75 - [STDERR_REDIRECT] [Fatal Error] :1:1: Premature end of file.
2026-03-23 09:57:27,545 [ERROR] LogOutputStream:75 - [STDERR_REDIRECT] 
2026-03-23 09:57:28,535 [ERROR] LogOutputStream:75 - [STDERR_REDIRECT] [Fatal Error] :1:1: Premature end of file.
2026-03-23 09:57:28,535 [ERROR] LogOutputStream:75 - [STDERR_REDIRECT] 
2026-03-23 09:57:29,537 [ERROR] LogOutputStream:75 - [STDERR_REDIRECT] [Fatal Error] :1:1: Premature end of file.
2026-03-23 09:57:29,537 [ERROR] LogOutputStream:75 - [STDERR_REDIRECT] 
2026-03-23 09:57:30,534 [ERROR] LogOutputStream:75 - [STDERR_REDIRECT] [Fatal Error] :1:1: Premature end of file.
2026-03-23 09:57:30,534 [ERROR] LogOutputStream:75 - [STDERR_REDIRECT] 
2026-03-23 09:57:31,532 [ERROR] LogOutputStream:75 - [STDERR_REDIRECT] [Fatal Error] :1:1: Premature end of file.
2026-03-23 09:57:31,532 [ERROR] LogOutputStream:75 - [STDERR_REDIRECT] 
2026-03-23 09:57:32,540 [ERROR] LogOutputStream:75 - [STDERR_REDIRECT] [Fatal Error] :1:1: Premature end of file.
2026-03-23 09:57:32,541 [ERROR] LogOutputStream:75 - [STDERR_REDIRECT] 
2026-03-23 09:57:33,538 [ERROR] LogOutputStream:75 - [STDERR_REDIRECT] [Fatal Error] :1:1: Premature end of file.
2026-03-23 09:57:33,538 [ERROR] LogOutputStream:75 - [STDERR_REDIRECT] 
2026-03-23 09:57:34,531 [ERROR] LogOutputStream:75 - [STDERR_REDIRECT] [Fatal Error] :1:1: Premature end of file.
2026-03-23 09:57:34,532 [ERROR] LogOutputStream:75 - [STDERR_REDIRECT] 
2026-03-23 09:57:35,544 [ERROR] LogOutputStream:75 - [STDERR_REDIRECT] [Fatal Error] :1:1: Premature end of file.
2026-03-23 09:57:35,544 [ERROR] LogOutputStream:75 - [STDERR_REDIRECT] 
2026-03-23 09:57:36,544 [ERROR] LogOutputStream:75 - [STDERR_REDIRECT] [Fatal Error] :1:1: Premature end of file.
2026-03-23 09:57:36,544 [ERROR] LogOutputStream:75 - [STDERR_REDIRECT] 
2026-03-23 09:57:37,540 [ERROR] LogOutputStream:75 - [STDERR_REDIRECT] [Fatal Error] :1:1: Premature end of file.
2026-03-23 09:57:37,540 [ERROR] LogOutputStream:75 - [STDERR_REDIRECT] 
2026-03-23 09:57:38,548 [ERROR] LogOutputStream:75 - [STDERR_REDIRECT] [Fatal Error] :1:1: Premature end of file.
2026-03-23 09:57:38,549 [ERROR] LogOutputStream:75 - [STDERR_REDIRECT] 
2026-03-23 09:57:39,539 [ERROR] LogOutputStream:75 - [STDERR_REDIRECT] [Fatal Error] :1:1: Premature end of file.
2026-03-23 09:57:39,539 [ERROR] LogOutputStream:75 - [STDERR_REDIRECT] 
2026-03-23 09:57:40,534 [ERROR] LogOutputStream:75 - [STDERR_REDIRECT] [Fatal Error] :1:1: Premature end of file.
2026-03-23 09:57:40,534 [ERROR] LogOutputStream:75 - [STDERR_REDIRECT] 
2026-03-23 09:57:41,544 [ERROR] LogOutputStream:75 - [STDERR_REDIRECT] [Fatal Error] :1:1: Premature end of file.
2026-03-23 09:57:41,545 [ERROR] LogOutputStream:75 - [STDERR_REDIRECT] 
2026-03-23 09:57:42,542 [ERROR] LogOutputStream:75 - [STDERR_REDIRECT] [Fatal Error] :1:1: Premature end of file.
2026-03-23 09:57:42,542 [ERROR] LogOutputStream:75 - [STDERR_REDIRECT] 
2026-03-23 09:57:43,534 [ERROR] LogOutputStream:75 - [STDERR_REDIRECT] [Fatal Error] :1:1: Premature end of file.
2026-03-23 09:57:43,534 [ERROR] LogOutputStream:75 - [STDERR_REDIRECT] 
2026-03-23 09:57:44,533 [ERROR] LogOutputStream:75 - [STDERR_REDIRECT] [Fatal Error] :1:1: Premature end of file.
2026-03-23 09:57:44,534 [ERROR] LogOutputStream:75 - [STDERR_REDIRECT] 
2026-03-23 09:57:45,542 [ERROR] LogOutputStream:75 - [STDERR_REDIRECT] [Fatal Error] :1:1: Premature end of file.
2026-03-23 09:57:45,542 [ERROR] LogOutputStream:75 - [STDERR_REDIRECT] 
2026-03-23 09:57:46,575 [ERROR] LogOutputStream:75 - [STDERR_REDIRECT] [Fatal Error] :1:1: Premature end of file.
2026-03-23 09:57:46,575 [ERROR] LogOutputStream:75 - [STDERR_REDIRECT] 
2026-03-23 09:57:47,544 [ERROR] LogOutputStream:75 - [STDERR_REDIRECT] [Fatal Error] :1:1: Premature end of file.
2026-03-23 09:57:47,544 [ERROR] LogOutputStream:75 - [STDERR_REDIRECT] 
2026-03-23 09:57:48,544 [ERROR] LogOutputStream:75 - [STDERR_REDIRECT] [Fatal Error] :1:1: Premature end of file.
2026-03-23 09:57:48,544 [ERROR] LogOutputStream:75 - [STDERR_REDIRECT] 
2026-03-23 09:57:49,536 [ERROR] LogOutputStream:75 - [STDERR_REDIRECT] [Fatal Error] :1:1: Premature end of file.
2026-03-23 09:57:49,536 [ERROR] LogOutputStream:75 - [STDERR_REDIRECT] 
2026-03-23 09:57:50,535 [ERROR] LogOutputStream:75 - [STDERR_REDIRECT] [Fatal Error] :1:1: Premature end of file.
2026-03-23 09:57:50,535 [ERROR] LogOutputStream:75 - [STDERR_REDIRECT] 
2026-03-23 09:57:51,547 [ERROR] LogOutputStream:75 - [STDERR_REDIRECT] [Fatal Error] :1:1: Premature end of file.
2026-03-23 09:57:51,547 [ERROR] LogOutputStream:75 - [STDERR_REDIRECT] 
2026-03-23 09:57:52,546 [ERROR] LogOutputStream:75 - [STDERR_REDIRECT] [Fatal Error] :1:1: Premature end of file.
2026-03-23 09:57:52,547 [ERROR] LogOutputStream:75 - [STDERR_REDIRECT] 
2026-03-23 09:57:53,541 [ERROR] LogOutputStream:75 - [STDERR_REDIRECT] [Fatal Error] :1:1: Premature end of file.
2026-03-23 09:57:53,541 [ERROR] LogOutputStream:75 - [STDERR_REDIRECT] 
2026-03-23 09:57:54,534 [ERROR] LogOutputStream:75 - [STDERR_REDIRECT] [Fatal Error] :1:1: Premature end of file.
2026-03-23 09:57:54,534 [ERROR] LogOutputStream:75 - [STDERR_REDIRECT] 
2026-03-23 09:57:55,544 [ERROR] LogOutputStream:75 - [STDERR_REDIRECT] [Fatal Error] :1:1: Premature end of file.
2026-03-23 09:57:55,545 [ERROR] LogOutputStream:75 - [STDERR_REDIRECT] 
2026-03-23 09:57:56,541 [ERROR] LogOutputStream:75 - [STDERR_REDIRECT] [Fatal Error] :1:1: Premature end of file.
2026-03-23 09:57:56,541 [ERROR] LogOutputStream:75 - [STDERR_REDIRECT] 
2026-03-23 09:57:57,536 [ERROR] LogOutputStream:75 - [STDERR_REDIRECT] [Fatal Error] :1:1: Premature end of file.
2026-03-23 09:57:57,536 [ERROR] LogOutputStream:75 - [STDERR_REDIRECT] 
2026-03-23 09:57:58,545 [ERROR] LogOutputStream:75 - [STDERR_REDIRECT] [Fatal Error] :1:1: Premature end of file.
2026-03-23 09:57:58,545 [ERROR] LogOutputStream:75 - [STDERR_REDIRECT] 
2026-03-23 09:57:59,536 [ERROR] LogOutputStream:75 - [STDERR_REDIRECT] [Fatal Error] :1:1: Premature end of file.
2026-03-23 09:57:59,536 [ERROR] LogOutputStream:75 - [STDERR_REDIRECT] 
2026-03-23 09:58:00,548 [ERROR] LogOutputStream:75 - [STDERR_REDIRECT] [Fatal Error] :1:1: Premature end of file.
2026-03-23 09:58:00,548 [ERROR] LogOutputStream:75 - [STDERR_REDIRECT] 
2026-03-23 09:58:01,541 [ERROR] LogOutputStream:75 - [STDERR_REDIRECT] [Fatal Error] :1:1: Premature end of file.
2026-03-23 09:58:01,543 [ERROR] LogOutputStream:75 - [STDERR_REDIRECT] 
2026-03-23 09:58:02,538 [ERROR] LogOutputStream:75 - [STDERR_REDIRECT] [Fatal Error] :1:1: Premature end of file.
2026-03-23 09:58:02,538 [ERROR] LogOutputStream:75 - [STDERR_REDIRECT] 
2026-03-23 09:58:03,533 [ERROR] LogOutputStream:75 - [STDERR_REDIRECT] [Fatal Error] :1:1: Premature end of file.
2026-03-23 09:58:03,533 [ERROR] LogOutputStream:75 - [STDERR_REDIRECT] 
2026-03-23 09:58:04,542 [ERROR] LogOutputStream:75 - [STDERR_REDIRECT] [Fatal Error] :1:1: Premature end of file.
2026-03-23 09:58:04,542 [ERROR] LogOutputStream:75 - [STDERR_REDIRECT] 
2026-03-23 09:58:05,547 [ERROR] LogOutputStream:75 - [STDERR_REDIRECT] [Fatal Error] :1:1: Premature end of file.
2026-03-23 09:58:05,547 [ERROR] LogOutputStream:75 - [STDERR_REDIRECT] 
2026-03-23 09:58:06,565 [ERROR] LogOutputStream:75 - [STDERR_REDIRECT] [Fatal Error] :1:1: Premature end of file.
2026-03-23 09:58:06,565 [ERROR] LogOutputStream:75 - [STDERR_REDIRECT] 
2026-03-23 09:58:07,536 [ERROR] LogOutputStream:75 - [STDERR_REDIRECT] [Fatal Error] :1:1: Premature end of file.
2026-03-23 09:58:07,536 [ERROR] LogOutputStream:75 - [STDERR_REDIRECT] 
2026-03-23 09:58:08,532 [ERROR] LogOutputStream:75 - [STDERR_REDIRECT] [Fatal Error] :1:1: Premature end of file.
2026-03-23 09:58:08,532 [ERROR] LogOutputStream:75 - [STDERR_REDIRECT] 
2026-03-23 09:58:09,542 [ERROR] LogOutputStream:75 - [STDERR_REDIRECT] [Fatal Error] :1:1: Premature end of file.
2026-03-23 09:58:09,542 [ERROR] LogOutputStream:75 - [STDERR_REDIRECT] 
2026-03-23 09:58:10,539 [ERROR] LogOutputStream:75 - [STDERR_REDIRECT] [Fatal Error] :1:1: Premature end of file.
2026-03-23 09:58:10,539 [ERROR] LogOutputStream:75 - [STDERR_REDIRECT] 
2026-03-23 09:58:11,536 [ERROR] LogOutputStream:75 - [STDERR_REDIRECT] [Fatal Error] :1:1: Premature end of file.
2026-03-23 09:58:11,536 [ERROR] LogOutputStream:75 - [STDERR_REDIRECT] 
2026-03-23 09:58:12,547 [ERROR] LogOutputStream:75 - [STDERR_REDIRECT] [Fatal Error] :1:1: Premature end of file.
2026-03-23 09:58:12,549 [ERROR] LogOutputStream:75 - [STDERR_REDIRECT] 
2026-03-23 09:58:13,547 [ERROR] LogOutputStream:75 - [STDERR_REDIRECT] [Fatal Error] :1:1: Premature end of file.
2026-03-23 09:58:13,547 [ERROR] LogOutputStream:75 - [STDERR_REDIRECT] 
2026-03-23 09:58:14,606 [ERROR] LogOutputStream:75 - [STDERR_REDIRECT] [Fatal Error] :1:1: Premature end of file.
2026-03-23 09:58:14,606 [ERROR] LogOutputStream:75 - [STDERR_REDIRECT] 
2026-03-23 09:58:15,550 [ERROR] LogOutputStream:75 - [STDERR_REDIRECT] [Fatal Error] :1:1: Premature end of file.
2026-03-23 09:58:15,550 [ERROR] LogOutputStream:75 - [STDERR_REDIRECT] 
2026-03-23 09:58:16,538 [ERROR] LogOutputStream:75 - [STDERR_REDIRECT] [Fatal Error] :1:1: Premature end of file.
2026-03-23 09:58:16,538 [ERROR] LogOutputStream:75 - [STDERR_REDIRECT] 
2026-03-23 09:58:17,536 [ERROR] LogOutputStream:75 - [STDERR_REDIRECT] [Fatal Error] :1:1: Premature end of file.
2026-03-23 09:58:17,536 [ERROR] LogOutputStream:75 - [STDERR_REDIRECT] 
2026-03-23 09:58:18,541 [ERROR] LogOutputStream:75 - [STDERR_REDIRECT] [Fatal Error] :1:1: Premature end of file.
2026-03-23 09:58:18,542 [ERROR] LogOutputStream:75 - [STDERR_REDIRECT] 
2026-03-23 09:58:19,542 [ERROR] LogOutputStream:75 - [STDERR_REDIRECT] [Fatal Error] :1:1: Premature end of file.
2026-03-23 09:58:19,542 [ERROR] LogOutputStream:75 - [STDERR_REDIRECT] 
2026-03-23 09:58:20,553 [ERROR] LogOutputStream:75 - [STDERR_REDIRECT] [Fatal Error] :1:1: Premature end of file.
2026-03-23 09:58:20,553 [ERROR] LogOutputStream:75 - [STDERR_REDIRECT] 
2026-03-23 09:58:21,554 [ERROR] LogOutputStream:75 - [STDERR_REDIRECT] [Fatal Error] :1:1: Premature end of file.
2026-03-23 09:58:21,555 [ERROR] LogOutputStream:75 - [STDERR_REDIRECT] 
2026-03-23 09:58:22,550 [ERROR] LogOutputStream:75 - [STDERR_REDIRECT] [Fatal Error] :1:1: Premature end of file.
2026-03-23 09:58:22,550 [ERROR] LogOutputStream:75 - [STDERR_REDIRECT] 
2026-03-23 09:58:23,537 [ERROR] LogOutputStream:75 - [STDERR_REDIRECT] [Fatal Error] :1:1: Premature end of file.
2026-03-23 09:58:23,538 [ERROR] LogOutputStream:75 - [STDERR_REDIRECT] 
2026-03-23 09:58:24,547 [ERROR] LogOutputStream:75 - [STDERR_REDIRECT] [Fatal Error] :1:1: Premature end of file.
2026-03-23 09:58:24,547 [ERROR] LogOutputStream:75 - [STDERR_REDIRECT] 
2026-03-23 09:58:25,538 [ERROR] LogOutputStream:75 - [STDERR_REDIRECT] [Fatal Error] :1:1: Premature end of file.
2026-03-23 09:58:25,538 [ERROR] LogOutputStream:75 - [STDERR_REDIRECT] 
2026-03-23 09:58:26,532 [ERROR] LogOutputStream:75 - [STDERR_REDIRECT] [Fatal Error] :1:1: Premature end of file.
2026-03-23 09:58:26,532 [ERROR] LogOutputStream:75 - [STDERR_REDIRECT] 
2026-03-23 09:58:27,545 [ERROR] LogOutputStream:75 - [STDERR_REDIRECT] [Fatal Error] :1:1: Premature end of file.
2026-03-23 09:58:27,545 [ERROR] LogOutputStream:75 - [STDERR_REDIRECT] 
2026-03-23 09:58:28,545 [ERROR] LogOutputStream:75 - [STDERR_REDIRECT] [Fatal Error] :1:1: Premature end of file.
2026-03-23 09:58:28,545 [ERROR] LogOutputStream:75 - [STDERR_REDIRECT] 
2026-03-23 09:58:29,539 [ERROR] LogOutputStream:75 - [STDERR_REDIRECT] [Fatal Error] :1:1: Premature end of file.
2026-03-23 09:58:29,540 [ERROR] LogOutputStream:75 - [STDERR_REDIRECT] 
2026-03-23 09:58:30,536 [ERROR] LogOutputStream:75 - [STDERR_REDIRECT] [Fatal Error] :1:1: Premature end of file.
2026-03-23 09:58:30,537 [ERROR] LogOutputStream:75 - [STDERR_REDIRECT] 
2026-03-23 09:58:31,557 [ERROR] LogOutputStream:75 - [STDERR_REDIRECT] [Fatal Error] :1:1: Premature end of file.
2026-03-23 09:58:31,557 [ERROR] LogOutputStream:75 - [STDERR_REDIRECT] 
2026-03-23 09:58:32,542 [ERROR] LogOutputStream:75 - [STDERR_REDIRECT] [Fatal Error] :1:1: Premature end of file.
2026-03-23 09:58:32,542 [ERROR] LogOutputStream:75 - [STDERR_REDIRECT] 
2026-03-23 09:58:33,544 [ERROR] LogOutputStream:75 - [STDERR_REDIRECT] [Fatal Error] :1:1: Premature end of file.
2026-03-23 09:58:33,544 [ERROR] LogOutputStream:75 - [STDERR_REDIRECT] 
2026-03-23 09:58:34,539 [ERROR] LogOutputStream:75 - [STDERR_REDIRECT] [Fatal Error] :1:1: Premature end of file.
2026-03-23 09:58:34,539 [ERROR] LogOutputStream:75 - [STDERR_REDIRECT] 
2026-03-23 09:58:35,548 [ERROR] LogOutputStream:75 - [STDERR_REDIRECT] [Fatal Error] :1:1: Premature end of file.
2026-03-23 09:58:35,548 [ERROR] LogOutputStream:75 - [STDERR_REDIRECT] 
2026-03-23 09:58:36,543 [ERROR] LogOutputStream:75 - [STDERR_REDIRECT] [Fatal Error] :1:1: Premature end of file.
2026-03-23 09:58:36,543 [ERROR] LogOutputStream:75 - [STDERR_REDIRECT] 
2026-03-23 09:58:37,545 [ERROR] LogOutputStream:75 - [STDERR_REDIRECT] [Fatal Error] :1:1: Premature end of file.
2026-03-23 09:58:37,545 [ERROR] LogOutputStream:75 - [STDERR_REDIRECT] 
2026-03-23 09:58:38,532 [ERROR] LogOutputStream:75 - [STDERR_REDIRECT] [Fatal Error] :1:1: Premature end of file.
2026-03-23 09:58:38,532 [ERROR] LogOutputStream:75 - [STDERR_REDIRECT] 
2026-03-23 09:58:39,538 [ERROR] LogOutputStream:75 - [STDERR_REDIRECT] [Fatal Error] :1:1: Premature end of file.
2026-03-23 09:58:39,538 [ERROR] LogOutputStream:75 - [STDERR_REDIRECT] 
2026-03-23 09:58:40,535 [ERROR] LogOutputStream:75 - [STDERR_REDIRECT] [Fatal Error] :1:1: Premature end of file.
2026-03-23 09:58:40,535 [ERROR] LogOutputStream:75 - [STDERR_REDIRECT] 
2026-03-23 09:58:41,542 [ERROR] LogOutputStream:75 - [STDERR_REDIRECT] [Fatal Error] :1:1: Premature end of file.
2026-03-23 09:58:41,542 [ERROR] LogOutputStream:75 - [STDERR_REDIRECT] 
2026-03-23 09:58:42,538 [ERROR] LogOutputStream:75 - [STDERR_REDIRECT] [Fatal Error] :1:1: Premature end of file.
2026-03-23 09:58:42,538 [ERROR] LogOutputStream:75 - [STDERR_REDIRECT] 
2026-03-23 09:58:43,535 [ERROR] LogOutputStream:75 - [STDERR_REDIRECT] [Fatal Error] :1:1: Premature end of file.
2026-03-23 09:58:43,535 [ERROR] LogOutputStream:75 - [STDERR_REDIRECT] 
2026-03-23 09:58:44,535 [ERROR] LogOutputStream:75 - [STDERR_REDIRECT] [Fatal Error] :1:1: Premature end of file.
2026-03-23 09:58:44,535 [ERROR] LogOutputStream:75 - [STDERR_REDIRECT] 
2026-03-23 09:58:45,541 [ERROR] LogOutputStream:75 - [STDERR_REDIRECT] [Fatal Error] :1:1: Premature end of file.
2026-03-23 09:58:45,541 [ERROR] LogOutputStream:75 - [STDERR_REDIRECT] 
2026-03-23 09:58:46,535 [ERROR] LogOutputStream:75 - [STDERR_REDIRECT] [Fatal Error] :1:1: Premature end of file.
2026-03-23 09:58:46,535 [ERROR] LogOutputStream:75 - [STDERR_REDIRECT] 
2026-03-23 09:58:47,534 [ERROR] LogOutputStream:75 - [STDERR_REDIRECT] [Fatal Error] :1:1: Premature end of file.
2026-03-23 09:58:47,534 [ERROR] LogOutputStream:75 - [STDERR_REDIRECT] 
2026-03-23 09:58:48,539 [ERROR] LogOutputStream:75 - [STDERR_REDIRECT] [Fatal Error] :1:1: Premature end of file.
2026-03-23 09:58:48,539 [ERROR] LogOutputStream:75 - [STDERR_REDIRECT] 
2026-03-23 09:58:49,530 [ERROR] LogOutputStream:75 - [STDERR_REDIRECT] [Fatal Error] :1:1: Premature end of file.
2026-03-23 09:58:49,531 [ERROR] LogOutputStream:75 - [STDERR_REDIRECT] 
2026-03-23 09:58:50,535 [ERROR] LogOutputStream:75 - [STDERR_REDIRECT] [Fatal Error] :1:1: Premature end of file.
2026-03-23 09:58:50,535 [ERROR] LogOutputStream:75 - [STDERR_REDIRECT] 
2026-03-23 09:58:51,533 [ERROR] LogOutputStream:75 - [STDERR_REDIRECT] [Fatal Error] :1:1: Premature end of file.
2026-03-23 09:58:51,534 [ERROR] LogOutputStream:75 - [STDERR_REDIRECT] 
2026-03-23 09:58:52,533 [ERROR] LogOutputStream:75 - [STDERR_REDIRECT] [Fatal Error] :1:1: Premature end of file.
2026-03-23 09:58:52,533 [ERROR] LogOutputStream:75 - [STDERR_REDIRECT] 
2026-03-23 09:58:53,547 [ERROR] LogOutputStream:75 - [STDERR_REDIRECT] [Fatal Error] :1:1: Premature end of file.
2026-03-23 09:58:53,547 [ERROR] LogOutputStream:75 - [STDERR_REDIRECT] 
2026-03-23 09:58:54,534 [ERROR] LogOutputStream:75 - [STDERR_REDIRECT] [Fatal Error] :1:1: Premature end of file.
2026-03-23 09:58:54,534 [ERROR] LogOutputStream:75 - [STDERR_REDIRECT] 
2026-03-23 09:58:55,533 [ERROR] LogOutputStream:75 - [STDERR_REDIRECT] [Fatal Error] :1:1: Premature end of file.
2026-03-23 09:58:55,533 [ERROR] LogOutputStream:75 - [STDERR_REDIRECT] 
2026-03-23 09:58:56,535 [ERROR] LogOutputStream:75 - [STDERR_REDIRECT] [Fatal Error] :1:1: Premature end of file.
2026-03-23 09:58:56,535 [ERROR] LogOutputStream:75 - [STDERR_REDIRECT] 
2026-03-23 09:58:57,535 [ERROR] LogOutputStream:75 - [STDERR_REDIRECT] [Fatal Error] :1:1: Premature end of file.
2026-03-23 09:58:57,536 [ERROR] LogOutputStream:75 - [STDERR_REDIRECT] 
2026-03-23 09:58:58,539 [ERROR] LogOutputStream:75 - [STDERR_REDIRECT] [Fatal Error] :1:1: Premature end of file.
2026-03-23 09:58:58,539 [ERROR] LogOutputStream:75 - [STDERR_REDIRECT] 
2026-03-23 09:58:59,536 [ERROR] LogOutputStream:75 - [STDERR_REDIRECT] [Fatal Error] :1:1: Premature end of file.
2026-03-23 09:58:59,536 [ERROR] LogOutputStream:75 - [STDERR_REDIRECT] 
2026-03-23 09:59:00,534 [ERROR] LogOutputStream:75 - [STDERR_REDIRECT] [Fatal Error] :1:1: Premature end of file.
2026-03-23 09:59:00,534 [ERROR] LogOutputStream:75 - [STDERR_REDIRECT] 
2026-03-23 09:59:01,536 [ERROR] LogOutputStream:75 - [STDERR_REDIRECT] [Fatal Error] :1:1: Premature end of file.
2026-03-23 09:59:01,537 [ERROR] LogOutputStream:75 - [STDERR_REDIRECT] 
2026-03-23 09:59:02,533 [ERROR] LogOutputStream:75 - [STDERR_REDIRECT] [Fatal Error] :1:1: Premature end of file.
2026-03-23 09:59:02,533 [ERROR] LogOutputStream:75 - [STDERR_REDIRECT] 
2026-03-23 09:59:03,533 [ERROR] LogOutputStream:75 - [STDERR_REDIRECT] [Fatal Error] :1:1: Premature end of file.
2026-03-23 09:59:03,533 [ERROR] LogOutputStream:75 - [STDERR_REDIRECT] 
2026-03-23 09:59:04,532 [ERROR] LogOutputStream:75 - [STDERR_REDIRECT] [Fatal Error] :1:1: Premature end of file.
2026-03-23 09:59:04,532 [ERROR] LogOutputStream:75 - [STDERR_REDIRECT] 
2026-03-23 09:59:05,538 [ERROR] LogOutputStream:75 - [STDERR_REDIRECT] [Fatal Error] :1:1: Premature end of file.
2026-03-23 09:59:05,538 [ERROR] LogOutputStream:75 - [STDERR_REDIRECT] 
2026-03-23 09:59:06,534 [ERROR] LogOutputStream:75 - [STDERR_REDIRECT] [Fatal Error] :1:1: Premature end of file.
2026-03-23 09:59:06,534 [ERROR] LogOutputStream:75 - [STDERR_REDIRECT] 
2026-03-23 09:59:07,532 [ERROR] LogOutputStream:75 - [STDERR_REDIRECT] [Fatal Error] :1:1: Premature end of file.
2026-03-23 09:59:07,532 [ERROR] LogOutputStream:75 - [STDERR_REDIRECT] 
2026-03-23 09:59:08,532 [ERROR] LogOutputStream:75 - [STDERR_REDIRECT] [Fatal Error] :1:1: Premature end of file.
2026-03-23 09:59:08,532 [ERROR] LogOutputStream:75 - [STDERR_REDIRECT] 
2026-03-23 09:59:09,543 [ERROR] LogOutputStream:75 - [STDERR_REDIRECT] [Fatal Error] :1:1: Premature end of file.
2026-03-23 09:59:09,544 [ERROR] LogOutputStream:75 - [STDERR_REDIRECT] 
2026-03-23 09:59:10,539 [ERROR] LogOutputStream:75 - [STDERR_REDIRECT] [Fatal Error] :1:1: Premature end of file.
2026-03-23 09:59:10,539 [ERROR] LogOutputStream:75 - [STDERR_REDIRECT] 
2026-03-23 09:59:11,532 [ERROR] LogOutputStream:75 - [STDERR_REDIRECT] [Fatal Error] :1:1: Premature end of file.
2026-03-23 09:59:11,532 [ERROR] LogOutputStream:75 - [STDERR_REDIRECT] 
2026-03-23 09:59:12,536 [ERROR] LogOutputStream:75 - [STDERR_REDIRECT] [Fatal Error] :1:1: Premature end of file.
2026-03-23 09:59:12,536 [ERROR] LogOutputStream:75 - [STDERR_REDIRECT] 
2026-03-23 09:59:13,534 [ERROR] LogOutputStream:75 - [STDERR_REDIRECT] [Fatal Error] :1:1: Premature end of file.
2026-03-23 09:59:13,534 [ERROR] LogOutputStream:75 - [STDERR_REDIRECT] 
2026-03-23 09:59:14,535 [ERROR] LogOutputStream:75 - [STDERR_REDIRECT] [Fatal Error] :1:1: Premature end of file.
2026-03-23 09:59:14,535 [ERROR] LogOutputStream:75 - [STDERR_REDIRECT] 
2026-03-23 09:59:15,533 [ERROR] LogOutputStream:75 - [STDERR_REDIRECT] [Fatal Error] :1:1: Premature end of file.
2026-03-23 09:59:15,533 [ERROR] LogOutputStream:75 - [STDERR_REDIRECT] 
2026-03-23 09:59:16,536 [ERROR] LogOutputStream:75 - [STDERR_REDIRECT] [Fatal Error] :1:1: Premature end of file.
2026-03-23 09:59:16,536 [ERROR] LogOutputStream:75 - [STDERR_REDIRECT] 
2026-03-23 09:59:17,533 [ERROR] LogOutputStream:75 - [STDERR_REDIRECT] [Fatal Error] :1:1: Premature end of file.
2026-03-23 09:59:17,533 [ERROR] LogOutputStream:75 - [STDERR_REDIRECT] 
2026-03-23 09:59:18,532 [ERROR] LogOutputStream:75 - [STDERR_REDIRECT] [Fatal Error] :1:1: Premature end of file.
2026-03-23 09:59:18,532 [ERROR] LogOutputStream:75 - [STDERR_REDIRECT] 
2026-03-23 09:59:19,535 [ERROR] LogOutputStream:75 - [STDERR_REDIRECT] [Fatal Error] :1:1: Premature end of file.
2026-03-23 09:59:19,535 [ERROR] LogOutputStream:75 - [STDERR_REDIRECT] 
2026-03-23 09:59:20,535 [ERROR] LogOutputStream:75 - [STDERR_REDIRECT] [Fatal Error] :1:1: Premature end of file.
2026-03-23 09:59:20,535 [ERROR] LogOutputStream:75 - [STDERR_REDIRECT] 
2026-03-23 09:59:21,545 [ERROR] LogOutputStream:75 - [STDERR_REDIRECT] [Fatal Error] :1:1: Premature end of file.
2026-03-23 09:59:21,545 [ERROR] LogOutputStream:75 - [STDERR_REDIRECT] 
2026-03-23 09:59:22,531 [ERROR] LogOutputStream:75 - [STDERR_REDIRECT] [Fatal Error] :1:1: Premature end of file.
2026-03-23 09:59:22,532 [ERROR] LogOutputStream:75 - [STDERR_REDIRECT] 
2026-03-23 09:59:23,531 [ERROR] LogOutputStream:75 - [STDERR_REDIRECT] [Fatal Error] :1:1: Premature end of file.
2026-03-23 09:59:23,531 [ERROR] LogOutputStream:75 - [STDERR_REDIRECT] 
2026-03-23 09:59:24,536 [ERROR] LogOutputStream:75 - [STDERR_REDIRECT] [Fatal Error] :1:1: Premature end of file.
2026-03-23 09:59:24,537 [ERROR] LogOutputStream:75 - [STDERR_REDIRECT] 
2026-03-23 09:59:25,537 [ERROR] LogOutputStream:75 - [STDERR_REDIRECT] [Fatal Error] :1:1: Premature end of file.
2026-03-23 09:59:25,537 [ERROR] LogOutputStream:75 - [STDERR_REDIRECT] 
2026-03-23 09:59:26,536 [ERROR] LogOutputStream:75 - [STDERR_REDIRECT] [Fatal Error] :1:1: Premature end of file.
2026-03-23 09:59:26,536 [ERROR] LogOutputStream:75 - [STDERR_REDIRECT] 
2026-03-23 09:59:27,533 [ERROR] LogOutputStream:75 - [STDERR_REDIRECT] [Fatal Error] :1:1: Premature end of file.
2026-03-23 09:59:27,534 [ERROR] LogOutputStream:75 - [STDERR_REDIRECT] 
2026-03-23 09:59:28,536 [ERROR] LogOutputStream:75 - [STDERR_REDIRECT] [Fatal Error] :1:1: Premature end of file.
2026-03-23 09:59:28,536 [ERROR] LogOutputStream:75 - [STDERR_REDIRECT] 
2026-03-23 09:59:29,534 [ERROR] LogOutputStream:75 - [STDERR_REDIRECT] [Fatal Error] :1:1: Premature end of file.
2026-03-23 09:59:29,534 [ERROR] LogOutputStream:75 - [STDERR_REDIRECT] 
2026-03-23 09:59:30,535 [ERROR] LogOutputStream:75 - [STDERR_REDIRECT] [Fatal Error] :1:1: Premature end of file.
2026-03-23 09:59:30,535 [ERROR] LogOutputStream:75 - [STDERR_REDIRECT] 
2026-03-23 09:59:31,532 [ERROR] LogOutputStream:75 - [STDERR_REDIRECT] [Fatal Error] :1:1: Premature end of file.
2026-03-23 09:59:31,532 [ERROR] LogOutputStream:75 - [STDERR_REDIRECT] 
2026-03-23 09:59:32,540 [ERROR] LogOutputStream:75 - [STDERR_REDIRECT] [Fatal Error] :1:1: Premature end of file.
2026-03-23 09:59:32,540 [ERROR] LogOutputStream:75 - [STDERR_REDIRECT] 
2026-03-23 09:59:33,532 [ERROR] LogOutputStream:75 - [STDERR_REDIRECT] [Fatal Error] :1:1: Premature end of file.
2026-03-23 09:59:33,532 [ERROR] LogOutputStream:75 - [STDERR_REDIRECT] 
2026-03-23 09:59:34,531 [ERROR] LogOutputStream:75 - [STDERR_REDIRECT] [Fatal Error] :1:1: Premature end of file.
2026-03-23 09:59:34,531 [ERROR] LogOutputStream:75 - [STDERR_REDIRECT] 
2026-03-23 09:59:35,533 [ERROR] LogOutputStream:75 - [STDERR_REDIRECT] [Fatal Error] :1:1: Premature end of file.
2026-03-23 09:59:35,533 [ERROR] LogOutputStream:75 - [STDERR_REDIRECT] 
2026-03-23 09:59:36,534 [ERROR] LogOutputStream:75 - [STDERR_REDIRECT] [Fatal Error] :1:1: Premature end of file.
2026-03-23 09:59:36,535 [ERROR] LogOutputStream:75 - [STDERR_REDIRECT] 
2026-03-23 09:59:37,535 [ERROR] LogOutputStream:75 - [STDERR_REDIRECT] [Fatal Error] :1:1: Premature end of file.
2026-03-23 09:59:37,535 [ERROR] LogOutputStream:75 - [STDERR_REDIRECT] 
2026-03-23 09:59:38,536 [ERROR] LogOutputStream:75 - [STDERR_REDIRECT] [Fatal Error] :1:1: Premature end of file.
2026-03-23 09:59:38,536 [ERROR] LogOutputStream:75 - [STDERR_REDIRECT] 
2026-03-23 09:59:39,548 [ERROR] LogOutputStream:75 - [STDERR_REDIRECT] [Fatal Error] :1:1: Premature end of file.
2026-03-23 09:59:39,549 [ERROR] LogOutputStream:75 - [STDERR_REDIRECT] 
2026-03-23 09:59:40,534 [ERROR] LogOutputStream:75 - [STDERR_REDIRECT] [Fatal Error] :1:1: Premature end of file.
2026-03-23 09:59:40,534 [ERROR] LogOutputStream:75 - [STDERR_REDIRECT] 
2026-03-23 09:59:41,537 [ERROR] LogOutputStream:75 - [STDERR_REDIRECT] [Fatal Error] :1:1: Premature end of file.
2026-03-23 09:59:41,537 [ERROR] LogOutputStream:75 - [STDERR_REDIRECT] 
2026-03-23 09:59:42,537 [ERROR] LogOutputStream:75 - [STDERR_REDIRECT] [Fatal Error] :1:1: Premature end of file.
2026-03-23 09:59:42,538 [ERROR] LogOutputStream:75 - [STDERR_REDIRECT] 
2026-03-23 09:59:43,533 [ERROR] LogOutputStream:75 - [STDERR_REDIRECT] [Fatal Error] :1:1: Premature end of file.
2026-03-23 09:59:43,533 [ERROR] LogOutputStream:75 - [STDERR_REDIRECT] 
2026-03-23 09:59:44,531 [ERROR] LogOutputStream:75 - [STDERR_REDIRECT] [Fatal Error] :1:1: Premature end of file.
2026-03-23 09:59:44,532 [ERROR] LogOutputStream:75 - [STDERR_REDIRECT] 
2026-03-23 09:59:45,531 [ERROR] LogOutputStream:75 - [STDERR_REDIRECT] [Fatal Error] :1:1: Premature end of file.
2026-03-23 09:59:45,531 [ERROR] LogOutputStream:75 - [STDERR_REDIRECT] 
2026-03-23 09:59:46,594 [ERROR] LogOutputStream:75 - [STDERR_REDIRECT] [Fatal Error] :1:1: Premature end of file.
2026-03-23 09:59:46,595 [ERROR] LogOutputStream:75 - [STDERR_REDIRECT] 
2026-03-23 09:59:47,534 [ERROR] LogOutputStream:75 - [STDERR_REDIRECT] [Fatal Error] :1:1: Premature end of file.
2026-03-23 09:59:47,534 [ERROR] LogOutputStream:75 - [STDERR_REDIRECT] 
2026-03-23 09:59:48,549 [ERROR] LogOutputStream:75 - [STDERR_REDIRECT] [Fatal Error] :1:1: Premature end of file.
2026-03-23 09:59:48,549 [ERROR] LogOutputStream:75 - [STDERR_REDIRECT] 
2026-03-23 09:59:49,535 [ERROR] LogOutputStream:75 - [STDERR_REDIRECT] [Fatal Error] :1:1: Premature end of file.
2026-03-23 09:59:49,535 [ERROR] LogOutputStream:75 - [STDERR_REDIRECT] 
2026-03-23 09:59:50,547 [ERROR] LogOutputStream:75 - [STDERR_REDIRECT] [Fatal Error] :1:1: Premature end of file.
2026-03-23 09:59:50,547 [ERROR] LogOutputStream:75 - [STDERR_REDIRECT] 
2026-03-23 09:59:51,540 [ERROR] LogOutputStream:75 - [STDERR_REDIRECT] [Fatal Error] :1:1: Premature end of file.
2026-03-23 09:59:51,540 [ERROR] LogOutputStream:75 - [STDERR_REDIRECT] 
2026-03-23 09:59:52,536 [ERROR] LogOutputStream:75 - [STDERR_REDIRECT] [Fatal Error] :1:1: Premature end of file.
2026-03-23 09:59:52,537 [ERROR] LogOutputStream:75 - [STDERR_REDIRECT] 
2026-03-23 09:59:53,533 [ERROR] LogOutputStream:75 - [STDERR_REDIRECT] [Fatal Error] :1:1: Premature end of file.
2026-03-23 09:59:53,534 [ERROR] LogOutputStream:75 - [STDERR_REDIRECT] 
2026-03-23 09:59:54,536 [ERROR] LogOutputStream:75 - [STDERR_REDIRECT] [Fatal Error] :1:1: Premature end of file.
2026-03-23 09:59:54,536 [ERROR] LogOutputStream:75 - [STDERR_REDIRECT] 
2026-03-23 09:59:55,535 [ERROR] LogOutputStream:75 - [STDERR_REDIRECT] [Fatal Error] :1:1: Premature end of file.
2026-03-23 09:59:55,535 [ERROR] LogOutputStream:75 - [STDERR_REDIRECT] 
2026-03-23 09:59:56,539 [ERROR] LogOutputStream:75 - [STDERR_REDIRECT] [Fatal Error] :1:1: Premature end of file.
2026-03-23 09:59:56,539 [ERROR] LogOutputStream:75 - [STDERR_REDIRECT] 
2026-03-23 09:59:57,543 [ERROR] LogOutputStream:75 - [STDERR_REDIRECT] [Fatal Error] :1:1: Premature end of file.
2026-03-23 09:59:57,544 [ERROR] LogOutputStream:75 - [STDERR_REDIRECT] 
2026-03-23 09:59:58,535 [ERROR] LogOutputStream:75 - [STDERR_REDIRECT] [Fatal Error] :1:1: Premature end of file.
2026-03-23 09:59:58,536 [ERROR] LogOutputStream:75 - [STDERR_REDIRECT] 
2026-03-23 09:59:59,544 [ERROR] LogOutputStream:75 - [STDERR_REDIRECT] [Fatal Error] :1:1: Premature end of file.
2026-03-23 09:59:59,544 [ERROR] LogOutputStream:75 - [STDERR_REDIRECT] 
2026-03-23 10:00:00,537 [ERROR] LogOutputStream:75 - [STDERR_REDIRECT] [Fatal Error] :1:1: Premature end of file.
2026-03-23 10:00:00,537 [ERROR] LogOutputStream:75 - [STDERR_REDIRECT] 
2026-03-23 10:00:01,538 [ERROR] LogOutputStream:75 - [STDERR_REDIRECT] [Fatal Error] :1:1: Premature end of file.
2026-03-23 10:00:01,538 [ERROR] LogOutputStream:75 - [STDERR_REDIRECT] 
2026-03-23 10:00:02,535 [ERROR] LogOutputStream:75 - [STDERR_REDIRECT] [Fatal Error] :1:1: Premature end of file.
2026-03-23 10:00:02,535 [ERROR] LogOutputStream:75 - [STDERR_REDIRECT] 
2026-03-23 10:00:03,551 [ERROR] LogOutputStream:75 - [STDERR_REDIRECT] [Fatal Error] :1:1: Premature end of file.
2026-03-23 10:00:03,551 [ERROR] LogOutputStream:75 - [STDERR_REDIRECT] 
2026-03-23 10:00:04,535 [ERROR] LogOutputStream:75 - [STDERR_REDIRECT] [Fatal Error] :1:1: Premature end of file.
2026-03-23 10:00:04,535 [ERROR] LogOutputStream:75 - [STDERR_REDIRECT] 
2026-03-23 10:00:05,533 [ERROR] LogOutputStream:75 - [STDERR_REDIRECT] [Fatal Error] :1:1: Premature end of file.
2026-03-23 10:00:05,533 [ERROR] LogOutputStream:75 - [STDERR_REDIRECT] 
2026-03-23 10:00:06,535 [ERROR] LogOutputStream:75 - [STDERR_REDIRECT] [Fatal Error] :1:1: Premature end of file.
2026-03-23 10:00:06,535 [ERROR] LogOutputStream:75 - [STDERR_REDIRECT] 
2026-03-23 10:00:07,534 [ERROR] LogOutputStream:75 - [STDERR_REDIRECT] [Fatal Error] :1:1: Premature end of file.
2026-03-23 10:00:07,534 [ERROR] LogOutputStream:75 - [STDERR_REDIRECT] 
2026-03-23 10:00:08,532 [ERROR] LogOutputStream:75 - [STDERR_REDIRECT] [Fatal Error] :1:1: Premature end of file.
2026-03-23 10:00:08,532 [ERROR] LogOutputStream:75 - [STDERR_REDIRECT] 
2026-03-23 10:00:09,539 [ERROR] LogOutputStream:75 - [STDERR_REDIRECT] [Fatal Error] :1:1: Premature end of file.
2026-03-23 10:00:09,539 [ERROR] LogOutputStream:75 - [STDERR_REDIRECT] 
2026-03-23 10:00:10,534 [ERROR] LogOutputStream:75 - [STDERR_REDIRECT] [Fatal Error] :1:1: Premature end of file.
2026-03-23 10:00:10,534 [ERROR] LogOutputStream:75 - [STDERR_REDIRECT] 
2026-03-23 10:00:11,534 [ERROR] LogOutputStream:75 - [STDERR_REDIRECT] [Fatal Error] :1:1: Premature end of file.
2026-03-23 10:00:11,534 [ERROR] LogOutputStream:75 - [STDERR_REDIRECT] 
2026-03-23 10:00:12,534 [ERROR] LogOutputStream:75 - [STDERR_REDIRECT] [Fatal Error] :1:1: Premature end of file.
2026-03-23 10:00:12,534 [ERROR] LogOutputStream:75 - [STDERR_REDIRECT] 
2026-03-23 10:00:13,531 [ERROR] LogOutputStream:75 - [STDERR_REDIRECT] [Fatal Error] :1:1: Premature end of file.
2026-03-23 10:00:13,531 [ERROR] LogOutputStream:75 - [STDERR_REDIRECT] 
2026-03-23 10:00:14,535 [ERROR] LogOutputStream:75 - [STDERR_REDIRECT] [Fatal Error] :1:1: Premature end of file.
2026-03-23 10:00:14,536 [ERROR] LogOutputStream:75 - [STDERR_REDIRECT] 
2026-03-23 10:00:15,537 [ERROR] LogOutputStream:75 - [STDERR_REDIRECT] [Fatal Error] :1:1: Premature end of file.
2026-03-23 10:00:15,537 [ERROR] LogOutputStream:75 - [STDERR_REDIRECT] 
2026-03-23 10:00:16,533 [ERROR] LogOutputStream:75 - [STDERR_REDIRECT] [Fatal Error] :1:1: Premature end of file.
2026-03-23 10:00:16,533 [ERROR] LogOutputStream:75 - [STDERR_REDIRECT] 
2026-03-23 10:00:17,538 [ERROR] LogOutputStream:75 - [STDERR_REDIRECT] [Fatal Error] :1:1: Premature end of file.
2026-03-23 10:00:17,538 [ERROR] LogOutputStream:75 - [STDERR_REDIRECT] 
2026-03-23 10:00:18,536 [ERROR] LogOutputStream:75 - [STDERR_REDIRECT] [Fatal Error] :1:1: Premature end of file.
2026-03-23 10:00:18,536 [ERROR] LogOutputStream:75 - [STDERR_REDIRECT] 
2026-03-23 10:00:19,555 [ERROR] LogOutputStream:75 - [STDERR_REDIRECT] [Fatal Error] :1:1: Premature end of file.
2026-03-23 10:00:19,555 [ERROR] LogOutputStream:75 - [STDERR_REDIRECT] 
2026-03-23 10:00:20,544 [ERROR] LogOutputStream:75 - [STDERR_REDIRECT] [Fatal Error] :1:1: Premature end of file.
2026-03-23 10:00:20,544 [ERROR] LogOutputStream:75 - [STDERR_REDIRECT] 
2026-03-23 10:00:21,541 [ERROR] LogOutputStream:75 - [STDERR_REDIRECT] [Fatal Error] :1:1: Premature end of file.
2026-03-23 10:00:21,541 [ERROR] LogOutputStream:75 - [STDERR_REDIRECT] 
2026-03-23 10:00:22,548 [ERROR] LogOutputStream:75 - [STDERR_REDIRECT] [Fatal Error] :1:1: Premature end of file.
2026-03-23 10:00:22,548 [ERROR] LogOutputStream:75 - [STDERR_REDIRECT] 
2026-03-23 10:00:23,530 [ERROR] LogOutputStream:75 - [STDERR_REDIRECT] [Fatal Error] :1:1: Premature end of file.
2026-03-23 10:00:23,531 [ERROR] LogOutputStream:75 - [STDERR_REDIRECT] 
2026-03-23 10:00:24,538 [ERROR] LogOutputStream:75 - [STDERR_REDIRECT] [Fatal Error] :1:1: Premature end of file.
2026-03-23 10:00:24,538 [ERROR] LogOutputStream:75 - [STDERR_REDIRECT] 
2026-03-23 10:00:25,532 [ERROR] LogOutputStream:75 - [STDERR_REDIRECT] [Fatal Error] :1:1: Premature end of file.
2026-03-23 10:00:25,532 [ERROR] LogOutputStream:75 - [STDERR_REDIRECT] 
2026-03-23 10:00:26,532 [ERROR] LogOutputStream:75 - [STDERR_REDIRECT] [Fatal Error] :1:1: Premature end of file.
2026-03-23 10:00:26,532 [ERROR] LogOutputStream:75 - [STDERR_REDIRECT] 
2026-03-23 10:00:27,566 [ERROR] LogOutputStream:75 - [STDERR_REDIRECT] [Fatal Error] :1:1: Premature end of file.
2026-03-23 10:00:27,566 [ERROR] LogOutputStream:75 - [STDERR_REDIRECT] 
2026-03-23 10:00:28,534 [ERROR] LogOutputStream:75 - [STDERR_REDIRECT] [Fatal Error] :1:1: Premature end of file.
2026-03-23 10:00:28,534 [ERROR] LogOutputStream:75 - [STDERR_REDIRECT] 
2026-03-23 10:00:29,534 [ERROR] LogOutputStream:75 - [STDERR_REDIRECT] [Fatal Error] :1:1: Premature end of file.
2026-03-23 10:00:29,534 [ERROR] LogOutputStream:75 - [STDERR_REDIRECT] 
2026-03-23 10:00:30,534 [ERROR] LogOutputStream:75 - [STDERR_REDIRECT] [Fatal Error] :1:1: Premature end of file.
2026-03-23 10:00:30,534 [ERROR] LogOutputStream:75 - [STDERR_REDIRECT] 
2026-03-23 10:00:31,534 [ERROR] LogOutputStream:75 - [STDERR_REDIRECT] [Fatal Error] :1:1: Premature end of file.
2026-03-23 10:00:31,534 [ERROR] LogOutputStream:75 - [STDERR_REDIRECT] 
2026-03-23 10:00:32,536 [ERROR] LogOutputStream:75 - [STDERR_REDIRECT] [Fatal Error] :1:1: Premature end of file.
2026-03-23 10:00:32,536 [ERROR] LogOutputStream:75 - [STDERR_REDIRECT] 
2026-03-23 10:00:33,533 [ERROR] LogOutputStream:75 - [STDERR_REDIRECT] [Fatal Error] :1:1: Premature end of file.
2026-03-23 10:00:33,533 [ERROR] LogOutputStream:75 - [STDERR_REDIRECT] 
2026-03-23 10:00:34,532 [ERROR] LogOutputStream:75 - [STDERR_REDIRECT] [Fatal Error] :1:1: Premature end of file.
2026-03-23 10:00:34,532 [ERROR] LogOutputStream:75 - [STDERR_REDIRECT] 
2026-03-23 10:00:35,539 [ERROR] LogOutputStream:75 - [STDERR_REDIRECT] [Fatal Error] :1:1: Premature end of file.
2026-03-23 10:00:35,539 [ERROR] LogOutputStream:75 - [STDERR_REDIRECT] 
2026-03-23 10:00:36,536 [ERROR] LogOutputStream:75 - [STDERR_REDIRECT] [Fatal Error] :1:1: Premature end of file.
2026-03-23 10:00:36,536 [ERROR] LogOutputStream:75 - [STDERR_REDIRECT] 
2026-03-23 10:00:37,530 [ERROR] LogOutputStream:75 - [STDERR_REDIRECT] [Fatal Error] :1:1: Premature end of file.
2026-03-23 10:00:37,530 [ERROR] LogOutputStream:75 - [STDERR_REDIRECT] 
2026-03-23 10:00:38,531 [ERROR] LogOutputStream:75 - [STDERR_REDIRECT] [Fatal Error] :1:1: Premature end of file.
2026-03-23 10:00:38,531 [ERROR] LogOutputStream:75 - [STDERR_REDIRECT] 
2026-03-23 10:00:39,536 [ERROR] LogOutputStream:75 - [STDERR_REDIRECT] [Fatal Error] :1:1: Premature end of file.
2026-03-23 10:00:39,536 [ERROR] LogOutputStream:75 - [STDERR_REDIRECT] 
2026-03-23 10:00:40,540 [ERROR] LogOutputStream:75 - [STDERR_REDIRECT] [Fatal Error] :1:1: Premature end of file.
2026-03-23 10:00:40,540 [ERROR] LogOutputStream:75 - [STDERR_REDIRECT] 
2026-03-23 10:00:41,533 [ERROR] LogOutputStream:75 - [STDERR_REDIRECT] [Fatal Error] :1:1: Premature end of file.
2026-03-23 10:00:41,533 [ERROR] LogOutputStream:75 - [STDERR_REDIRECT] 
2026-03-23 10:00:42,536 [ERROR] LogOutputStream:75 - [STDERR_REDIRECT] [Fatal Error] :1:1: Premature end of file.
2026-03-23 10:00:42,536 [ERROR] LogOutputStream:75 - [STDERR_REDIRECT] 
2026-03-23 10:00:43,534 [ERROR] LogOutputStream:75 - [STDERR_REDIRECT] [Fatal Error] :1:1: Premature end of file.
2026-03-23 10:00:43,534 [ERROR] LogOutputStream:75 - [STDERR_REDIRECT] 
2026-03-23 10:00:44,533 [ERROR] LogOutputStream:75 - [STDERR_REDIRECT] [Fatal Error] :1:1: Premature end of file.
2026-03-23 10:00:44,533 [ERROR] LogOutputStream:75 - [STDERR_REDIRECT] 
2026-03-23 10:00:45,534 [ERROR] LogOutputStream:75 - [STDERR_REDIRECT] [Fatal Error] :1:1: Premature end of file.
2026-03-23 10:00:45,534 [ERROR] LogOutputStream:75 - [STDERR_REDIRECT] 
2026-03-23 10:00:46,534 [ERROR] LogOutputStream:75 - [STDERR_REDIRECT] [Fatal Error] :1:1: Premature end of file.
2026-03-23 10:00:46,534 [ERROR] LogOutputStream:75 - [STDERR_REDIRECT] 
2026-03-23 10:00:47,534 [ERROR] LogOutputStream:75 - [STDERR_REDIRECT] [Fatal Error] :1:1: Premature end of file.
2026-03-23 10:00:47,534 [ERROR] LogOutputStream:75 - [STDERR_REDIRECT] 
2026-03-23 10:00:48,537 [ERROR] LogOutputStream:75 - [STDERR_REDIRECT] [Fatal Error] :1:1: Premature end of file.
2026-03-23 10:00:48,537 [ERROR] LogOutputStream:75 - [STDERR_REDIRECT] 
2026-03-23 10:00:49,580 [ERROR] LogOutputStream:75 - [STDERR_REDIRECT] [Fatal Error] :1:1: Premature end of file.
2026-03-23 10:00:49,580 [ERROR] LogOutputStream:75 - [STDERR_REDIRECT] 
