2026-05-05 01:41:16,985 [INFO] WebApp:194 - Connection lost
2026-05-05 01:41:17,602 [ERROR] LogOutputStream:75 - [STDERR_REDIRECT] [Fatal Error] :1:1: Premature end of file.
2026-05-05 01:41:17,603 [ERROR] LogOutputStream:75 - [STDERR_REDIRECT] 
2026-05-05 01:41:18,602 [ERROR] LogOutputStream:75 - [STDERR_REDIRECT] [Fatal Error] :1:1: Premature end of file.
2026-05-05 01:41:18,602 [ERROR] LogOutputStream:75 - [STDERR_REDIRECT] 
2026-05-05 01:41:19,604 [ERROR] LogOutputStream:75 - [STDERR_REDIRECT] [Fatal Error] :1:1: Premature end of file.
2026-05-05 01:41:19,604 [ERROR] LogOutputStream:75 - [STDERR_REDIRECT] 
2026-05-05 01:41:20,603 [ERROR] LogOutputStream:75 - [STDERR_REDIRECT] [Fatal Error] :1:1: Premature end of file.
2026-05-05 01:41:20,603 [ERROR] LogOutputStream:75 - [STDERR_REDIRECT] 
2026-05-05 01:41:21,612 [ERROR] LogOutputStream:75 - [STDERR_REDIRECT] [Fatal Error] :1:1: Premature end of file.
2026-05-05 01:41:21,612 [ERROR] LogOutputStream:75 - [STDERR_REDIRECT] 
2026-05-05 01:41:22,613 [ERROR] LogOutputStream:75 - [STDERR_REDIRECT] [Fatal Error] :1:1: Premature end of file.
2026-05-05 01:41:22,613 [ERROR] LogOutputStream:75 - [STDERR_REDIRECT] 
2026-05-05 01:41:23,611 [ERROR] LogOutputStream:75 - [STDERR_REDIRECT] [Fatal Error] :1:1: Premature end of file.
2026-05-05 01:41:23,611 [ERROR] LogOutputStream:75 - [STDERR_REDIRECT] 
2026-05-05 01:41:24,681 [ERROR] LogOutputStream:75 - [STDERR_REDIRECT] [Fatal Error] :1:1: Premature end of file.
2026-05-05 01:41:24,681 [ERROR] LogOutputStream:75 - [STDERR_REDIRECT] 
2026-05-05 01:41:25,646 [ERROR] LogOutputStream:75 - [STDERR_REDIRECT] [Fatal Error] :1:1: Premature end of file.
2026-05-05 01:41:25,646 [ERROR] LogOutputStream:75 - [STDERR_REDIRECT] 
2026-05-05 01:41:26,128 [INFO] WebApp:191 - Connection restablished
2026-05-05 01:41:26,681 [ERROR] LogOutputStream:75 - [STDERR_REDIRECT] [Fatal Error] :1:1: Premature end of file.
2026-05-05 01:41:26,681 [ERROR] LogOutputStream:75 - [STDERR_REDIRECT] 
2026-05-05 01:41:27,680 [ERROR] LogOutputStream:75 - [STDERR_REDIRECT] [Fatal Error] :1:1: Premature end of file.
2026-05-05 01:41:27,680 [ERROR] LogOutputStream:75 - [STDERR_REDIRECT] 
2026-05-05 01:41:28,610 [ERROR] LogOutputStream:75 - [STDERR_REDIRECT] [Fatal Error] :1:1: Premature end of file.
2026-05-05 01:41:28,610 [ERROR] LogOutputStream:75 - [STDERR_REDIRECT] 
2026-05-05 01:41:29,606 [ERROR] LogOutputStream:75 - [STDERR_REDIRECT] [Fatal Error] :1:1: Premature end of file.
2026-05-05 01:41:29,606 [ERROR] LogOutputStream:75 - [STDERR_REDIRECT] 
2026-05-05 01:41:30,606 [ERROR] LogOutputStream:75 - [STDERR_REDIRECT] [Fatal Error] :1:1: Premature end of file.
2026-05-05 01:41:30,606 [ERROR] LogOutputStream:75 - [STDERR_REDIRECT] 
2026-05-05 01:41:31,603 [ERROR] LogOutputStream:75 - [STDERR_REDIRECT] [Fatal Error] :1:1: Premature end of file.
2026-05-05 01:41:31,603 [ERROR] LogOutputStream:75 - [STDERR_REDIRECT] 
2026-05-05 01:41:32,611 [ERROR] LogOutputStream:75 - [STDERR_REDIRECT] [Fatal Error] :1:1: Premature end of file.
2026-05-05 01:41:32,612 [ERROR] LogOutputStream:75 - [STDERR_REDIRECT] 
2026-05-05 01:41:33,605 [ERROR] LogOutputStream:75 - [STDERR_REDIRECT] [Fatal Error] :1:1: Premature end of file.
2026-05-05 01:41:33,605 [ERROR] LogOutputStream:75 - [STDERR_REDIRECT] 
2026-05-05 01:41:34,599 [ERROR] LogOutputStream:75 - [STDERR_REDIRECT] [Fatal Error] :1:1: Premature end of file.
2026-05-05 01:41:34,600 [ERROR] LogOutputStream:75 - [STDERR_REDIRECT] 
2026-05-05 01:41:35,640 [ERROR] LogOutputStream:75 - [STDERR_REDIRECT] [Fatal Error] :1:1: Premature end of file.
2026-05-05 01:41:35,640 [ERROR] LogOutputStream:75 - [STDERR_REDIRECT] 
2026-05-05 01:41:36,602 [ERROR] LogOutputStream:75 - [STDERR_REDIRECT] [Fatal Error] :1:1: Premature end of file.
2026-05-05 01:41:36,602 [ERROR] LogOutputStream:75 - [STDERR_REDIRECT] 
2026-05-05 01:41:37,615 [ERROR] LogOutputStream:75 - [STDERR_REDIRECT] [Fatal Error] :1:1: Premature end of file.
2026-05-05 01:41:37,615 [ERROR] LogOutputStream:75 - [STDERR_REDIRECT] 
2026-05-05 01:41:38,603 [ERROR] LogOutputStream:75 - [STDERR_REDIRECT] [Fatal Error] :1:1: Premature end of file.
2026-05-05 01:41:38,603 [ERROR] LogOutputStream:75 - [STDERR_REDIRECT] 
2026-05-05 01:41:39,614 [ERROR] LogOutputStream:75 - [STDERR_REDIRECT] [Fatal Error] :1:1: Premature end of file.
2026-05-05 01:41:39,614 [ERROR] LogOutputStream:75 - [STDERR_REDIRECT] 
2026-05-05 01:41:40,611 [ERROR] LogOutputStream:75 - [STDERR_REDIRECT] [Fatal Error] :1:1: Premature end of file.
2026-05-05 01:41:40,611 [ERROR] LogOutputStream:75 - [STDERR_REDIRECT] 
2026-05-05 01:41:41,606 [ERROR] LogOutputStream:75 - [STDERR_REDIRECT] [Fatal Error] :1:1: Premature end of file.
2026-05-05 01:41:41,606 [ERROR] LogOutputStream:75 - [STDERR_REDIRECT] 
2026-05-05 01:41:42,606 [ERROR] LogOutputStream:75 - [STDERR_REDIRECT] [Fatal Error] :1:1: Premature end of file.
2026-05-05 01:41:42,606 [ERROR] LogOutputStream:75 - [STDERR_REDIRECT] 
2026-05-05 01:41:43,601 [ERROR] LogOutputStream:75 - [STDERR_REDIRECT] [Fatal Error] :1:1: Premature end of file.
2026-05-05 01:41:43,601 [ERROR] LogOutputStream:75 - [STDERR_REDIRECT] 
2026-05-05 01:41:44,614 [ERROR] LogOutputStream:75 - [STDERR_REDIRECT] [Fatal Error] :1:1: Premature end of file.
2026-05-05 01:41:44,614 [ERROR] LogOutputStream:75 - [STDERR_REDIRECT] 
2026-05-05 01:41:45,614 [ERROR] LogOutputStream:75 - [STDERR_REDIRECT] [Fatal Error] :1:1: Premature end of file.
2026-05-05 01:41:45,614 [ERROR] LogOutputStream:75 - [STDERR_REDIRECT] 
2026-05-05 01:41:46,614 [ERROR] LogOutputStream:75 - [STDERR_REDIRECT] [Fatal Error] :1:1: Premature end of file.
2026-05-05 01:41:46,614 [ERROR] LogOutputStream:75 - [STDERR_REDIRECT] 
2026-05-05 01:41:47,634 [ERROR] LogOutputStream:75 - [STDERR_REDIRECT] [Fatal Error] :1:1: Premature end of file.
2026-05-05 01:41:47,635 [ERROR] LogOutputStream:75 - [STDERR_REDIRECT] 
2026-05-05 01:41:48,609 [ERROR] LogOutputStream:75 - [STDERR_REDIRECT] [Fatal Error] :1:1: Premature end of file.
2026-05-05 01:41:48,610 [ERROR] LogOutputStream:75 - [STDERR_REDIRECT] 
2026-05-05 01:41:49,604 [ERROR] LogOutputStream:75 - [STDERR_REDIRECT] [Fatal Error] :1:1: Premature end of file.
2026-05-05 01:41:49,604 [ERROR] LogOutputStream:75 - [STDERR_REDIRECT] 
2026-05-05 01:41:50,613 [ERROR] LogOutputStream:75 - [STDERR_REDIRECT] [Fatal Error] :1:1: Premature end of file.
2026-05-05 01:41:50,613 [ERROR] LogOutputStream:75 - [STDERR_REDIRECT] 
2026-05-05 01:41:51,603 [ERROR] LogOutputStream:75 - [STDERR_REDIRECT] [Fatal Error] :1:1: Premature end of file.
2026-05-05 01:41:51,603 [ERROR] LogOutputStream:75 - [STDERR_REDIRECT] 
2026-05-05 01:41:52,593 [INFO] WebApp:194 - Connection lost
2026-05-05 01:41:52,627 [ERROR] LogOutputStream:75 - [STDERR_REDIRECT] [Fatal Error] :1:1: Premature end of file.
2026-05-05 01:41:52,627 [ERROR] LogOutputStream:75 - [STDERR_REDIRECT] 
2026-05-05 01:41:52,710 [INFO] WebApp:191 - Connection restablished
2026-05-05 01:41:53,177 [INFO] WebApp:194 - Connection lost
2026-05-05 01:41:53,287 [INFO] WebApp:191 - Connection restablished
2026-05-05 01:41:53,612 [ERROR] LogOutputStream:75 - [STDERR_REDIRECT] [Fatal Error] :1:1: Premature end of file.
2026-05-05 01:41:53,612 [ERROR] LogOutputStream:75 - [STDERR_REDIRECT] 
2026-05-05 01:41:54,174 [INFO] WebApp:194 - Connection lost
2026-05-05 01:41:54,274 [INFO] WebApp:191 - Connection restablished
2026-05-05 01:41:54,612 [ERROR] LogOutputStream:75 - [STDERR_REDIRECT] [Fatal Error] :1:1: Premature end of file.
2026-05-05 01:41:54,612 [ERROR] LogOutputStream:75 - [STDERR_REDIRECT] 
2026-05-05 01:41:55,612 [ERROR] LogOutputStream:75 - [STDERR_REDIRECT] [Fatal Error] :1:1: Premature end of file.
2026-05-05 01:41:55,612 [ERROR] LogOutputStream:75 - [STDERR_REDIRECT] 
2026-05-05 01:41:56,630 [ERROR] LogOutputStream:75 - [STDERR_REDIRECT] [Fatal Error] :1:1: Premature end of file.
2026-05-05 01:41:56,630 [ERROR] LogOutputStream:75 - [STDERR_REDIRECT] 
2026-05-05 01:41:57,613 [ERROR] LogOutputStream:75 - [STDERR_REDIRECT] [Fatal Error] :1:1: Premature end of file.
2026-05-05 01:41:57,613 [ERROR] LogOutputStream:75 - [STDERR_REDIRECT] 
2026-05-05 01:41:58,614 [ERROR] LogOutputStream:75 - [STDERR_REDIRECT] [Fatal Error] :1:1: Premature end of file.
2026-05-05 01:41:58,614 [ERROR] LogOutputStream:75 - [STDERR_REDIRECT] 
2026-05-05 01:41:59,607 [ERROR] LogOutputStream:75 - [STDERR_REDIRECT] [Fatal Error] :1:1: Premature end of file.
2026-05-05 01:41:59,607 [ERROR] LogOutputStream:75 - [STDERR_REDIRECT] 
2026-05-05 01:42:00,602 [ERROR] LogOutputStream:75 - [STDERR_REDIRECT] [Fatal Error] :1:1: Premature end of file.
2026-05-05 01:42:00,602 [ERROR] LogOutputStream:75 - [STDERR_REDIRECT] 
2026-05-05 01:42:01,602 [ERROR] LogOutputStream:75 - [STDERR_REDIRECT] [Fatal Error] :1:1: Premature end of file.
2026-05-05 01:42:01,602 [ERROR] LogOutputStream:75 - [STDERR_REDIRECT] 
2026-05-05 01:42:02,635 [ERROR] LogOutputStream:75 - [STDERR_REDIRECT] [Fatal Error] :1:1: Premature end of file.
2026-05-05 01:42:02,636 [ERROR] LogOutputStream:75 - [STDERR_REDIRECT] 
2026-05-05 01:42:03,613 [ERROR] LogOutputStream:75 - [STDERR_REDIRECT] [Fatal Error] :1:1: Premature end of file.
2026-05-05 01:42:03,613 [ERROR] LogOutputStream:75 - [STDERR_REDIRECT] 
2026-05-05 01:42:04,611 [ERROR] LogOutputStream:75 - [STDERR_REDIRECT] [Fatal Error] :1:1: Premature end of file.
2026-05-05 01:42:04,611 [ERROR] LogOutputStream:75 - [STDERR_REDIRECT] 
2026-05-05 01:42:05,606 [ERROR] LogOutputStream:75 - [STDERR_REDIRECT] [Fatal Error] :1:1: Premature end of file.
2026-05-05 01:42:05,606 [ERROR] LogOutputStream:75 - [STDERR_REDIRECT] 
2026-05-05 01:42:06,603 [ERROR] LogOutputStream:75 - [STDERR_REDIRECT] [Fatal Error] :1:1: Premature end of file.
2026-05-05 01:42:06,603 [ERROR] LogOutputStream:75 - [STDERR_REDIRECT] 
2026-05-05 01:42:07,600 [ERROR] LogOutputStream:75 - [STDERR_REDIRECT] [Fatal Error] :1:1: Premature end of file.
2026-05-05 01:42:07,601 [ERROR] LogOutputStream:75 - [STDERR_REDIRECT] 
2026-05-05 01:42:08,616 [ERROR] LogOutputStream:75 - [STDERR_REDIRECT] [Fatal Error] :1:1: Premature end of file.
2026-05-05 01:42:08,616 [ERROR] LogOutputStream:75 - [STDERR_REDIRECT] 
2026-05-05 01:42:09,666 [ERROR] LogOutputStream:75 - [STDERR_REDIRECT] [Fatal Error] :1:1: Premature end of file.
2026-05-05 01:42:09,666 [ERROR] LogOutputStream:75 - [STDERR_REDIRECT] 
2026-05-05 01:42:10,613 [ERROR] LogOutputStream:75 - [STDERR_REDIRECT] [Fatal Error] :1:1: Premature end of file.
2026-05-05 01:42:10,613 [ERROR] LogOutputStream:75 - [STDERR_REDIRECT] 
2026-05-05 01:42:11,612 [ERROR] LogOutputStream:75 - [STDERR_REDIRECT] [Fatal Error] :1:1: Premature end of file.
2026-05-05 01:42:11,613 [ERROR] LogOutputStream:75 - [STDERR_REDIRECT] 
2026-05-05 01:42:12,608 [ERROR] LogOutputStream:75 - [STDERR_REDIRECT] [Fatal Error] :1:1: Premature end of file.
2026-05-05 01:42:12,608 [ERROR] LogOutputStream:75 - [STDERR_REDIRECT] 
2026-05-05 01:42:13,611 [ERROR] LogOutputStream:75 - [STDERR_REDIRECT] [Fatal Error] :1:1: Premature end of file.
2026-05-05 01:42:13,611 [ERROR] LogOutputStream:75 - [STDERR_REDIRECT] 
2026-05-05 01:42:14,601 [ERROR] LogOutputStream:75 - [STDERR_REDIRECT] [Fatal Error] :1:1: Premature end of file.
2026-05-05 01:42:14,602 [ERROR] LogOutputStream:75 - [STDERR_REDIRECT] 
2026-05-05 01:42:15,605 [ERROR] LogOutputStream:75 - [STDERR_REDIRECT] [Fatal Error] :1:1: Premature end of file.
2026-05-05 01:42:15,605 [ERROR] LogOutputStream:75 - [STDERR_REDIRECT] 
2026-05-05 01:42:18,068 [ERROR] LogOutputStream:75 - [STDERR_REDIRECT] [Fatal Error] :1:1: Premature end of file.
2026-05-05 01:42:18,069 [ERROR] LogOutputStream:75 - [STDERR_REDIRECT] 
2026-05-05 01:42:18,102 [ERROR] LogOutputStream:75 - [STDERR_REDIRECT] [Fatal Error] :1:1: Premature end of file.
2026-05-05 01:42:18,102 [ERROR] LogOutputStream:75 - [STDERR_REDIRECT] 
2026-05-05 01:42:18,609 [ERROR] LogOutputStream:75 - [STDERR_REDIRECT] [Fatal Error] :1:1: Premature end of file.
2026-05-05 01:42:18,609 [ERROR] LogOutputStream:75 - [STDERR_REDIRECT] 
2026-05-05 01:42:19,606 [ERROR] LogOutputStream:75 - [STDERR_REDIRECT] [Fatal Error] :1:1: Premature end of file.
2026-05-05 01:42:19,606 [ERROR] LogOutputStream:75 - [STDERR_REDIRECT] 
2026-05-05 01:42:20,612 [ERROR] LogOutputStream:75 - [STDERR_REDIRECT] [Fatal Error] :1:1: Premature end of file.
2026-05-05 01:42:20,612 [ERROR] LogOutputStream:75 - [STDERR_REDIRECT] 
2026-05-05 01:42:21,604 [ERROR] LogOutputStream:75 - [STDERR_REDIRECT] [Fatal Error] :1:1: Premature end of file.
2026-05-05 01:42:21,604 [ERROR] LogOutputStream:75 - [STDERR_REDIRECT] 
2026-05-05 01:42:22,604 [ERROR] LogOutputStream:75 - [STDERR_REDIRECT] [Fatal Error] :1:1: Premature end of file.
2026-05-05 01:42:22,605 [ERROR] LogOutputStream:75 - [STDERR_REDIRECT] 
2026-05-05 01:42:23,602 [ERROR] LogOutputStream:75 - [STDERR_REDIRECT] [Fatal Error] :1:1: Premature end of file.
2026-05-05 01:42:23,603 [ERROR] LogOutputStream:75 - [STDERR_REDIRECT] 
2026-05-05 01:42:24,612 [ERROR] LogOutputStream:75 - [STDERR_REDIRECT] [Fatal Error] :1:1: Premature end of file.
2026-05-05 01:42:24,612 [ERROR] LogOutputStream:75 - [STDERR_REDIRECT] 
2026-05-05 01:42:25,613 [ERROR] LogOutputStream:75 - [STDERR_REDIRECT] [Fatal Error] :1:1: Premature end of file.
2026-05-05 01:42:25,613 [ERROR] LogOutputStream:75 - [STDERR_REDIRECT] 
2026-05-05 01:42:26,616 [ERROR] LogOutputStream:75 - [STDERR_REDIRECT] [Fatal Error] :1:1: Premature end of file.
2026-05-05 01:42:26,616 [ERROR] LogOutputStream:75 - [STDERR_REDIRECT] 
2026-05-05 01:42:27,603 [ERROR] LogOutputStream:75 - [STDERR_REDIRECT] [Fatal Error] :1:1: Premature end of file.
2026-05-05 01:42:27,603 [ERROR] LogOutputStream:75 - [STDERR_REDIRECT] 
2026-05-05 01:42:28,600 [ERROR] LogOutputStream:75 - [STDERR_REDIRECT] [Fatal Error] :1:1: Premature end of file.
2026-05-05 01:42:28,601 [ERROR] LogOutputStream:75 - [STDERR_REDIRECT] 
2026-05-05 01:42:29,601 [ERROR] LogOutputStream:75 - [STDERR_REDIRECT] [Fatal Error] :1:1: Premature end of file.
2026-05-05 01:42:29,601 [ERROR] LogOutputStream:75 - [STDERR_REDIRECT] 
2026-05-05 01:42:30,602 [ERROR] LogOutputStream:75 - [STDERR_REDIRECT] [Fatal Error] :1:1: Premature end of file.
2026-05-05 01:42:30,602 [ERROR] LogOutputStream:75 - [STDERR_REDIRECT] 
2026-05-05 01:42:31,612 [ERROR] LogOutputStream:75 - [STDERR_REDIRECT] [Fatal Error] :1:1: Premature end of file.
2026-05-05 01:42:31,612 [ERROR] LogOutputStream:75 - [STDERR_REDIRECT] 
2026-05-05 01:42:32,606 [ERROR] LogOutputStream:75 - [STDERR_REDIRECT] [Fatal Error] :1:1: Premature end of file.
2026-05-05 01:42:32,606 [ERROR] LogOutputStream:75 - [STDERR_REDIRECT] 
2026-05-05 01:42:33,604 [ERROR] LogOutputStream:75 - [STDERR_REDIRECT] [Fatal Error] :1:1: Premature end of file.
2026-05-05 01:42:33,604 [ERROR] LogOutputStream:75 - [STDERR_REDIRECT] 
2026-05-05 01:42:34,603 [ERROR] LogOutputStream:75 - [STDERR_REDIRECT] [Fatal Error] :1:1: Premature end of file.
2026-05-05 01:42:34,603 [ERROR] LogOutputStream:75 - [STDERR_REDIRECT] 
2026-05-05 01:42:36,289 [ERROR] LogOutputStream:75 - [STDERR_REDIRECT] [Fatal Error] :1:1: Premature end of file.
2026-05-05 01:42:36,289 [ERROR] LogOutputStream:75 - [STDERR_REDIRECT] 
2026-05-05 01:42:36,853 [ERROR] LogOutputStream:75 - [STDERR_REDIRECT] [Fatal Error] :1:1: Premature end of file.
2026-05-05 01:42:36,853 [ERROR] LogOutputStream:75 - [STDERR_REDIRECT] 
2026-05-05 01:42:37,729 [ERROR] LogOutputStream:75 - [STDERR_REDIRECT] [Fatal Error] :1:1: Premature end of file.
2026-05-05 01:42:37,729 [ERROR] LogOutputStream:75 - [STDERR_REDIRECT] 
2026-05-05 01:42:38,609 [ERROR] LogOutputStream:75 - [STDERR_REDIRECT] [Fatal Error] :1:1: Premature end of file.
2026-05-05 01:42:38,609 [ERROR] LogOutputStream:75 - [STDERR_REDIRECT] 
2026-05-05 01:42:39,634 [ERROR] LogOutputStream:75 - [STDERR_REDIRECT] [Fatal Error] :1:1: Premature end of file.
2026-05-05 01:42:39,634 [ERROR] LogOutputStream:75 - [STDERR_REDIRECT] 
2026-05-05 01:42:40,698 [ERROR] LogOutputStream:75 - [STDERR_REDIRECT] [Fatal Error] :1:1: Premature end of file.
2026-05-05 01:42:40,699 [ERROR] LogOutputStream:75 - [STDERR_REDIRECT] 
2026-05-05 01:42:41,639 [ERROR] LogOutputStream:75 - [STDERR_REDIRECT] [Fatal Error] :1:1: Premature end of file.
2026-05-05 01:42:41,639 [ERROR] LogOutputStream:75 - [STDERR_REDIRECT] 
2026-05-05 01:42:42,660 [ERROR] LogOutputStream:75 - [STDERR_REDIRECT] [Fatal Error] :1:1: Premature end of file.
2026-05-05 01:42:42,660 [ERROR] LogOutputStream:75 - [STDERR_REDIRECT] 
2026-05-05 01:42:43,615 [ERROR] LogOutputStream:75 - [STDERR_REDIRECT] [Fatal Error] :1:1: Premature end of file.
2026-05-05 01:42:43,615 [ERROR] LogOutputStream:75 - [STDERR_REDIRECT] 
2026-05-05 01:42:44,609 [ERROR] LogOutputStream:75 - [STDERR_REDIRECT] [Fatal Error] :1:1: Premature end of file.
2026-05-05 01:42:44,609 [ERROR] LogOutputStream:75 - [STDERR_REDIRECT] 
2026-05-05 01:42:45,610 [ERROR] LogOutputStream:75 - [STDERR_REDIRECT] [Fatal Error] :1:1: Premature end of file.
2026-05-05 01:42:45,610 [ERROR] LogOutputStream:75 - [STDERR_REDIRECT] 
2026-05-05 01:42:46,612 [ERROR] LogOutputStream:75 - [STDERR_REDIRECT] [Fatal Error] :1:1: Premature end of file.
2026-05-05 01:42:46,612 [ERROR] LogOutputStream:75 - [STDERR_REDIRECT] 
2026-05-05 01:42:47,603 [ERROR] LogOutputStream:75 - [STDERR_REDIRECT] [Fatal Error] :1:1: Premature end of file.
2026-05-05 01:42:47,603 [ERROR] LogOutputStream:75 - [STDERR_REDIRECT] 
2026-05-05 01:42:48,610 [ERROR] LogOutputStream:75 - [STDERR_REDIRECT] [Fatal Error] :1:1: Premature end of file.
2026-05-05 01:42:48,610 [ERROR] LogOutputStream:75 - [STDERR_REDIRECT] 
2026-05-05 01:42:49,609 [ERROR] LogOutputStream:75 - [STDERR_REDIRECT] [Fatal Error] :1:1: Premature end of file.
2026-05-05 01:42:49,609 [ERROR] LogOutputStream:75 - [STDERR_REDIRECT] 
2026-05-05 01:42:50,609 [ERROR] LogOutputStream:75 - [STDERR_REDIRECT] [Fatal Error] :1:1: Premature end of file.
2026-05-05 01:42:50,609 [ERROR] LogOutputStream:75 - [STDERR_REDIRECT] 
2026-05-05 01:42:51,598 [ERROR] LogOutputStream:75 - [STDERR_REDIRECT] [Fatal Error] :1:1: Premature end of file.
2026-05-05 01:42:51,598 [ERROR] LogOutputStream:75 - [STDERR_REDIRECT] 
2026-05-05 01:42:52,618 [ERROR] LogOutputStream:75 - [STDERR_REDIRECT] [Fatal Error] :1:1: Premature end of file.
2026-05-05 01:42:52,618 [ERROR] LogOutputStream:75 - [STDERR_REDIRECT] 
2026-05-05 01:42:53,597 [ERROR] LogOutputStream:75 - [STDERR_REDIRECT] [Fatal Error] :1:1: Premature end of file.
2026-05-05 01:42:53,597 [ERROR] LogOutputStream:75 - [STDERR_REDIRECT] 
2026-05-05 01:42:54,612 [ERROR] LogOutputStream:75 - [STDERR_REDIRECT] [Fatal Error] :1:1: Premature end of file.
2026-05-05 01:42:54,612 [ERROR] LogOutputStream:75 - [STDERR_REDIRECT] 
2026-05-05 01:42:55,600 [ERROR] LogOutputStream:75 - [STDERR_REDIRECT] [Fatal Error] :1:1: Premature end of file.
2026-05-05 01:42:55,600 [ERROR] LogOutputStream:75 - [STDERR_REDIRECT] 
2026-05-05 01:42:56,605 [ERROR] LogOutputStream:75 - [STDERR_REDIRECT] [Fatal Error] :1:1: Premature end of file.
2026-05-05 01:42:56,606 [ERROR] LogOutputStream:75 - [STDERR_REDIRECT] 
2026-05-05 01:42:57,610 [ERROR] LogOutputStream:75 - [STDERR_REDIRECT] [Fatal Error] :1:1: Premature end of file.
2026-05-05 01:42:57,610 [ERROR] LogOutputStream:75 - [STDERR_REDIRECT] 
2026-05-05 01:42:58,600 [ERROR] LogOutputStream:75 - [STDERR_REDIRECT] [Fatal Error] :1:1: Premature end of file.
2026-05-05 01:42:58,600 [ERROR] LogOutputStream:75 - [STDERR_REDIRECT] 
2026-05-05 01:42:59,616 [ERROR] LogOutputStream:75 - [STDERR_REDIRECT] [Fatal Error] :1:1: Premature end of file.
2026-05-05 01:42:59,616 [ERROR] LogOutputStream:75 - [STDERR_REDIRECT] 
2026-05-05 01:43:00,599 [ERROR] LogOutputStream:75 - [STDERR_REDIRECT] [Fatal Error] :1:1: Premature end of file.
2026-05-05 01:43:00,599 [ERROR] LogOutputStream:75 - [STDERR_REDIRECT] 
2026-05-05 01:43:01,611 [ERROR] LogOutputStream:75 - [STDERR_REDIRECT] [Fatal Error] :1:1: Premature end of file.
2026-05-05 01:43:01,611 [ERROR] LogOutputStream:75 - [STDERR_REDIRECT] 
2026-05-05 01:43:02,605 [ERROR] LogOutputStream:75 - [STDERR_REDIRECT] [Fatal Error] :1:1: Premature end of file.
2026-05-05 01:43:02,605 [ERROR] LogOutputStream:75 - [STDERR_REDIRECT] 
2026-05-05 01:43:03,608 [ERROR] LogOutputStream:75 - [STDERR_REDIRECT] [Fatal Error] :1:1: Premature end of file.
2026-05-05 01:43:03,608 [ERROR] LogOutputStream:75 - [STDERR_REDIRECT] 
2026-05-05 01:43:04,599 [ERROR] LogOutputStream:75 - [STDERR_REDIRECT] [Fatal Error] :1:1: Premature end of file.
2026-05-05 01:43:04,599 [ERROR] LogOutputStream:75 - [STDERR_REDIRECT] 
2026-05-05 01:43:05,606 [ERROR] LogOutputStream:75 - [STDERR_REDIRECT] [Fatal Error] :1:1: Premature end of file.
2026-05-05 01:43:05,606 [ERROR] LogOutputStream:75 - [STDERR_REDIRECT] 
2026-05-05 01:43:06,602 [ERROR] LogOutputStream:75 - [STDERR_REDIRECT] [Fatal Error] :1:1: Premature end of file.
2026-05-05 01:43:06,602 [ERROR] LogOutputStream:75 - [STDERR_REDIRECT] 
2026-05-05 01:43:07,604 [ERROR] LogOutputStream:75 - [STDERR_REDIRECT] [Fatal Error] :1:1: Premature end of file.
2026-05-05 01:43:07,605 [ERROR] LogOutputStream:75 - [STDERR_REDIRECT] 
2026-05-05 01:43:08,607 [ERROR] LogOutputStream:75 - [STDERR_REDIRECT] [Fatal Error] :1:1: Premature end of file.
2026-05-05 01:43:08,607 [ERROR] LogOutputStream:75 - [STDERR_REDIRECT] 
2026-05-05 01:43:09,603 [ERROR] LogOutputStream:75 - [STDERR_REDIRECT] [Fatal Error] :1:1: Premature end of file.
2026-05-05 01:43:09,603 [ERROR] LogOutputStream:75 - [STDERR_REDIRECT] 
2026-05-05 01:43:10,602 [ERROR] LogOutputStream:75 - [STDERR_REDIRECT] [Fatal Error] :1:1: Premature end of file.
2026-05-05 01:43:10,602 [ERROR] LogOutputStream:75 - [STDERR_REDIRECT] 
2026-05-05 01:43:11,599 [ERROR] LogOutputStream:75 - [STDERR_REDIRECT] [Fatal Error] :1:1: Premature end of file.
2026-05-05 01:43:11,599 [ERROR] LogOutputStream:75 - [STDERR_REDIRECT] 
2026-05-05 01:43:12,605 [ERROR] LogOutputStream:75 - [STDERR_REDIRECT] [Fatal Error] :1:1: Premature end of file.
2026-05-05 01:43:12,605 [ERROR] LogOutputStream:75 - [STDERR_REDIRECT] 
2026-05-05 01:43:13,599 [ERROR] LogOutputStream:75 - [STDERR_REDIRECT] [Fatal Error] :1:1: Premature end of file.
2026-05-05 01:43:13,599 [ERROR] LogOutputStream:75 - [STDERR_REDIRECT] 
2026-05-05 01:43:14,609 [ERROR] LogOutputStream:75 - [STDERR_REDIRECT] [Fatal Error] :1:1: Premature end of file.
2026-05-05 01:43:14,609 [ERROR] LogOutputStream:75 - [STDERR_REDIRECT] 
2026-05-05 01:43:15,599 [ERROR] LogOutputStream:75 - [STDERR_REDIRECT] [Fatal Error] :1:1: Premature end of file.
2026-05-05 01:43:15,599 [ERROR] LogOutputStream:75 - [STDERR_REDIRECT] 
2026-05-05 01:43:16,605 [ERROR] LogOutputStream:75 - [STDERR_REDIRECT] [Fatal Error] :1:1: Premature end of file.
2026-05-05 01:43:16,605 [ERROR] LogOutputStream:75 - [STDERR_REDIRECT] 
2026-05-05 01:43:17,598 [ERROR] LogOutputStream:75 - [STDERR_REDIRECT] [Fatal Error] :1:1: Premature end of file.
2026-05-05 01:43:17,598 [ERROR] LogOutputStream:75 - [STDERR_REDIRECT] 
2026-05-05 01:43:18,611 [ERROR] LogOutputStream:75 - [STDERR_REDIRECT] [Fatal Error] :1:1: Premature end of file.
2026-05-05 01:43:18,611 [ERROR] LogOutputStream:75 - [STDERR_REDIRECT] 
2026-05-05 01:43:19,599 [ERROR] LogOutputStream:75 - [STDERR_REDIRECT] [Fatal Error] :1:1: Premature end of file.
2026-05-05 01:43:19,599 [ERROR] LogOutputStream:75 - [STDERR_REDIRECT] 
2026-05-05 01:43:20,610 [ERROR] LogOutputStream:75 - [STDERR_REDIRECT] [Fatal Error] :1:1: Premature end of file.
2026-05-05 01:43:20,610 [ERROR] LogOutputStream:75 - [STDERR_REDIRECT] 
2026-05-05 01:43:21,600 [ERROR] LogOutputStream:75 - [STDERR_REDIRECT] [Fatal Error] :1:1: Premature end of file.
2026-05-05 01:43:21,600 [ERROR] LogOutputStream:75 - [STDERR_REDIRECT] 
2026-05-05 01:43:22,598 [ERROR] LogOutputStream:75 - [STDERR_REDIRECT] [Fatal Error] :1:1: Premature end of file.
2026-05-05 01:43:22,598 [ERROR] LogOutputStream:75 - [STDERR_REDIRECT] 
2026-05-05 01:43:23,600 [ERROR] LogOutputStream:75 - [STDERR_REDIRECT] [Fatal Error] :1:1: Premature end of file.
2026-05-05 01:43:23,600 [ERROR] LogOutputStream:75 - [STDERR_REDIRECT] 
2026-05-05 01:43:24,608 [ERROR] LogOutputStream:75 - [STDERR_REDIRECT] [Fatal Error] :1:1: Premature end of file.
2026-05-05 01:43:24,608 [ERROR] LogOutputStream:75 - [STDERR_REDIRECT] 
2026-05-05 01:43:25,600 [ERROR] LogOutputStream:75 - [STDERR_REDIRECT] [Fatal Error] :1:1: Premature end of file.
2026-05-05 01:43:25,600 [ERROR] LogOutputStream:75 - [STDERR_REDIRECT] 
2026-05-05 01:43:26,606 [ERROR] LogOutputStream:75 - [STDERR_REDIRECT] [Fatal Error] :1:1: Premature end of file.
2026-05-05 01:43:26,606 [ERROR] LogOutputStream:75 - [STDERR_REDIRECT] 
2026-05-05 01:43:27,612 [ERROR] LogOutputStream:75 - [STDERR_REDIRECT] [Fatal Error] :1:1: Premature end of file.
2026-05-05 01:43:27,612 [ERROR] LogOutputStream:75 - [STDERR_REDIRECT] 
2026-05-05 01:43:28,605 [ERROR] LogOutputStream:75 - [STDERR_REDIRECT] [Fatal Error] :1:1: Premature end of file.
2026-05-05 01:43:28,605 [ERROR] LogOutputStream:75 - [STDERR_REDIRECT] 
2026-05-05 01:43:29,600 [ERROR] LogOutputStream:75 - [STDERR_REDIRECT] [Fatal Error] :1:1: Premature end of file.
2026-05-05 01:43:29,600 [ERROR] LogOutputStream:75 - [STDERR_REDIRECT] 
2026-05-05 01:43:30,597 [ERROR] LogOutputStream:75 - [STDERR_REDIRECT] [Fatal Error] :1:1: Premature end of file.
2026-05-05 01:43:30,597 [ERROR] LogOutputStream:75 - [STDERR_REDIRECT] 
2026-05-05 01:43:31,607 [ERROR] LogOutputStream:75 - [STDERR_REDIRECT] [Fatal Error] :1:1: Premature end of file.
2026-05-05 01:43:31,607 [ERROR] LogOutputStream:75 - [STDERR_REDIRECT] 
2026-05-05 01:43:32,606 [ERROR] LogOutputStream:75 - [STDERR_REDIRECT] [Fatal Error] :1:1: Premature end of file.
2026-05-05 01:43:32,606 [ERROR] LogOutputStream:75 - [STDERR_REDIRECT] 
2026-05-05 01:43:33,603 [ERROR] LogOutputStream:75 - [STDERR_REDIRECT] [Fatal Error] :1:1: Premature end of file.
2026-05-05 01:43:33,603 [ERROR] LogOutputStream:75 - [STDERR_REDIRECT] 
2026-05-05 01:43:34,607 [ERROR] LogOutputStream:75 - [STDERR_REDIRECT] [Fatal Error] :1:1: Premature end of file.
2026-05-05 01:43:34,607 [ERROR] LogOutputStream:75 - [STDERR_REDIRECT] 
2026-05-05 01:43:35,604 [ERROR] LogOutputStream:75 - [STDERR_REDIRECT] [Fatal Error] :1:1: Premature end of file.
2026-05-05 01:43:35,604 [ERROR] LogOutputStream:75 - [STDERR_REDIRECT] 
2026-05-05 01:43:36,602 [ERROR] LogOutputStream:75 - [STDERR_REDIRECT] [Fatal Error] :1:1: Premature end of file.
2026-05-05 01:43:36,602 [ERROR] LogOutputStream:75 - [STDERR_REDIRECT] 
2026-05-05 01:43:37,602 [ERROR] LogOutputStream:75 - [STDERR_REDIRECT] [Fatal Error] :1:1: Premature end of file.
2026-05-05 01:43:37,602 [ERROR] LogOutputStream:75 - [STDERR_REDIRECT] 
2026-05-05 01:43:38,606 [ERROR] LogOutputStream:75 - [STDERR_REDIRECT] [Fatal Error] :1:1: Premature end of file.
2026-05-05 01:43:38,606 [ERROR] LogOutputStream:75 - [STDERR_REDIRECT] 
2026-05-05 01:43:39,600 [ERROR] LogOutputStream:75 - [STDERR_REDIRECT] [Fatal Error] :1:1: Premature end of file.
2026-05-05 01:43:39,600 [ERROR] LogOutputStream:75 - [STDERR_REDIRECT] 
2026-05-05 01:43:40,610 [ERROR] LogOutputStream:75 - [STDERR_REDIRECT] [Fatal Error] :1:1: Premature end of file.
2026-05-05 01:43:40,610 [ERROR] LogOutputStream:75 - [STDERR_REDIRECT] 
2026-05-05 01:43:41,608 [ERROR] LogOutputStream:75 - [STDERR_REDIRECT] [Fatal Error] :1:1: Premature end of file.
2026-05-05 01:43:41,608 [ERROR] LogOutputStream:75 - [STDERR_REDIRECT] 
2026-05-05 01:43:42,611 [ERROR] LogOutputStream:75 - [STDERR_REDIRECT] [Fatal Error] :1:1: Premature end of file.
2026-05-05 01:43:42,611 [ERROR] LogOutputStream:75 - [STDERR_REDIRECT] 
2026-05-05 01:43:43,601 [ERROR] LogOutputStream:75 - [STDERR_REDIRECT] [Fatal Error] :1:1: Premature end of file.
2026-05-05 01:43:43,601 [ERROR] LogOutputStream:75 - [STDERR_REDIRECT] 
2026-05-05 01:43:44,597 [ERROR] LogOutputStream:75 - [STDERR_REDIRECT] [Fatal Error] :1:1: Premature end of file.
2026-05-05 01:43:44,597 [ERROR] LogOutputStream:75 - [STDERR_REDIRECT] 
2026-05-05 01:43:45,606 [ERROR] LogOutputStream:75 - [STDERR_REDIRECT] [Fatal Error] :1:1: Premature end of file.
2026-05-05 01:43:45,606 [ERROR] LogOutputStream:75 - [STDERR_REDIRECT] 
2026-05-05 01:43:46,611 [ERROR] LogOutputStream:75 - [STDERR_REDIRECT] [Fatal Error] :1:1: Premature end of file.
2026-05-05 01:43:46,611 [ERROR] LogOutputStream:75 - [STDERR_REDIRECT] 
2026-05-05 01:43:47,612 [ERROR] LogOutputStream:75 - [STDERR_REDIRECT] [Fatal Error] :1:1: Premature end of file.
2026-05-05 01:43:47,612 [ERROR] LogOutputStream:75 - [STDERR_REDIRECT] 
2026-05-05 01:43:48,603 [ERROR] LogOutputStream:75 - [STDERR_REDIRECT] [Fatal Error] :1:1: Premature end of file.
2026-05-05 01:43:48,603 [ERROR] LogOutputStream:75 - [STDERR_REDIRECT] 
2026-05-05 01:43:49,607 [ERROR] LogOutputStream:75 - [STDERR_REDIRECT] [Fatal Error] :1:1: Premature end of file.
2026-05-05 01:43:49,607 [ERROR] LogOutputStream:75 - [STDERR_REDIRECT] 
2026-05-05 01:43:50,606 [ERROR] LogOutputStream:75 - [STDERR_REDIRECT] [Fatal Error] :1:1: Premature end of file.
2026-05-05 01:43:50,607 [ERROR] LogOutputStream:75 - [STDERR_REDIRECT] 
2026-05-05 01:43:51,602 [ERROR] LogOutputStream:75 - [STDERR_REDIRECT] [Fatal Error] :1:1: Premature end of file.
2026-05-05 01:43:51,602 [ERROR] LogOutputStream:75 - [STDERR_REDIRECT] 
2026-05-05 01:43:52,607 [ERROR] LogOutputStream:75 - [STDERR_REDIRECT] [Fatal Error] :1:1: Premature end of file.
2026-05-05 01:43:52,607 [ERROR] LogOutputStream:75 - [STDERR_REDIRECT] 
2026-05-05 01:43:53,601 [ERROR] LogOutputStream:75 - [STDERR_REDIRECT] [Fatal Error] :1:1: Premature end of file.
2026-05-05 01:43:53,601 [ERROR] LogOutputStream:75 - [STDERR_REDIRECT] 
2026-05-05 01:43:54,600 [ERROR] LogOutputStream:75 - [STDERR_REDIRECT] [Fatal Error] :1:1: Premature end of file.
2026-05-05 01:43:54,600 [ERROR] LogOutputStream:75 - [STDERR_REDIRECT] 
2026-05-05 01:43:55,597 [ERROR] LogOutputStream:75 - [STDERR_REDIRECT] [Fatal Error] :1:1: Premature end of file.
2026-05-05 01:43:55,597 [ERROR] LogOutputStream:75 - [STDERR_REDIRECT] 
2026-05-05 01:43:56,607 [ERROR] LogOutputStream:75 - [STDERR_REDIRECT] [Fatal Error] :1:1: Premature end of file.
2026-05-05 01:43:56,607 [ERROR] LogOutputStream:75 - [STDERR_REDIRECT] 
2026-05-05 01:43:57,603 [ERROR] LogOutputStream:75 - [STDERR_REDIRECT] [Fatal Error] :1:1: Premature end of file.
2026-05-05 01:43:57,603 [ERROR] LogOutputStream:75 - [STDERR_REDIRECT] 
2026-05-05 01:43:58,597 [ERROR] LogOutputStream:75 - [STDERR_REDIRECT] [Fatal Error] :1:1: Premature end of file.
2026-05-05 01:43:58,597 [ERROR] LogOutputStream:75 - [STDERR_REDIRECT] 
2026-05-05 01:43:59,619 [ERROR] LogOutputStream:75 - [STDERR_REDIRECT] [Fatal Error] :1:1: Premature end of file.
2026-05-05 01:43:59,619 [ERROR] LogOutputStream:75 - [STDERR_REDIRECT] 
2026-05-05 01:44:00,597 [ERROR] LogOutputStream:75 - [STDERR_REDIRECT] [Fatal Error] :1:1: Premature end of file.
2026-05-05 01:44:00,597 [ERROR] LogOutputStream:75 - [STDERR_REDIRECT] 
2026-05-05 01:44:01,599 [ERROR] LogOutputStream:75 - [STDERR_REDIRECT] [Fatal Error] :1:1: Premature end of file.
2026-05-05 01:44:01,600 [ERROR] LogOutputStream:75 - [STDERR_REDIRECT] 
2026-05-05 01:44:02,605 [ERROR] LogOutputStream:75 - [STDERR_REDIRECT] [Fatal Error] :1:1: Premature end of file.
2026-05-05 01:44:02,605 [ERROR] LogOutputStream:75 - [STDERR_REDIRECT] 
2026-05-05 01:44:03,601 [ERROR] LogOutputStream:75 - [STDERR_REDIRECT] [Fatal Error] :1:1: Premature end of file.
2026-05-05 01:44:03,601 [ERROR] LogOutputStream:75 - [STDERR_REDIRECT] 
2026-05-05 01:44:04,607 [ERROR] LogOutputStream:75 - [STDERR_REDIRECT] [Fatal Error] :1:1: Premature end of file.
2026-05-05 01:44:04,607 [ERROR] LogOutputStream:75 - [STDERR_REDIRECT] 
2026-05-05 01:44:05,603 [ERROR] LogOutputStream:75 - [STDERR_REDIRECT] [Fatal Error] :1:1: Premature end of file.
2026-05-05 01:44:05,603 [ERROR] LogOutputStream:75 - [STDERR_REDIRECT] 
2026-05-05 01:44:06,600 [ERROR] LogOutputStream:75 - [STDERR_REDIRECT] [Fatal Error] :1:1: Premature end of file.
2026-05-05 01:44:06,600 [ERROR] LogOutputStream:75 - [STDERR_REDIRECT] 
2026-05-05 01:44:07,602 [ERROR] LogOutputStream:75 - [STDERR_REDIRECT] [Fatal Error] :1:1: Premature end of file.
2026-05-05 01:44:07,602 [ERROR] LogOutputStream:75 - [STDERR_REDIRECT] 
2026-05-05 01:44:08,597 [ERROR] LogOutputStream:75 - [STDERR_REDIRECT] [Fatal Error] :1:1: Premature end of file.
2026-05-05 01:44:08,597 [ERROR] LogOutputStream:75 - [STDERR_REDIRECT] 
2026-05-05 01:44:09,608 [ERROR] LogOutputStream:75 - [STDERR_REDIRECT] [Fatal Error] :1:1: Premature end of file.
2026-05-05 01:44:09,608 [ERROR] LogOutputStream:75 - [STDERR_REDIRECT] 
2026-05-05 01:44:10,609 [ERROR] LogOutputStream:75 - [STDERR_REDIRECT] [Fatal Error] :1:1: Premature end of file.
2026-05-05 01:44:10,609 [ERROR] LogOutputStream:75 - [STDERR_REDIRECT] 
2026-05-05 01:44:11,600 [ERROR] LogOutputStream:75 - [STDERR_REDIRECT] [Fatal Error] :1:1: Premature end of file.
2026-05-05 01:44:11,600 [ERROR] LogOutputStream:75 - [STDERR_REDIRECT] 
2026-05-05 01:44:12,606 [ERROR] LogOutputStream:75 - [STDERR_REDIRECT] [Fatal Error] :1:1: Premature end of file.
2026-05-05 01:44:12,606 [ERROR] LogOutputStream:75 - [STDERR_REDIRECT] 
2026-05-05 01:44:13,601 [ERROR] LogOutputStream:75 - [STDERR_REDIRECT] [Fatal Error] :1:1: Premature end of file.
2026-05-05 01:44:13,601 [ERROR] LogOutputStream:75 - [STDERR_REDIRECT] 
2026-05-05 01:44:14,606 [ERROR] LogOutputStream:75 - [STDERR_REDIRECT] [Fatal Error] :1:1: Premature end of file.
2026-05-05 01:44:14,606 [ERROR] LogOutputStream:75 - [STDERR_REDIRECT] 
2026-05-05 01:44:15,603 [ERROR] LogOutputStream:75 - [STDERR_REDIRECT] [Fatal Error] :1:1: Premature end of file.
2026-05-05 01:44:15,603 [ERROR] LogOutputStream:75 - [STDERR_REDIRECT] 
2026-05-05 01:44:16,599 [ERROR] LogOutputStream:75 - [STDERR_REDIRECT] [Fatal Error] :1:1: Premature end of file.
2026-05-05 01:44:16,599 [ERROR] LogOutputStream:75 - [STDERR_REDIRECT] 
2026-05-05 01:44:17,605 [ERROR] LogOutputStream:75 - [STDERR_REDIRECT] [Fatal Error] :1:1: Premature end of file.
2026-05-05 01:44:17,605 [ERROR] LogOutputStream:75 - [STDERR_REDIRECT] 
2026-05-05 01:44:18,602 [ERROR] LogOutputStream:75 - [STDERR_REDIRECT] [Fatal Error] :1:1: Premature end of file.
2026-05-05 01:44:18,602 [ERROR] LogOutputStream:75 - [STDERR_REDIRECT] 
2026-05-05 01:44:19,606 [ERROR] LogOutputStream:75 - [STDERR_REDIRECT] [Fatal Error] :1:1: Premature end of file.
2026-05-05 01:44:19,606 [ERROR] LogOutputStream:75 - [STDERR_REDIRECT] 
2026-05-05 01:44:20,606 [ERROR] LogOutputStream:75 - [STDERR_REDIRECT] [Fatal Error] :1:1: Premature end of file.
2026-05-05 01:44:20,606 [ERROR] LogOutputStream:75 - [STDERR_REDIRECT] 
2026-05-05 01:44:21,602 [ERROR] LogOutputStream:75 - [STDERR_REDIRECT] [Fatal Error] :1:1: Premature end of file.
2026-05-05 01:44:21,602 [ERROR] LogOutputStream:75 - [STDERR_REDIRECT] 
2026-05-05 01:44:22,608 [ERROR] LogOutputStream:75 - [STDERR_REDIRECT] [Fatal Error] :1:1: Premature end of file.
2026-05-05 01:44:22,608 [ERROR] LogOutputStream:75 - [STDERR_REDIRECT] 
2026-05-05 01:44:23,599 [ERROR] LogOutputStream:75 - [STDERR_REDIRECT] [Fatal Error] :1:1: Premature end of file.
2026-05-05 01:44:23,599 [ERROR] LogOutputStream:75 - [STDERR_REDIRECT] 
2026-05-05 01:44:24,606 [ERROR] LogOutputStream:75 - [STDERR_REDIRECT] [Fatal Error] :1:1: Premature end of file.
2026-05-05 01:44:24,606 [ERROR] LogOutputStream:75 - [STDERR_REDIRECT] 
2026-05-05 01:44:25,609 [ERROR] LogOutputStream:75 - [STDERR_REDIRECT] [Fatal Error] :1:1: Premature end of file.
2026-05-05 01:44:25,609 [ERROR] LogOutputStream:75 - [STDERR_REDIRECT] 
2026-05-05 01:44:52,126 [ERROR] LogOutputStream:75 - [STDERR_REDIRECT] [Fatal Error] :1:1: Premature end of file.
2026-05-05 01:44:52,126 [ERROR] LogOutputStream:75 - [STDERR_REDIRECT] 
2026-05-05 01:44:52,149 [ERROR] LogOutputStream:75 - [STDERR_REDIRECT] [Fatal Error] :1:1: Premature end of file.
2026-05-05 01:44:52,149 [ERROR] LogOutputStream:75 - [STDERR_REDIRECT] 
2026-05-05 01:44:52,170 [ERROR] LogOutputStream:75 - [STDERR_REDIRECT] [Fatal Error] :1:1: Premature end of file.
2026-05-05 01:44:52,170 [ERROR] LogOutputStream:75 - [STDERR_REDIRECT] 
2026-05-05 01:44:52,191 [ERROR] LogOutputStream:75 - [STDERR_REDIRECT] [Fatal Error] :1:1: Premature end of file.
2026-05-05 01:44:52,191 [ERROR] LogOutputStream:75 - [STDERR_REDIRECT] 
2026-05-05 01:44:52,231 [ERROR] LogOutputStream:75 - [STDERR_REDIRECT] [Fatal Error] :1:1: Premature end of file.
2026-05-05 01:44:52,231 [ERROR] LogOutputStream:75 - [STDERR_REDIRECT] 
2026-05-05 01:44:52,265 [ERROR] LogOutputStream:75 - [STDERR_REDIRECT] [Fatal Error] :1:1: Premature end of file.
2026-05-05 01:44:52,265 [ERROR] LogOutputStream:75 - [STDERR_REDIRECT] 
2026-05-05 01:44:52,285 [ERROR] LogOutputStream:75 - [STDERR_REDIRECT] [Fatal Error] :1:1: Premature end of file.
2026-05-05 01:44:52,285 [ERROR] LogOutputStream:75 - [STDERR_REDIRECT] 
2026-05-05 01:44:52,305 [ERROR] LogOutputStream:75 - [STDERR_REDIRECT] [Fatal Error] :1:1: Premature end of file.
2026-05-05 01:44:52,305 [ERROR] LogOutputStream:75 - [STDERR_REDIRECT] 
2026-05-05 01:44:52,327 [ERROR] LogOutputStream:75 - [STDERR_REDIRECT] [Fatal Error] :1:1: Premature end of file.
2026-05-05 01:44:52,327 [ERROR] LogOutputStream:75 - [STDERR_REDIRECT] 
2026-05-05 01:44:52,347 [ERROR] LogOutputStream:75 - [STDERR_REDIRECT] [Fatal Error] :1:1: Premature end of file.
2026-05-05 01:44:52,347 [ERROR] LogOutputStream:75 - [STDERR_REDIRECT] 
2026-05-05 01:44:52,369 [ERROR] LogOutputStream:75 - [STDERR_REDIRECT] [Fatal Error] :1:1: Premature end of file.
2026-05-05 01:44:52,369 [ERROR] LogOutputStream:75 - [STDERR_REDIRECT] 
2026-05-05 01:44:52,392 [ERROR] LogOutputStream:75 - [STDERR_REDIRECT] [Fatal Error] :1:1: Premature end of file.
2026-05-05 01:44:52,392 [ERROR] LogOutputStream:75 - [STDERR_REDIRECT] 
2026-05-05 01:44:52,420 [ERROR] LogOutputStream:75 - [STDERR_REDIRECT] [Fatal Error] :1:1: Premature end of file.
2026-05-05 01:44:52,420 [ERROR] LogOutputStream:75 - [STDERR_REDIRECT] 
2026-05-05 01:44:52,445 [ERROR] LogOutputStream:75 - [STDERR_REDIRECT] [Fatal Error] :1:1: Premature end of file.
2026-05-05 01:44:52,445 [ERROR] LogOutputStream:75 - [STDERR_REDIRECT] 
2026-05-05 01:44:52,474 [ERROR] LogOutputStream:75 - [STDERR_REDIRECT] [Fatal Error] :1:1: Premature end of file.
2026-05-05 01:44:52,475 [ERROR] LogOutputStream:75 - [STDERR_REDIRECT] 
2026-05-05 01:44:52,503 [ERROR] LogOutputStream:75 - [STDERR_REDIRECT] [Fatal Error] :1:1: Premature end of file.
2026-05-05 01:44:52,503 [ERROR] LogOutputStream:75 - [STDERR_REDIRECT] 
2026-05-05 01:44:52,526 [ERROR] LogOutputStream:75 - [STDERR_REDIRECT] [Fatal Error] :1:1: Premature end of file.
2026-05-05 01:44:52,526 [ERROR] LogOutputStream:75 - [STDERR_REDIRECT] 
2026-05-05 01:44:52,548 [ERROR] LogOutputStream:75 - [STDERR_REDIRECT] [Fatal Error] :1:1: Premature end of file.
2026-05-05 01:44:52,548 [ERROR] LogOutputStream:75 - [STDERR_REDIRECT] 
2026-05-05 01:44:52,576 [ERROR] LogOutputStream:75 - [STDERR_REDIRECT] [Fatal Error] :1:1: Premature end of file.
2026-05-05 01:44:52,576 [ERROR] LogOutputStream:75 - [STDERR_REDIRECT] 
2026-05-05 01:44:52,600 [ERROR] LogOutputStream:75 - [STDERR_REDIRECT] [Fatal Error] :1:1: Premature end of file.
2026-05-05 01:44:52,600 [ERROR] LogOutputStream:75 - [STDERR_REDIRECT] 
2026-05-05 01:44:52,623 [ERROR] LogOutputStream:75 - [STDERR_REDIRECT] [Fatal Error] :1:1: Premature end of file.
2026-05-05 01:44:52,623 [ERROR] LogOutputStream:75 - [STDERR_REDIRECT] 
2026-05-05 01:44:52,645 [ERROR] LogOutputStream:75 - [STDERR_REDIRECT] [Fatal Error] :1:1: Premature end of file.
2026-05-05 01:44:52,645 [ERROR] LogOutputStream:75 - [STDERR_REDIRECT] 
2026-05-05 01:44:52,666 [ERROR] LogOutputStream:75 - [STDERR_REDIRECT] [Fatal Error] :1:1: Premature end of file.
2026-05-05 01:44:52,666 [ERROR] LogOutputStream:75 - [STDERR_REDIRECT] 
2026-05-05 01:44:52,687 [ERROR] LogOutputStream:75 - [STDERR_REDIRECT] [Fatal Error] :1:1: Premature end of file.
2026-05-05 01:44:52,687 [ERROR] LogOutputStream:75 - [STDERR_REDIRECT] 
2026-05-05 01:44:52,710 [ERROR] LogOutputStream:75 - [STDERR_REDIRECT] [Fatal Error] :1:1: Premature end of file.
2026-05-05 01:44:52,711 [ERROR] LogOutputStream:75 - [STDERR_REDIRECT] 
2026-05-05 01:44:52,732 [ERROR] LogOutputStream:75 - [STDERR_REDIRECT] [Fatal Error] :1:1: Premature end of file.
2026-05-05 01:44:52,732 [ERROR] LogOutputStream:75 - [STDERR_REDIRECT] 
2026-05-05 01:44:52,772 [ERROR] LogOutputStream:75 - [STDERR_REDIRECT] [Fatal Error] :1:1: Premature end of file.
2026-05-05 01:44:52,772 [ERROR] LogOutputStream:75 - [STDERR_REDIRECT] 
2026-05-05 01:44:53,603 [ERROR] LogOutputStream:75 - [STDERR_REDIRECT] [Fatal Error] :1:1: Premature end of file.
2026-05-05 01:44:53,603 [ERROR] LogOutputStream:75 - [STDERR_REDIRECT] 
2026-05-05 01:44:54,614 [ERROR] LogOutputStream:75 - [STDERR_REDIRECT] [Fatal Error] :1:1: Premature end of file.
2026-05-05 01:44:54,614 [ERROR] LogOutputStream:75 - [STDERR_REDIRECT] 
2026-05-05 01:44:55,607 [ERROR] LogOutputStream:75 - [STDERR_REDIRECT] [Fatal Error] :1:1: Premature end of file.
2026-05-05 01:44:55,607 [ERROR] LogOutputStream:75 - [STDERR_REDIRECT] 
2026-05-05 01:44:56,604 [ERROR] LogOutputStream:75 - [STDERR_REDIRECT] [Fatal Error] :1:1: Premature end of file.
2026-05-05 01:44:56,604 [ERROR] LogOutputStream:75 - [STDERR_REDIRECT] 
2026-05-05 01:44:57,606 [ERROR] LogOutputStream:75 - [STDERR_REDIRECT] [Fatal Error] :1:1: Premature end of file.
2026-05-05 01:44:57,606 [ERROR] LogOutputStream:75 - [STDERR_REDIRECT] 
2026-05-05 01:44:58,600 [ERROR] LogOutputStream:75 - [STDERR_REDIRECT] [Fatal Error] :1:1: Premature end of file.
2026-05-05 01:44:58,601 [ERROR] LogOutputStream:75 - [STDERR_REDIRECT] 
2026-05-05 01:44:59,604 [ERROR] LogOutputStream:75 - [STDERR_REDIRECT] [Fatal Error] :1:1: Premature end of file.
2026-05-05 01:44:59,605 [ERROR] LogOutputStream:75 - [STDERR_REDIRECT] 
2026-05-05 01:45:00,603 [ERROR] LogOutputStream:75 - [STDERR_REDIRECT] [Fatal Error] :1:1: Premature end of file.
2026-05-05 01:45:00,603 [ERROR] LogOutputStream:75 - [STDERR_REDIRECT] 
2026-05-05 01:45:01,602 [ERROR] LogOutputStream:75 - [STDERR_REDIRECT] [Fatal Error] :1:1: Premature end of file.
2026-05-05 01:45:01,602 [ERROR] LogOutputStream:75 - [STDERR_REDIRECT] 
2026-05-05 01:45:02,610 [ERROR] LogOutputStream:75 - [STDERR_REDIRECT] [Fatal Error] :1:1: Premature end of file.
2026-05-05 01:45:02,610 [ERROR] LogOutputStream:75 - [STDERR_REDIRECT] 
2026-05-05 01:45:03,604 [ERROR] LogOutputStream:75 - [STDERR_REDIRECT] [Fatal Error] :1:1: Premature end of file.
2026-05-05 01:45:03,604 [ERROR] LogOutputStream:75 - [STDERR_REDIRECT] 
2026-05-05 01:45:04,601 [ERROR] LogOutputStream:75 - [STDERR_REDIRECT] [Fatal Error] :1:1: Premature end of file.
2026-05-05 01:45:04,601 [ERROR] LogOutputStream:75 - [STDERR_REDIRECT] 
2026-05-05 01:45:05,610 [ERROR] LogOutputStream:75 - [STDERR_REDIRECT] [Fatal Error] :1:1: Premature end of file.
2026-05-05 01:45:05,610 [ERROR] LogOutputStream:75 - [STDERR_REDIRECT] 
2026-05-05 01:45:06,609 [ERROR] LogOutputStream:75 - [STDERR_REDIRECT] [Fatal Error] :1:1: Premature end of file.
2026-05-05 01:45:06,609 [ERROR] LogOutputStream:75 - [STDERR_REDIRECT] 
2026-05-05 01:45:07,602 [ERROR] LogOutputStream:75 - [STDERR_REDIRECT] [Fatal Error] :1:1: Premature end of file.
2026-05-05 01:45:07,603 [ERROR] LogOutputStream:75 - [STDERR_REDIRECT] 
2026-05-05 01:45:08,602 [ERROR] LogOutputStream:75 - [STDERR_REDIRECT] [Fatal Error] :1:1: Premature end of file.
2026-05-05 01:45:08,602 [ERROR] LogOutputStream:75 - [STDERR_REDIRECT] 
2026-05-05 01:45:09,602 [ERROR] LogOutputStream:75 - [STDERR_REDIRECT] [Fatal Error] :1:1: Premature end of file.
2026-05-05 01:45:09,603 [ERROR] LogOutputStream:75 - [STDERR_REDIRECT] 
2026-05-05 01:45:10,611 [ERROR] LogOutputStream:75 - [STDERR_REDIRECT] [Fatal Error] :1:1: Premature end of file.
2026-05-05 01:45:10,611 [ERROR] LogOutputStream:75 - [STDERR_REDIRECT] 
2026-05-05 01:45:11,610 [ERROR] LogOutputStream:75 - [STDERR_REDIRECT] [Fatal Error] :1:1: Premature end of file.
2026-05-05 01:45:11,610 [ERROR] LogOutputStream:75 - [STDERR_REDIRECT] 
2026-05-05 01:45:12,601 [ERROR] LogOutputStream:75 - [STDERR_REDIRECT] [Fatal Error] :1:1: Premature end of file.
2026-05-05 01:45:12,601 [ERROR] LogOutputStream:75 - [STDERR_REDIRECT] 
2026-05-05 01:45:13,605 [ERROR] LogOutputStream:75 - [STDERR_REDIRECT] [Fatal Error] :1:1: Premature end of file.
2026-05-05 01:45:13,605 [ERROR] LogOutputStream:75 - [STDERR_REDIRECT] 
2026-05-05 01:45:14,604 [ERROR] LogOutputStream:75 - [STDERR_REDIRECT] [Fatal Error] :1:1: Premature end of file.
2026-05-05 01:45:14,604 [ERROR] LogOutputStream:75 - [STDERR_REDIRECT] 
2026-05-05 01:45:15,602 [ERROR] LogOutputStream:75 - [STDERR_REDIRECT] [Fatal Error] :1:1: Premature end of file.
2026-05-05 01:45:15,602 [ERROR] LogOutputStream:75 - [STDERR_REDIRECT] 
2026-05-05 01:45:16,605 [ERROR] LogOutputStream:75 - [STDERR_REDIRECT] [Fatal Error] :1:1: Premature end of file.
2026-05-05 01:45:16,605 [ERROR] LogOutputStream:75 - [STDERR_REDIRECT] 
2026-05-05 01:45:17,609 [ERROR] LogOutputStream:75 - [STDERR_REDIRECT] [Fatal Error] :1:1: Premature end of file.
2026-05-05 01:45:17,609 [ERROR] LogOutputStream:75 - [STDERR_REDIRECT] 
2026-05-05 01:45:18,604 [ERROR] LogOutputStream:75 - [STDERR_REDIRECT] [Fatal Error] :1:1: Premature end of file.
2026-05-05 01:45:18,604 [ERROR] LogOutputStream:75 - [STDERR_REDIRECT] 
2026-05-05 01:45:19,598 [ERROR] LogOutputStream:75 - [STDERR_REDIRECT] [Fatal Error] :1:1: Premature end of file.
2026-05-05 01:45:19,598 [ERROR] LogOutputStream:75 - [STDERR_REDIRECT] 
2026-05-05 01:45:20,597 [ERROR] LogOutputStream:75 - [STDERR_REDIRECT] [Fatal Error] :1:1: Premature end of file.
2026-05-05 01:45:20,597 [ERROR] LogOutputStream:75 - [STDERR_REDIRECT] 
2026-05-05 01:45:21,600 [ERROR] LogOutputStream:75 - [STDERR_REDIRECT] [Fatal Error] :1:1: Premature end of file.
2026-05-05 01:45:21,600 [ERROR] LogOutputStream:75 - [STDERR_REDIRECT] 
2026-05-05 01:45:22,608 [ERROR] LogOutputStream:75 - [STDERR_REDIRECT] [Fatal Error] :1:1: Premature end of file.
2026-05-05 01:45:22,608 [ERROR] LogOutputStream:75 - [STDERR_REDIRECT] 
2026-05-05 01:45:23,610 [ERROR] LogOutputStream:75 - [STDERR_REDIRECT] [Fatal Error] :1:1: Premature end of file.
2026-05-05 01:45:23,610 [ERROR] LogOutputStream:75 - [STDERR_REDIRECT] 
2026-05-05 01:45:24,601 [ERROR] LogOutputStream:75 - [STDERR_REDIRECT] [Fatal Error] :1:1: Premature end of file.
2026-05-05 01:45:24,601 [ERROR] LogOutputStream:75 - [STDERR_REDIRECT] 
2026-05-05 01:45:25,602 [ERROR] LogOutputStream:75 - [STDERR_REDIRECT] [Fatal Error] :1:1: Premature end of file.
2026-05-05 01:45:25,602 [ERROR] LogOutputStream:75 - [STDERR_REDIRECT] 
2026-05-05 01:45:26,603 [ERROR] LogOutputStream:75 - [STDERR_REDIRECT] [Fatal Error] :1:1: Premature end of file.
2026-05-05 01:45:26,603 [ERROR] LogOutputStream:75 - [STDERR_REDIRECT] 
2026-05-05 01:45:27,609 [ERROR] LogOutputStream:75 - [STDERR_REDIRECT] [Fatal Error] :1:1: Premature end of file.
2026-05-05 01:45:27,609 [ERROR] LogOutputStream:75 - [STDERR_REDIRECT] 
2026-05-05 01:45:28,611 [ERROR] LogOutputStream:75 - [STDERR_REDIRECT] [Fatal Error] :1:1: Premature end of file.
2026-05-05 01:45:28,611 [ERROR] LogOutputStream:75 - [STDERR_REDIRECT] 
2026-05-05 01:45:29,601 [ERROR] LogOutputStream:75 - [STDERR_REDIRECT] [Fatal Error] :1:1: Premature end of file.
2026-05-05 01:45:29,601 [ERROR] LogOutputStream:75 - [STDERR_REDIRECT] 
2026-05-05 01:45:30,602 [ERROR] LogOutputStream:75 - [STDERR_REDIRECT] [Fatal Error] :1:1: Premature end of file.
2026-05-05 01:45:30,602 [ERROR] LogOutputStream:75 - [STDERR_REDIRECT] 
2026-05-05 01:45:31,605 [ERROR] LogOutputStream:75 - [STDERR_REDIRECT] [Fatal Error] :1:1: Premature end of file.
2026-05-05 01:45:31,605 [ERROR] LogOutputStream:75 - [STDERR_REDIRECT] 
2026-05-05 01:45:32,611 [ERROR] LogOutputStream:75 - [STDERR_REDIRECT] [Fatal Error] :1:1: Premature end of file.
2026-05-05 01:45:32,612 [ERROR] LogOutputStream:75 - [STDERR_REDIRECT] 
2026-05-05 01:45:33,625 [ERROR] LogOutputStream:75 - [STDERR_REDIRECT] [Fatal Error] :1:1: Premature end of file.
2026-05-05 01:45:33,625 [ERROR] LogOutputStream:75 - [STDERR_REDIRECT] 
2026-05-05 01:45:34,609 [ERROR] LogOutputStream:75 - [STDERR_REDIRECT] [Fatal Error] :1:1: Premature end of file.
2026-05-05 01:45:34,609 [ERROR] LogOutputStream:75 - [STDERR_REDIRECT] 
2026-05-05 01:45:35,611 [ERROR] LogOutputStream:75 - [STDERR_REDIRECT] [Fatal Error] :1:1: Premature end of file.
2026-05-05 01:45:35,611 [ERROR] LogOutputStream:75 - [STDERR_REDIRECT] 
2026-05-05 01:45:36,602 [ERROR] LogOutputStream:75 - [STDERR_REDIRECT] [Fatal Error] :1:1: Premature end of file.
2026-05-05 01:45:36,602 [ERROR] LogOutputStream:75 - [STDERR_REDIRECT] 
2026-05-05 01:45:37,611 [ERROR] LogOutputStream:75 - [STDERR_REDIRECT] [Fatal Error] :1:1: Premature end of file.
2026-05-05 01:45:37,611 [ERROR] LogOutputStream:75 - [STDERR_REDIRECT] 
2026-05-05 01:45:38,607 [ERROR] LogOutputStream:75 - [STDERR_REDIRECT] [Fatal Error] :1:1: Premature end of file.
2026-05-05 01:45:38,607 [ERROR] LogOutputStream:75 - [STDERR_REDIRECT] 
2026-05-05 01:45:39,609 [ERROR] LogOutputStream:75 - [STDERR_REDIRECT] [Fatal Error] :1:1: Premature end of file.
2026-05-05 01:45:39,609 [ERROR] LogOutputStream:75 - [STDERR_REDIRECT] 
2026-05-05 01:45:40,617 [ERROR] LogOutputStream:75 - [STDERR_REDIRECT] [Fatal Error] :1:1: Premature end of file.
2026-05-05 01:45:40,617 [ERROR] LogOutputStream:75 - [STDERR_REDIRECT] 
2026-05-05 01:45:41,610 [ERROR] LogOutputStream:75 - [STDERR_REDIRECT] [Fatal Error] :1:1: Premature end of file.
2026-05-05 01:45:41,610 [ERROR] LogOutputStream:75 - [STDERR_REDIRECT] 
2026-05-05 01:45:42,611 [ERROR] LogOutputStream:75 - [STDERR_REDIRECT] [Fatal Error] :1:1: Premature end of file.
2026-05-05 01:45:42,611 [ERROR] LogOutputStream:75 - [STDERR_REDIRECT] 
2026-05-05 01:45:44,475 [ERROR] LogOutputStream:75 - [STDERR_REDIRECT] [Fatal Error] :1:1: Premature end of file.
2026-05-05 01:45:44,475 [ERROR] LogOutputStream:75 - [STDERR_REDIRECT] 
2026-05-05 01:45:44,609 [ERROR] LogOutputStream:75 - [STDERR_REDIRECT] [Fatal Error] :1:1: Premature end of file.
2026-05-05 01:45:44,609 [ERROR] LogOutputStream:75 - [STDERR_REDIRECT] 
2026-05-05 01:45:45,611 [ERROR] LogOutputStream:75 - [STDERR_REDIRECT] [Fatal Error] :1:1: Premature end of file.
2026-05-05 01:45:45,611 [ERROR] LogOutputStream:75 - [STDERR_REDIRECT] 
2026-05-05 01:45:46,608 [ERROR] LogOutputStream:75 - [STDERR_REDIRECT] [Fatal Error] :1:1: Premature end of file.
2026-05-05 01:45:46,608 [ERROR] LogOutputStream:75 - [STDERR_REDIRECT] 
2026-05-05 01:45:47,599 [ERROR] LogOutputStream:75 - [STDERR_REDIRECT] [Fatal Error] :1:1: Premature end of file.
2026-05-05 01:45:47,600 [ERROR] LogOutputStream:75 - [STDERR_REDIRECT] 
2026-05-05 01:45:48,631 [ERROR] LogOutputStream:75 - [STDERR_REDIRECT] [Fatal Error] :1:1: Premature end of file.
2026-05-05 01:45:48,631 [ERROR] LogOutputStream:75 - [STDERR_REDIRECT] 
2026-05-05 01:45:49,657 [ERROR] LogOutputStream:75 - [STDERR_REDIRECT] [Fatal Error] :1:1: Premature end of file.
2026-05-05 01:45:49,657 [ERROR] LogOutputStream:75 - [STDERR_REDIRECT] 
2026-05-05 01:45:50,609 [ERROR] LogOutputStream:75 - [STDERR_REDIRECT] [Fatal Error] :1:1: Premature end of file.
2026-05-05 01:45:50,609 [ERROR] LogOutputStream:75 - [STDERR_REDIRECT] 
2026-05-05 01:45:51,607 [ERROR] LogOutputStream:75 - [STDERR_REDIRECT] [Fatal Error] :1:1: Premature end of file.
2026-05-05 01:45:51,607 [ERROR] LogOutputStream:75 - [STDERR_REDIRECT] 
2026-05-05 01:45:52,613 [ERROR] LogOutputStream:75 - [STDERR_REDIRECT] [Fatal Error] :1:1: Premature end of file.
2026-05-05 01:45:52,613 [ERROR] LogOutputStream:75 - [STDERR_REDIRECT] 
2026-05-05 01:45:53,598 [ERROR] LogOutputStream:75 - [STDERR_REDIRECT] [Fatal Error] :1:1: Premature end of file.
2026-05-05 01:45:53,598 [ERROR] LogOutputStream:75 - [STDERR_REDIRECT] 
2026-05-05 01:45:54,605 [ERROR] LogOutputStream:75 - [STDERR_REDIRECT] [Fatal Error] :1:1: Premature end of file.
2026-05-05 01:45:54,605 [ERROR] LogOutputStream:75 - [STDERR_REDIRECT] 
2026-05-05 01:45:55,612 [ERROR] LogOutputStream:75 - [STDERR_REDIRECT] [Fatal Error] :1:1: Premature end of file.
2026-05-05 01:45:55,612 [ERROR] LogOutputStream:75 - [STDERR_REDIRECT] 
2026-05-05 01:45:56,603 [ERROR] LogOutputStream:75 - [STDERR_REDIRECT] [Fatal Error] :1:1: Premature end of file.
2026-05-05 01:45:56,603 [ERROR] LogOutputStream:75 - [STDERR_REDIRECT] 
2026-05-05 01:45:57,602 [ERROR] LogOutputStream:75 - [STDERR_REDIRECT] [Fatal Error] :1:1: Premature end of file.
2026-05-05 01:45:57,602 [ERROR] LogOutputStream:75 - [STDERR_REDIRECT] 
2026-05-05 01:45:58,602 [ERROR] LogOutputStream:75 - [STDERR_REDIRECT] [Fatal Error] :1:1: Premature end of file.
2026-05-05 01:45:58,602 [ERROR] LogOutputStream:75 - [STDERR_REDIRECT] 
2026-05-05 01:46:07,321 [ERROR] LogOutputStream:75 - [STDERR_REDIRECT] [Fatal Error] :1:1: Premature end of file.
2026-05-05 01:46:07,321 [ERROR] LogOutputStream:75 - [STDERR_REDIRECT] 
2026-05-05 01:46:07,346 [ERROR] LogOutputStream:75 - [STDERR_REDIRECT] [Fatal Error] :1:1: Premature end of file.
2026-05-05 01:46:07,346 [ERROR] LogOutputStream:75 - [STDERR_REDIRECT] 
2026-05-05 01:46:07,368 [ERROR] LogOutputStream:75 - [STDERR_REDIRECT] [Fatal Error] :1:1: Premature end of file.
2026-05-05 01:46:07,368 [ERROR] LogOutputStream:75 - [STDERR_REDIRECT] 
2026-05-05 01:46:07,421 [ERROR] LogOutputStream:75 - [STDERR_REDIRECT] [Fatal Error] :1:1: Premature end of file.
2026-05-05 01:46:07,421 [ERROR] LogOutputStream:75 - [STDERR_REDIRECT] 
2026-05-05 01:46:07,592 [ERROR] LogOutputStream:75 - [STDERR_REDIRECT] [Fatal Error] :1:1: Premature end of file.
2026-05-05 01:46:07,592 [ERROR] LogOutputStream:75 - [STDERR_REDIRECT] 
2026-05-05 01:46:07,744 [ERROR] LogOutputStream:75 - [STDERR_REDIRECT] [Fatal Error] :1:1: Premature end of file.
2026-05-05 01:46:07,744 [ERROR] LogOutputStream:75 - [STDERR_REDIRECT] 
2026-05-05 01:46:07,818 [ERROR] LogOutputStream:75 - [STDERR_REDIRECT] [Fatal Error] :1:1: Premature end of file.
2026-05-05 01:46:07,818 [ERROR] LogOutputStream:75 - [STDERR_REDIRECT] 
2026-05-05 01:46:07,842 [ERROR] LogOutputStream:75 - [STDERR_REDIRECT] [Fatal Error] :1:1: Premature end of file.
2026-05-05 01:46:07,842 [ERROR] LogOutputStream:75 - [STDERR_REDIRECT] 
2026-05-05 01:46:07,864 [ERROR] LogOutputStream:75 - [STDERR_REDIRECT] [Fatal Error] :1:1: Premature end of file.
2026-05-05 01:46:07,864 [ERROR] LogOutputStream:75 - [STDERR_REDIRECT] 
2026-05-05 01:46:08,606 [ERROR] LogOutputStream:75 - [STDERR_REDIRECT] [Fatal Error] :1:1: Premature end of file.
2026-05-05 01:46:08,607 [ERROR] LogOutputStream:75 - [STDERR_REDIRECT] 
2026-05-05 01:46:09,605 [ERROR] LogOutputStream:75 - [STDERR_REDIRECT] [Fatal Error] :1:1: Premature end of file.
2026-05-05 01:46:09,605 [ERROR] LogOutputStream:75 - [STDERR_REDIRECT] 
2026-05-05 01:46:10,625 [ERROR] LogOutputStream:75 - [STDERR_REDIRECT] [Fatal Error] :1:1: Premature end of file.
2026-05-05 01:46:10,625 [ERROR] LogOutputStream:75 - [STDERR_REDIRECT] 
2026-05-05 01:46:11,614 [ERROR] LogOutputStream:75 - [STDERR_REDIRECT] [Fatal Error] :1:1: Premature end of file.
2026-05-05 01:46:11,614 [ERROR] LogOutputStream:75 - [STDERR_REDIRECT] 
2026-05-05 01:46:12,619 [ERROR] LogOutputStream:75 - [STDERR_REDIRECT] [Fatal Error] :1:1: Premature end of file.
2026-05-05 01:46:12,619 [ERROR] LogOutputStream:75 - [STDERR_REDIRECT] 
2026-05-05 01:46:13,608 [ERROR] LogOutputStream:75 - [STDERR_REDIRECT] [Fatal Error] :1:1: Premature end of file.
2026-05-05 01:46:13,608 [ERROR] LogOutputStream:75 - [STDERR_REDIRECT] 
2026-05-05 01:46:14,608 [ERROR] LogOutputStream:75 - [STDERR_REDIRECT] [Fatal Error] :1:1: Premature end of file.
2026-05-05 01:46:14,608 [ERROR] LogOutputStream:75 - [STDERR_REDIRECT] 
2026-05-05 01:46:15,598 [ERROR] LogOutputStream:75 - [STDERR_REDIRECT] [Fatal Error] :1:1: Premature end of file.
2026-05-05 01:46:15,598 [ERROR] LogOutputStream:75 - [STDERR_REDIRECT] 
2026-05-05 01:46:16,600 [ERROR] LogOutputStream:75 - [STDERR_REDIRECT] [Fatal Error] :1:1: Premature end of file.
2026-05-05 01:46:16,600 [ERROR] LogOutputStream:75 - [STDERR_REDIRECT] 
2026-05-05 01:46:17,610 [ERROR] LogOutputStream:75 - [STDERR_REDIRECT] [Fatal Error] :1:1: Premature end of file.
2026-05-05 01:46:17,610 [ERROR] LogOutputStream:75 - [STDERR_REDIRECT] 
2026-05-05 01:46:18,608 [ERROR] LogOutputStream:75 - [STDERR_REDIRECT] [Fatal Error] :1:1: Premature end of file.
2026-05-05 01:46:18,608 [ERROR] LogOutputStream:75 - [STDERR_REDIRECT] 
2026-05-05 01:46:19,602 [ERROR] LogOutputStream:75 - [STDERR_REDIRECT] [Fatal Error] :1:1: Premature end of file.
2026-05-05 01:46:19,602 [ERROR] LogOutputStream:75 - [STDERR_REDIRECT] 
2026-05-05 01:46:20,600 [ERROR] LogOutputStream:75 - [STDERR_REDIRECT] [Fatal Error] :1:1: Premature end of file.
2026-05-05 01:46:20,600 [ERROR] LogOutputStream:75 - [STDERR_REDIRECT] 
2026-05-05 01:46:21,644 [ERROR] LogOutputStream:75 - [STDERR_REDIRECT] [Fatal Error] :1:1: Premature end of file.
2026-05-05 01:46:21,644 [ERROR] LogOutputStream:75 - [STDERR_REDIRECT] 
2026-05-05 01:46:22,702 [ERROR] LogOutputStream:75 - [STDERR_REDIRECT] [Fatal Error] :1:1: Premature end of file.
2026-05-05 01:46:22,702 [ERROR] LogOutputStream:75 - [STDERR_REDIRECT] 
2026-05-05 01:46:23,606 [ERROR] LogOutputStream:75 - [STDERR_REDIRECT] [Fatal Error] :1:1: Premature end of file.
2026-05-05 01:46:23,606 [ERROR] LogOutputStream:75 - [STDERR_REDIRECT] 
2026-05-05 01:46:24,604 [ERROR] LogOutputStream:75 - [STDERR_REDIRECT] [Fatal Error] :1:1: Premature end of file.
2026-05-05 01:46:24,604 [ERROR] LogOutputStream:75 - [STDERR_REDIRECT] 
2026-05-05 01:46:25,610 [ERROR] LogOutputStream:75 - [STDERR_REDIRECT] [Fatal Error] :1:1: Premature end of file.
2026-05-05 01:46:25,610 [ERROR] LogOutputStream:75 - [STDERR_REDIRECT] 
2026-05-05 01:46:26,608 [ERROR] LogOutputStream:75 - [STDERR_REDIRECT] [Fatal Error] :1:1: Premature end of file.
2026-05-05 01:46:26,609 [ERROR] LogOutputStream:75 - [STDERR_REDIRECT] 
2026-05-05 01:46:27,604 [ERROR] LogOutputStream:75 - [STDERR_REDIRECT] [Fatal Error] :1:1: Premature end of file.
2026-05-05 01:46:27,604 [ERROR] LogOutputStream:75 - [STDERR_REDIRECT] 
2026-05-05 01:46:28,610 [ERROR] LogOutputStream:75 - [STDERR_REDIRECT] [Fatal Error] :1:1: Premature end of file.
2026-05-05 01:46:28,610 [ERROR] LogOutputStream:75 - [STDERR_REDIRECT] 
2026-05-05 01:46:29,605 [ERROR] LogOutputStream:75 - [STDERR_REDIRECT] [Fatal Error] :1:1: Premature end of file.
2026-05-05 01:46:29,605 [ERROR] LogOutputStream:75 - [STDERR_REDIRECT] 
2026-05-05 01:46:30,607 [ERROR] LogOutputStream:75 - [STDERR_REDIRECT] [Fatal Error] :1:1: Premature end of file.
2026-05-05 01:46:30,607 [ERROR] LogOutputStream:75 - [STDERR_REDIRECT] 
2026-05-05 01:46:31,611 [ERROR] LogOutputStream:75 - [STDERR_REDIRECT] [Fatal Error] :1:1: Premature end of file.
2026-05-05 01:46:31,611 [ERROR] LogOutputStream:75 - [STDERR_REDIRECT] 
2026-05-05 01:46:32,609 [ERROR] LogOutputStream:75 - [STDERR_REDIRECT] [Fatal Error] :1:1: Premature end of file.
2026-05-05 01:46:32,609 [ERROR] LogOutputStream:75 - [STDERR_REDIRECT] 
2026-05-05 01:46:33,609 [ERROR] LogOutputStream:75 - [STDERR_REDIRECT] [Fatal Error] :1:1: Premature end of file.
2026-05-05 01:46:33,609 [ERROR] LogOutputStream:75 - [STDERR_REDIRECT] 
2026-05-05 01:46:34,618 [ERROR] LogOutputStream:75 - [STDERR_REDIRECT] [Fatal Error] :1:1: Premature end of file.
2026-05-05 01:46:34,618 [ERROR] LogOutputStream:75 - [STDERR_REDIRECT] 
2026-05-05 01:46:35,602 [ERROR] LogOutputStream:75 - [STDERR_REDIRECT] [Fatal Error] :1:1: Premature end of file.
2026-05-05 01:46:35,602 [ERROR] LogOutputStream:75 - [STDERR_REDIRECT] 
2026-05-05 01:46:36,605 [ERROR] LogOutputStream:75 - [STDERR_REDIRECT] [Fatal Error] :1:1: Premature end of file.
2026-05-05 01:46:36,605 [ERROR] LogOutputStream:75 - [STDERR_REDIRECT] 
2026-05-05 01:46:37,612 [ERROR] LogOutputStream:75 - [STDERR_REDIRECT] [Fatal Error] :1:1: Premature end of file.
2026-05-05 01:46:37,612 [ERROR] LogOutputStream:75 - [STDERR_REDIRECT] 
2026-05-05 01:46:38,603 [ERROR] LogOutputStream:75 - [STDERR_REDIRECT] [Fatal Error] :1:1: Premature end of file.
2026-05-05 01:46:38,603 [ERROR] LogOutputStream:75 - [STDERR_REDIRECT] 
2026-05-05 01:46:39,610 [ERROR] LogOutputStream:75 - [STDERR_REDIRECT] [Fatal Error] :1:1: Premature end of file.
2026-05-05 01:46:39,610 [ERROR] LogOutputStream:75 - [STDERR_REDIRECT] 
2026-05-05 01:46:40,607 [ERROR] LogOutputStream:75 - [STDERR_REDIRECT] [Fatal Error] :1:1: Premature end of file.
2026-05-05 01:46:40,607 [ERROR] LogOutputStream:75 - [STDERR_REDIRECT] 
2026-05-05 01:46:41,606 [ERROR] LogOutputStream:75 - [STDERR_REDIRECT] [Fatal Error] :1:1: Premature end of file.
2026-05-05 01:46:41,606 [ERROR] LogOutputStream:75 - [STDERR_REDIRECT] 
2026-05-05 01:46:42,600 [ERROR] LogOutputStream:75 - [STDERR_REDIRECT] [Fatal Error] :1:1: Premature end of file.
2026-05-05 01:46:42,600 [ERROR] LogOutputStream:75 - [STDERR_REDIRECT] 
2026-05-05 01:46:43,608 [ERROR] LogOutputStream:75 - [STDERR_REDIRECT] [Fatal Error] :1:1: Premature end of file.
2026-05-05 01:46:43,608 [ERROR] LogOutputStream:75 - [STDERR_REDIRECT] 
2026-05-05 01:46:44,600 [ERROR] LogOutputStream:75 - [STDERR_REDIRECT] [Fatal Error] :1:1: Premature end of file.
2026-05-05 01:46:44,600 [ERROR] LogOutputStream:75 - [STDERR_REDIRECT] 
2026-05-05 01:46:45,601 [ERROR] LogOutputStream:75 - [STDERR_REDIRECT] [Fatal Error] :1:1: Premature end of file.
2026-05-05 01:46:45,601 [ERROR] LogOutputStream:75 - [STDERR_REDIRECT] 
2026-05-05 01:46:46,604 [ERROR] LogOutputStream:75 - [STDERR_REDIRECT] [Fatal Error] :1:1: Premature end of file.
2026-05-05 01:46:46,604 [ERROR] LogOutputStream:75 - [STDERR_REDIRECT] 
2026-05-05 01:46:47,603 [ERROR] LogOutputStream:75 - [STDERR_REDIRECT] [Fatal Error] :1:1: Premature end of file.
2026-05-05 01:46:47,603 [ERROR] LogOutputStream:75 - [STDERR_REDIRECT] 
2026-05-05 01:46:48,607 [ERROR] LogOutputStream:75 - [STDERR_REDIRECT] [Fatal Error] :1:1: Premature end of file.
2026-05-05 01:46:48,607 [ERROR] LogOutputStream:75 - [STDERR_REDIRECT] 
2026-05-05 01:46:49,629 [ERROR] LogOutputStream:75 - [STDERR_REDIRECT] [Fatal Error] :1:1: Premature end of file.
2026-05-05 01:46:49,629 [ERROR] LogOutputStream:75 - [STDERR_REDIRECT] 
2026-05-05 01:46:50,606 [ERROR] LogOutputStream:75 - [STDERR_REDIRECT] [Fatal Error] :1:1: Premature end of file.
2026-05-05 01:46:50,606 [ERROR] LogOutputStream:75 - [STDERR_REDIRECT] 
2026-05-05 01:46:51,620 [ERROR] LogOutputStream:75 - [STDERR_REDIRECT] [Fatal Error] :1:1: Premature end of file.
2026-05-05 01:46:51,620 [ERROR] LogOutputStream:75 - [STDERR_REDIRECT] 
2026-05-05 01:46:52,598 [ERROR] LogOutputStream:75 - [STDERR_REDIRECT] [Fatal Error] :1:1: Premature end of file.
2026-05-05 01:46:52,598 [ERROR] LogOutputStream:75 - [STDERR_REDIRECT] 
2026-05-05 01:46:53,609 [ERROR] LogOutputStream:75 - [STDERR_REDIRECT] [Fatal Error] :1:1: Premature end of file.
2026-05-05 01:46:53,609 [ERROR] LogOutputStream:75 - [STDERR_REDIRECT] 
2026-05-05 01:46:54,606 [ERROR] LogOutputStream:75 - [STDERR_REDIRECT] [Fatal Error] :1:1: Premature end of file.
2026-05-05 01:46:54,606 [ERROR] LogOutputStream:75 - [STDERR_REDIRECT] 
2026-05-05 01:46:55,612 [ERROR] LogOutputStream:75 - [STDERR_REDIRECT] [Fatal Error] :1:1: Premature end of file.
2026-05-05 01:46:55,612 [ERROR] LogOutputStream:75 - [STDERR_REDIRECT] 
2026-05-05 01:46:56,608 [ERROR] LogOutputStream:75 - [STDERR_REDIRECT] [Fatal Error] :1:1: Premature end of file.
2026-05-05 01:46:56,610 [ERROR] LogOutputStream:75 - [STDERR_REDIRECT] 
2026-05-05 01:46:57,605 [ERROR] LogOutputStream:75 - [STDERR_REDIRECT] [Fatal Error] :1:1: Premature end of file.
2026-05-05 01:46:57,606 [ERROR] LogOutputStream:75 - [STDERR_REDIRECT] 
2026-05-05 01:46:58,611 [ERROR] LogOutputStream:75 - [STDERR_REDIRECT] [Fatal Error] :1:1: Premature end of file.
2026-05-05 01:46:58,612 [ERROR] LogOutputStream:75 - [STDERR_REDIRECT] 
2026-05-05 01:46:59,611 [ERROR] LogOutputStream:75 - [STDERR_REDIRECT] [Fatal Error] :1:1: Premature end of file.
2026-05-05 01:46:59,611 [ERROR] LogOutputStream:75 - [STDERR_REDIRECT] 
2026-05-05 01:47:00,598 [ERROR] LogOutputStream:75 - [STDERR_REDIRECT] [Fatal Error] :1:1: Premature end of file.
2026-05-05 01:47:00,598 [ERROR] LogOutputStream:75 - [STDERR_REDIRECT] 
2026-05-05 01:47:01,624 [ERROR] LogOutputStream:75 - [STDERR_REDIRECT] [Fatal Error] :1:1: Premature end of file.
2026-05-05 01:47:01,624 [ERROR] LogOutputStream:75 - [STDERR_REDIRECT] 
2026-05-05 01:47:02,596 [ERROR] LogOutputStream:75 - [STDERR_REDIRECT] [Fatal Error] :1:1: Premature end of file.
2026-05-05 01:47:02,596 [ERROR] LogOutputStream:75 - [STDERR_REDIRECT] 
2026-05-05 01:47:03,599 [ERROR] LogOutputStream:75 - [STDERR_REDIRECT] [Fatal Error] :1:1: Premature end of file.
2026-05-05 01:47:03,599 [ERROR] LogOutputStream:75 - [STDERR_REDIRECT] 
2026-05-05 01:47:04,602 [ERROR] LogOutputStream:75 - [STDERR_REDIRECT] [Fatal Error] :1:1: Premature end of file.
2026-05-05 01:47:04,603 [ERROR] LogOutputStream:75 - [STDERR_REDIRECT] 
2026-05-05 01:47:05,611 [ERROR] LogOutputStream:75 - [STDERR_REDIRECT] [Fatal Error] :1:1: Premature end of file.
2026-05-05 01:47:05,611 [ERROR] LogOutputStream:75 - [STDERR_REDIRECT] 
2026-05-05 01:47:06,599 [ERROR] LogOutputStream:75 - [STDERR_REDIRECT] [Fatal Error] :1:1: Premature end of file.
2026-05-05 01:47:06,599 [ERROR] LogOutputStream:75 - [STDERR_REDIRECT] 
2026-05-05 01:47:07,603 [ERROR] LogOutputStream:75 - [STDERR_REDIRECT] [Fatal Error] :1:1: Premature end of file.
2026-05-05 01:47:07,603 [ERROR] LogOutputStream:75 - [STDERR_REDIRECT] 
2026-05-05 01:47:08,612 [ERROR] LogOutputStream:75 - [STDERR_REDIRECT] [Fatal Error] :1:1: Premature end of file.
2026-05-05 01:47:08,612 [ERROR] LogOutputStream:75 - [STDERR_REDIRECT] 
2026-05-05 01:47:09,604 [ERROR] LogOutputStream:75 - [STDERR_REDIRECT] [Fatal Error] :1:1: Premature end of file.
2026-05-05 01:47:09,604 [ERROR] LogOutputStream:75 - [STDERR_REDIRECT] 
2026-05-05 01:47:10,607 [ERROR] LogOutputStream:75 - [STDERR_REDIRECT] [Fatal Error] :1:1: Premature end of file.
2026-05-05 01:47:10,607 [ERROR] LogOutputStream:75 - [STDERR_REDIRECT] 
2026-05-05 01:47:11,608 [ERROR] LogOutputStream:75 - [STDERR_REDIRECT] [Fatal Error] :1:1: Premature end of file.
2026-05-05 01:47:11,608 [ERROR] LogOutputStream:75 - [STDERR_REDIRECT] 
2026-05-05 01:47:12,600 [ERROR] LogOutputStream:75 - [STDERR_REDIRECT] [Fatal Error] :1:1: Premature end of file.
2026-05-05 01:47:12,600 [ERROR] LogOutputStream:75 - [STDERR_REDIRECT] 
2026-05-05 01:47:13,614 [ERROR] LogOutputStream:75 - [STDERR_REDIRECT] [Fatal Error] :1:1: Premature end of file.
2026-05-05 01:47:13,614 [ERROR] LogOutputStream:75 - [STDERR_REDIRECT] 
2026-05-05 01:47:14,615 [ERROR] LogOutputStream:75 - [STDERR_REDIRECT] [Fatal Error] :1:1: Premature end of file.
2026-05-05 01:47:14,615 [ERROR] LogOutputStream:75 - [STDERR_REDIRECT] 
2026-05-05 01:47:15,609 [ERROR] LogOutputStream:75 - [STDERR_REDIRECT] [Fatal Error] :1:1: Premature end of file.
2026-05-05 01:47:15,609 [ERROR] LogOutputStream:75 - [STDERR_REDIRECT] 
2026-05-05 01:47:16,622 [ERROR] LogOutputStream:75 - [STDERR_REDIRECT] [Fatal Error] :1:1: Premature end of file.
2026-05-05 01:47:16,622 [ERROR] LogOutputStream:75 - [STDERR_REDIRECT] 
2026-05-05 01:47:17,609 [ERROR] LogOutputStream:75 - [STDERR_REDIRECT] [Fatal Error] :1:1: Premature end of file.
2026-05-05 01:47:17,610 [ERROR] LogOutputStream:75 - [STDERR_REDIRECT] 
2026-05-05 01:47:18,601 [ERROR] LogOutputStream:75 - [STDERR_REDIRECT] [Fatal Error] :1:1: Premature end of file.
2026-05-05 01:47:18,601 [ERROR] LogOutputStream:75 - [STDERR_REDIRECT] 
2026-05-05 01:47:19,609 [ERROR] LogOutputStream:75 - [STDERR_REDIRECT] [Fatal Error] :1:1: Premature end of file.
2026-05-05 01:47:19,609 [ERROR] LogOutputStream:75 - [STDERR_REDIRECT] 
2026-05-05 01:47:20,618 [ERROR] LogOutputStream:75 - [STDERR_REDIRECT] [Fatal Error] :1:1: Premature end of file.
2026-05-05 01:47:20,618 [ERROR] LogOutputStream:75 - [STDERR_REDIRECT] 
2026-05-05 01:47:21,611 [ERROR] LogOutputStream:75 - [STDERR_REDIRECT] [Fatal Error] :1:1: Premature end of file.
2026-05-05 01:47:21,611 [ERROR] LogOutputStream:75 - [STDERR_REDIRECT] 
2026-05-05 01:47:23,676 [ERROR] LogOutputStream:75 - [STDERR_REDIRECT] [Fatal Error] :1:1: Premature end of file.
2026-05-05 01:47:23,677 [ERROR] LogOutputStream:75 - [STDERR_REDIRECT] 
2026-05-05 01:47:23,710 [ERROR] LogOutputStream:75 - [STDERR_REDIRECT] [Fatal Error] :1:1: Premature end of file.
2026-05-05 01:47:23,710 [ERROR] LogOutputStream:75 - [STDERR_REDIRECT] 
2026-05-05 01:47:24,615 [ERROR] LogOutputStream:75 - [STDERR_REDIRECT] [Fatal Error] :1:1: Premature end of file.
2026-05-05 01:47:24,615 [ERROR] LogOutputStream:75 - [STDERR_REDIRECT] 
2026-05-05 01:47:25,597 [ERROR] LogOutputStream:75 - [STDERR_REDIRECT] [Fatal Error] :1:1: Premature end of file.
2026-05-05 01:47:25,597 [ERROR] LogOutputStream:75 - [STDERR_REDIRECT] 
2026-05-05 01:47:26,604 [ERROR] LogOutputStream:75 - [STDERR_REDIRECT] [Fatal Error] :1:1: Premature end of file.
2026-05-05 01:47:26,604 [ERROR] LogOutputStream:75 - [STDERR_REDIRECT] 
2026-05-05 01:47:27,608 [ERROR] LogOutputStream:75 - [STDERR_REDIRECT] [Fatal Error] :1:1: Premature end of file.
2026-05-05 01:47:27,608 [ERROR] LogOutputStream:75 - [STDERR_REDIRECT] 
2026-05-05 01:47:28,607 [ERROR] LogOutputStream:75 - [STDERR_REDIRECT] [Fatal Error] :1:1: Premature end of file.
2026-05-05 01:47:28,607 [ERROR] LogOutputStream:75 - [STDERR_REDIRECT] 
2026-05-05 01:47:29,604 [ERROR] LogOutputStream:75 - [STDERR_REDIRECT] [Fatal Error] :1:1: Premature end of file.
2026-05-05 01:47:29,604 [ERROR] LogOutputStream:75 - [STDERR_REDIRECT] 
2026-05-05 01:47:30,602 [ERROR] LogOutputStream:75 - [STDERR_REDIRECT] [Fatal Error] :1:1: Premature end of file.
2026-05-05 01:47:30,602 [ERROR] LogOutputStream:75 - [STDERR_REDIRECT] 
2026-05-05 01:47:31,600 [ERROR] LogOutputStream:75 - [STDERR_REDIRECT] [Fatal Error] :1:1: Premature end of file.
2026-05-05 01:47:31,600 [ERROR] LogOutputStream:75 - [STDERR_REDIRECT] 
2026-05-05 01:47:32,598 [ERROR] LogOutputStream:75 - [STDERR_REDIRECT] [Fatal Error] :1:1: Premature end of file.
2026-05-05 01:47:32,599 [ERROR] LogOutputStream:75 - [STDERR_REDIRECT] 
2026-05-05 01:47:33,615 [ERROR] LogOutputStream:75 - [STDERR_REDIRECT] [Fatal Error] :1:1: Premature end of file.
2026-05-05 01:47:33,615 [ERROR] LogOutputStream:75 - [STDERR_REDIRECT] 
2026-05-05 01:47:34,612 [ERROR] LogOutputStream:75 - [STDERR_REDIRECT] [Fatal Error] :1:1: Premature end of file.
2026-05-05 01:47:34,612 [ERROR] LogOutputStream:75 - [STDERR_REDIRECT] 
2026-05-05 01:47:35,601 [ERROR] LogOutputStream:75 - [STDERR_REDIRECT] [Fatal Error] :1:1: Premature end of file.
2026-05-05 01:47:35,601 [ERROR] LogOutputStream:75 - [STDERR_REDIRECT] 
2026-05-05 01:47:36,609 [ERROR] LogOutputStream:75 - [STDERR_REDIRECT] [Fatal Error] :1:1: Premature end of file.
2026-05-05 01:47:36,609 [ERROR] LogOutputStream:75 - [STDERR_REDIRECT] 
2026-05-05 01:47:37,597 [ERROR] LogOutputStream:75 - [STDERR_REDIRECT] [Fatal Error] :1:1: Premature end of file.
2026-05-05 01:47:37,597 [ERROR] LogOutputStream:75 - [STDERR_REDIRECT] 
2026-05-05 01:47:38,611 [ERROR] LogOutputStream:75 - [STDERR_REDIRECT] [Fatal Error] :1:1: Premature end of file.
2026-05-05 01:47:38,611 [ERROR] LogOutputStream:75 - [STDERR_REDIRECT] 
2026-05-05 01:47:39,598 [ERROR] LogOutputStream:75 - [STDERR_REDIRECT] [Fatal Error] :1:1: Premature end of file.
2026-05-05 01:47:39,598 [ERROR] LogOutputStream:75 - [STDERR_REDIRECT] 
2026-05-05 01:47:40,598 [ERROR] LogOutputStream:75 - [STDERR_REDIRECT] [Fatal Error] :1:1: Premature end of file.
2026-05-05 01:47:40,598 [ERROR] LogOutputStream:75 - [STDERR_REDIRECT] 
2026-05-05 01:47:41,600 [ERROR] LogOutputStream:75 - [STDERR_REDIRECT] [Fatal Error] :1:1: Premature end of file.
2026-05-05 01:47:41,600 [ERROR] LogOutputStream:75 - [STDERR_REDIRECT] 
2026-05-05 01:47:42,597 [ERROR] LogOutputStream:75 - [STDERR_REDIRECT] [Fatal Error] :1:1: Premature end of file.
2026-05-05 01:47:42,597 [ERROR] LogOutputStream:75 - [STDERR_REDIRECT] 
2026-05-05 01:47:43,611 [ERROR] LogOutputStream:75 - [STDERR_REDIRECT] [Fatal Error] :1:1: Premature end of file.
2026-05-05 01:47:43,611 [ERROR] LogOutputStream:75 - [STDERR_REDIRECT] 
2026-05-05 01:47:44,611 [ERROR] LogOutputStream:75 - [STDERR_REDIRECT] [Fatal Error] :1:1: Premature end of file.
2026-05-05 01:47:44,611 [ERROR] LogOutputStream:75 - [STDERR_REDIRECT] 
2026-05-05 01:47:45,605 [ERROR] LogOutputStream:75 - [STDERR_REDIRECT] [Fatal Error] :1:1: Premature end of file.
2026-05-05 01:47:45,605 [ERROR] LogOutputStream:75 - [STDERR_REDIRECT] 
2026-05-05 01:47:46,610 [ERROR] LogOutputStream:75 - [STDERR_REDIRECT] [Fatal Error] :1:1: Premature end of file.
2026-05-05 01:47:46,610 [ERROR] LogOutputStream:75 - [STDERR_REDIRECT] 
2026-05-05 01:47:47,603 [ERROR] LogOutputStream:75 - [STDERR_REDIRECT] [Fatal Error] :1:1: Premature end of file.
2026-05-05 01:47:47,603 [ERROR] LogOutputStream:75 - [STDERR_REDIRECT] 
2026-05-05 01:47:48,607 [ERROR] LogOutputStream:75 - [STDERR_REDIRECT] [Fatal Error] :1:1: Premature end of file.
2026-05-05 01:47:48,607 [ERROR] LogOutputStream:75 - [STDERR_REDIRECT] 
2026-05-05 01:47:49,599 [ERROR] LogOutputStream:75 - [STDERR_REDIRECT] [Fatal Error] :1:1: Premature end of file.
2026-05-05 01:47:49,600 [ERROR] LogOutputStream:75 - [STDERR_REDIRECT] 
2026-05-05 01:47:50,598 [ERROR] LogOutputStream:75 - [STDERR_REDIRECT] [Fatal Error] :1:1: Premature end of file.
2026-05-05 01:47:50,598 [ERROR] LogOutputStream:75 - [STDERR_REDIRECT] 
2026-05-05 01:47:51,604 [ERROR] LogOutputStream:75 - [STDERR_REDIRECT] [Fatal Error] :1:1: Premature end of file.
2026-05-05 01:47:51,604 [ERROR] LogOutputStream:75 - [STDERR_REDIRECT] 
2026-05-05 01:47:52,612 [ERROR] LogOutputStream:75 - [STDERR_REDIRECT] [Fatal Error] :1:1: Premature end of file.
2026-05-05 01:47:52,612 [ERROR] LogOutputStream:75 - [STDERR_REDIRECT] 
2026-05-05 01:47:53,597 [ERROR] LogOutputStream:75 - [STDERR_REDIRECT] [Fatal Error] :1:1: Premature end of file.
2026-05-05 01:47:53,598 [ERROR] LogOutputStream:75 - [STDERR_REDIRECT] 
2026-05-05 01:47:54,596 [ERROR] LogOutputStream:75 - [STDERR_REDIRECT] [Fatal Error] :1:1: Premature end of file.
2026-05-05 01:47:54,596 [ERROR] LogOutputStream:75 - [STDERR_REDIRECT] 
2026-05-05 01:47:55,596 [ERROR] LogOutputStream:75 - [STDERR_REDIRECT] [Fatal Error] :1:1: Premature end of file.
2026-05-05 01:47:55,596 [ERROR] LogOutputStream:75 - [STDERR_REDIRECT] 
2026-05-05 01:47:56,605 [ERROR] LogOutputStream:75 - [STDERR_REDIRECT] [Fatal Error] :1:1: Premature end of file.
2026-05-05 01:47:56,605 [ERROR] LogOutputStream:75 - [STDERR_REDIRECT] 
2026-05-05 01:47:57,611 [ERROR] LogOutputStream:75 - [STDERR_REDIRECT] [Fatal Error] :1:1: Premature end of file.
2026-05-05 01:47:57,611 [ERROR] LogOutputStream:75 - [STDERR_REDIRECT] 
2026-05-05 01:47:58,613 [ERROR] LogOutputStream:75 - [STDERR_REDIRECT] [Fatal Error] :1:1: Premature end of file.
2026-05-05 01:47:58,613 [ERROR] LogOutputStream:75 - [STDERR_REDIRECT] 
2026-05-05 01:47:59,603 [ERROR] LogOutputStream:75 - [STDERR_REDIRECT] [Fatal Error] :1:1: Premature end of file.
2026-05-05 01:47:59,603 [ERROR] LogOutputStream:75 - [STDERR_REDIRECT] 
2026-05-05 01:48:00,606 [ERROR] LogOutputStream:75 - [STDERR_REDIRECT] [Fatal Error] :1:1: Premature end of file.
2026-05-05 01:48:00,606 [ERROR] LogOutputStream:75 - [STDERR_REDIRECT] 
2026-05-05 01:48:01,607 [ERROR] LogOutputStream:75 - [STDERR_REDIRECT] [Fatal Error] :1:1: Premature end of file.
2026-05-05 01:48:01,607 [ERROR] LogOutputStream:75 - [STDERR_REDIRECT] 
2026-05-05 01:48:02,604 [ERROR] LogOutputStream:75 - [STDERR_REDIRECT] [Fatal Error] :1:1: Premature end of file.
2026-05-05 01:48:02,604 [ERROR] LogOutputStream:75 - [STDERR_REDIRECT] 
2026-05-05 01:48:03,606 [ERROR] LogOutputStream:75 - [STDERR_REDIRECT] [Fatal Error] :1:1: Premature end of file.
2026-05-05 01:48:03,606 [ERROR] LogOutputStream:75 - [STDERR_REDIRECT] 
2026-05-05 01:48:04,604 [ERROR] LogOutputStream:75 - [STDERR_REDIRECT] [Fatal Error] :1:1: Premature end of file.
2026-05-05 01:48:04,604 [ERROR] LogOutputStream:75 - [STDERR_REDIRECT] 
2026-05-05 01:48:05,602 [ERROR] LogOutputStream:75 - [STDERR_REDIRECT] [Fatal Error] :1:1: Premature end of file.
2026-05-05 01:48:05,602 [ERROR] LogOutputStream:75 - [STDERR_REDIRECT] 
2026-05-05 01:48:06,596 [ERROR] LogOutputStream:75 - [STDERR_REDIRECT] [Fatal Error] :1:1: Premature end of file.
2026-05-05 01:48:06,596 [ERROR] LogOutputStream:75 - [STDERR_REDIRECT] 
2026-05-05 01:48:07,598 [ERROR] LogOutputStream:75 - [STDERR_REDIRECT] [Fatal Error] :1:1: Premature end of file.
2026-05-05 01:48:07,598 [ERROR] LogOutputStream:75 - [STDERR_REDIRECT] 
2026-05-05 01:48:08,597 [ERROR] LogOutputStream:75 - [STDERR_REDIRECT] [Fatal Error] :1:1: Premature end of file.
2026-05-05 01:48:08,597 [ERROR] LogOutputStream:75 - [STDERR_REDIRECT] 
2026-05-05 01:48:09,600 [ERROR] LogOutputStream:75 - [STDERR_REDIRECT] [Fatal Error] :1:1: Premature end of file.
2026-05-05 01:48:09,600 [ERROR] LogOutputStream:75 - [STDERR_REDIRECT] 
2026-05-05 01:48:10,598 [ERROR] LogOutputStream:75 - [STDERR_REDIRECT] [Fatal Error] :1:1: Premature end of file.
2026-05-05 01:48:10,598 [ERROR] LogOutputStream:75 - [STDERR_REDIRECT] 
2026-05-05 01:48:11,602 [ERROR] LogOutputStream:75 - [STDERR_REDIRECT] [Fatal Error] :1:1: Premature end of file.
2026-05-05 01:48:11,602 [ERROR] LogOutputStream:75 - [STDERR_REDIRECT] 
2026-05-05 01:48:12,602 [ERROR] LogOutputStream:75 - [STDERR_REDIRECT] [Fatal Error] :1:1: Premature end of file.
2026-05-05 01:48:12,602 [ERROR] LogOutputStream:75 - [STDERR_REDIRECT] 
2026-05-05 01:48:13,606 [ERROR] LogOutputStream:75 - [STDERR_REDIRECT] [Fatal Error] :1:1: Premature end of file.
2026-05-05 01:48:13,606 [ERROR] LogOutputStream:75 - [STDERR_REDIRECT] 
2026-05-05 01:48:14,604 [ERROR] LogOutputStream:75 - [STDERR_REDIRECT] [Fatal Error] :1:1: Premature end of file.
2026-05-05 01:48:14,605 [ERROR] LogOutputStream:75 - [STDERR_REDIRECT] 
2026-05-05 01:48:15,603 [ERROR] LogOutputStream:75 - [STDERR_REDIRECT] [Fatal Error] :1:1: Premature end of file.
2026-05-05 01:48:15,604 [ERROR] LogOutputStream:75 - [STDERR_REDIRECT] 
2026-05-05 01:48:16,603 [ERROR] LogOutputStream:75 - [STDERR_REDIRECT] [Fatal Error] :1:1: Premature end of file.
2026-05-05 01:48:16,603 [ERROR] LogOutputStream:75 - [STDERR_REDIRECT] 
2026-05-05 01:48:17,598 [ERROR] LogOutputStream:75 - [STDERR_REDIRECT] [Fatal Error] :1:1: Premature end of file.
2026-05-05 01:48:17,598 [ERROR] LogOutputStream:75 - [STDERR_REDIRECT] 
2026-05-05 01:48:18,608 [ERROR] LogOutputStream:75 - [STDERR_REDIRECT] [Fatal Error] :1:1: Premature end of file.
2026-05-05 01:48:18,608 [ERROR] LogOutputStream:75 - [STDERR_REDIRECT] 
2026-05-05 01:48:19,611 [ERROR] LogOutputStream:75 - [STDERR_REDIRECT] [Fatal Error] :1:1: Premature end of file.
2026-05-05 01:48:19,611 [ERROR] LogOutputStream:75 - [STDERR_REDIRECT] 
2026-05-05 01:48:20,597 [ERROR] LogOutputStream:75 - [STDERR_REDIRECT] [Fatal Error] :1:1: Premature end of file.
2026-05-05 01:48:20,597 [ERROR] LogOutputStream:75 - [STDERR_REDIRECT] 
2026-05-05 01:48:21,604 [ERROR] LogOutputStream:75 - [STDERR_REDIRECT] [Fatal Error] :1:1: Premature end of file.
2026-05-05 01:48:21,604 [ERROR] LogOutputStream:75 - [STDERR_REDIRECT] 
2026-05-05 01:48:22,604 [ERROR] LogOutputStream:75 - [STDERR_REDIRECT] [Fatal Error] :1:1: Premature end of file.
2026-05-05 01:48:22,604 [ERROR] LogOutputStream:75 - [STDERR_REDIRECT] 
2026-05-05 01:48:23,604 [ERROR] LogOutputStream:75 - [STDERR_REDIRECT] [Fatal Error] :1:1: Premature end of file.
2026-05-05 01:48:23,604 [ERROR] LogOutputStream:75 - [STDERR_REDIRECT] 
2026-05-05 01:48:24,601 [ERROR] LogOutputStream:75 - [STDERR_REDIRECT] [Fatal Error] :1:1: Premature end of file.
2026-05-05 01:48:24,601 [ERROR] LogOutputStream:75 - [STDERR_REDIRECT] 
2026-05-05 01:48:25,606 [ERROR] LogOutputStream:75 - [STDERR_REDIRECT] [Fatal Error] :1:1: Premature end of file.
2026-05-05 01:48:25,606 [ERROR] LogOutputStream:75 - [STDERR_REDIRECT] 
2026-05-05 01:48:26,602 [ERROR] LogOutputStream:75 - [STDERR_REDIRECT] [Fatal Error] :1:1: Premature end of file.
2026-05-05 01:48:26,602 [ERROR] LogOutputStream:75 - [STDERR_REDIRECT] 
2026-05-05 01:48:27,607 [ERROR] LogOutputStream:75 - [STDERR_REDIRECT] [Fatal Error] :1:1: Premature end of file.
2026-05-05 01:48:27,607 [ERROR] LogOutputStream:75 - [STDERR_REDIRECT] 
2026-05-05 01:48:28,598 [ERROR] LogOutputStream:75 - [STDERR_REDIRECT] [Fatal Error] :1:1: Premature end of file.
2026-05-05 01:48:28,598 [ERROR] LogOutputStream:75 - [STDERR_REDIRECT] 
2026-05-05 01:48:29,597 [ERROR] LogOutputStream:75 - [STDERR_REDIRECT] [Fatal Error] :1:1: Premature end of file.
2026-05-05 01:48:29,597 [ERROR] LogOutputStream:75 - [STDERR_REDIRECT] 
2026-05-05 01:48:30,602 [ERROR] LogOutputStream:75 - [STDERR_REDIRECT] [Fatal Error] :1:1: Premature end of file.
2026-05-05 01:48:30,603 [ERROR] LogOutputStream:75 - [STDERR_REDIRECT] 
2026-05-05 01:48:31,604 [ERROR] LogOutputStream:75 - [STDERR_REDIRECT] [Fatal Error] :1:1: Premature end of file.
2026-05-05 01:48:31,604 [ERROR] LogOutputStream:75 - [STDERR_REDIRECT] 
2026-05-05 01:48:32,607 [ERROR] LogOutputStream:75 - [STDERR_REDIRECT] [Fatal Error] :1:1: Premature end of file.
2026-05-05 01:48:32,607 [ERROR] LogOutputStream:75 - [STDERR_REDIRECT] 
2026-05-05 01:48:33,615 [ERROR] LogOutputStream:75 - [STDERR_REDIRECT] [Fatal Error] :1:1: Premature end of file.
2026-05-05 01:48:33,615 [ERROR] LogOutputStream:75 - [STDERR_REDIRECT] 
2026-05-05 01:48:34,601 [ERROR] LogOutputStream:75 - [STDERR_REDIRECT] [Fatal Error] :1:1: Premature end of file.
2026-05-05 01:48:34,601 [ERROR] LogOutputStream:75 - [STDERR_REDIRECT] 
2026-05-05 01:48:35,600 [ERROR] LogOutputStream:75 - [STDERR_REDIRECT] [Fatal Error] :1:1: Premature end of file.
2026-05-05 01:48:35,601 [ERROR] LogOutputStream:75 - [STDERR_REDIRECT] 
2026-05-05 01:48:36,601 [ERROR] LogOutputStream:75 - [STDERR_REDIRECT] [Fatal Error] :1:1: Premature end of file.
2026-05-05 01:48:36,602 [ERROR] LogOutputStream:75 - [STDERR_REDIRECT] 
2026-05-05 01:48:37,604 [ERROR] LogOutputStream:75 - [STDERR_REDIRECT] [Fatal Error] :1:1: Premature end of file.
2026-05-05 01:48:37,604 [ERROR] LogOutputStream:75 - [STDERR_REDIRECT] 
2026-05-05 01:48:38,610 [ERROR] LogOutputStream:75 - [STDERR_REDIRECT] [Fatal Error] :1:1: Premature end of file.
2026-05-05 01:48:38,610 [ERROR] LogOutputStream:75 - [STDERR_REDIRECT] 
2026-05-05 01:48:39,607 [ERROR] LogOutputStream:75 - [STDERR_REDIRECT] [Fatal Error] :1:1: Premature end of file.
2026-05-05 01:48:39,607 [ERROR] LogOutputStream:75 - [STDERR_REDIRECT] 
2026-05-05 01:48:40,638 [ERROR] LogOutputStream:75 - [STDERR_REDIRECT] [Fatal Error] :1:1: Premature end of file.
2026-05-05 01:48:40,639 [ERROR] LogOutputStream:75 - [STDERR_REDIRECT] 
2026-05-05 01:48:41,607 [ERROR] LogOutputStream:75 - [STDERR_REDIRECT] [Fatal Error] :1:1: Premature end of file.
2026-05-05 01:48:41,607 [ERROR] LogOutputStream:75 - [STDERR_REDIRECT] 
2026-05-05 01:48:42,597 [ERROR] LogOutputStream:75 - [STDERR_REDIRECT] [Fatal Error] :1:1: Premature end of file.
2026-05-05 01:48:42,597 [ERROR] LogOutputStream:75 - [STDERR_REDIRECT] 
2026-05-05 01:48:43,598 [ERROR] LogOutputStream:75 - [STDERR_REDIRECT] [Fatal Error] :1:1: Premature end of file.
2026-05-05 01:48:43,598 [ERROR] LogOutputStream:75 - [STDERR_REDIRECT] 
2026-05-05 01:48:44,603 [ERROR] LogOutputStream:75 - [STDERR_REDIRECT] [Fatal Error] :1:1: Premature end of file.
2026-05-05 01:48:44,603 [ERROR] LogOutputStream:75 - [STDERR_REDIRECT] 
2026-05-05 01:48:45,603 [ERROR] LogOutputStream:75 - [STDERR_REDIRECT] [Fatal Error] :1:1: Premature end of file.
2026-05-05 01:48:45,603 [ERROR] LogOutputStream:75 - [STDERR_REDIRECT] 
2026-05-05 01:48:46,599 [ERROR] LogOutputStream:75 - [STDERR_REDIRECT] [Fatal Error] :1:1: Premature end of file.
2026-05-05 01:48:46,599 [ERROR] LogOutputStream:75 - [STDERR_REDIRECT] 
2026-05-05 01:48:47,603 [ERROR] LogOutputStream:75 - [STDERR_REDIRECT] [Fatal Error] :1:1: Premature end of file.
2026-05-05 01:48:47,603 [ERROR] LogOutputStream:75 - [STDERR_REDIRECT] 
2026-05-05 01:48:48,604 [ERROR] LogOutputStream:75 - [STDERR_REDIRECT] [Fatal Error] :1:1: Premature end of file.
2026-05-05 01:48:48,604 [ERROR] LogOutputStream:75 - [STDERR_REDIRECT] 
2026-05-05 01:48:49,606 [ERROR] LogOutputStream:75 - [STDERR_REDIRECT] [Fatal Error] :1:1: Premature end of file.
2026-05-05 01:48:49,606 [ERROR] LogOutputStream:75 - [STDERR_REDIRECT] 
2026-05-05 01:48:50,605 [ERROR] LogOutputStream:75 - [STDERR_REDIRECT] [Fatal Error] :1:1: Premature end of file.
2026-05-05 01:48:50,606 [ERROR] LogOutputStream:75 - [STDERR_REDIRECT] 
2026-05-05 01:48:51,602 [ERROR] LogOutputStream:75 - [STDERR_REDIRECT] [Fatal Error] :1:1: Premature end of file.
2026-05-05 01:48:51,602 [ERROR] LogOutputStream:75 - [STDERR_REDIRECT] 
2026-05-05 01:48:52,601 [ERROR] LogOutputStream:75 - [STDERR_REDIRECT] [Fatal Error] :1:1: Premature end of file.
2026-05-05 01:48:52,601 [ERROR] LogOutputStream:75 - [STDERR_REDIRECT] 
2026-05-05 01:48:53,605 [ERROR] LogOutputStream:75 - [STDERR_REDIRECT] [Fatal Error] :1:1: Premature end of file.
2026-05-05 01:48:53,605 [ERROR] LogOutputStream:75 - [STDERR_REDIRECT] 
2026-05-05 01:48:54,606 [ERROR] LogOutputStream:75 - [STDERR_REDIRECT] [Fatal Error] :1:1: Premature end of file.
2026-05-05 01:48:54,606 [ERROR] LogOutputStream:75 - [STDERR_REDIRECT] 
2026-05-05 01:48:55,608 [ERROR] LogOutputStream:75 - [STDERR_REDIRECT] [Fatal Error] :1:1: Premature end of file.
2026-05-05 01:48:55,608 [ERROR] LogOutputStream:75 - [STDERR_REDIRECT] 
2026-05-05 01:48:56,598 [ERROR] LogOutputStream:75 - [STDERR_REDIRECT] [Fatal Error] :1:1: Premature end of file.
2026-05-05 01:48:56,598 [ERROR] LogOutputStream:75 - [STDERR_REDIRECT] 
2026-05-05 01:48:57,603 [ERROR] LogOutputStream:75 - [STDERR_REDIRECT] [Fatal Error] :1:1: Premature end of file.
2026-05-05 01:48:57,603 [ERROR] LogOutputStream:75 - [STDERR_REDIRECT] 
2026-05-05 01:48:58,609 [ERROR] LogOutputStream:75 - [STDERR_REDIRECT] [Fatal Error] :1:1: Premature end of file.
2026-05-05 01:48:58,609 [ERROR] LogOutputStream:75 - [STDERR_REDIRECT] 
2026-05-05 01:48:59,603 [ERROR] LogOutputStream:75 - [STDERR_REDIRECT] [Fatal Error] :1:1: Premature end of file.
2026-05-05 01:48:59,603 [ERROR] LogOutputStream:75 - [STDERR_REDIRECT] 
2026-05-05 01:49:00,612 [ERROR] LogOutputStream:75 - [STDERR_REDIRECT] [Fatal Error] :1:1: Premature end of file.
2026-05-05 01:49:00,613 [ERROR] LogOutputStream:75 - [STDERR_REDIRECT] 
2026-05-05 01:49:01,609 [ERROR] LogOutputStream:75 - [STDERR_REDIRECT] [Fatal Error] :1:1: Premature end of file.
2026-05-05 01:49:01,609 [ERROR] LogOutputStream:75 - [STDERR_REDIRECT] 
2026-05-05 01:49:02,612 [ERROR] LogOutputStream:75 - [STDERR_REDIRECT] [Fatal Error] :1:1: Premature end of file.
2026-05-05 01:49:02,612 [ERROR] LogOutputStream:75 - [STDERR_REDIRECT] 
2026-05-05 01:49:03,622 [ERROR] LogOutputStream:75 - [STDERR_REDIRECT] [Fatal Error] :1:1: Premature end of file.
2026-05-05 01:49:03,622 [ERROR] LogOutputStream:75 - [STDERR_REDIRECT] 
2026-05-05 01:49:03,802 [INFO] WebApp:194 - Connection lost
2026-05-05 01:49:03,915 [INFO] WebApp:191 - Connection restablished
2026-05-05 01:49:04,605 [ERROR] LogOutputStream:75 - [STDERR_REDIRECT] [Fatal Error] :1:1: Premature end of file.
2026-05-05 01:49:04,605 [ERROR] LogOutputStream:75 - [STDERR_REDIRECT] 
2026-05-05 01:49:05,603 [ERROR] LogOutputStream:75 - [STDERR_REDIRECT] [Fatal Error] :1:1: Premature end of file.
2026-05-05 01:49:05,603 [ERROR] LogOutputStream:75 - [STDERR_REDIRECT] 
2026-05-05 01:49:06,606 [ERROR] LogOutputStream:75 - [STDERR_REDIRECT] [Fatal Error] :1:1: Premature end of file.
2026-05-05 01:49:06,606 [ERROR] LogOutputStream:75 - [STDERR_REDIRECT] 
2026-05-05 01:49:07,605 [ERROR] LogOutputStream:75 - [STDERR_REDIRECT] [Fatal Error] :1:1: Premature end of file.
2026-05-05 01:49:07,605 [ERROR] LogOutputStream:75 - [STDERR_REDIRECT] 
2026-05-05 01:49:08,609 [ERROR] LogOutputStream:75 - [STDERR_REDIRECT] [Fatal Error] :1:1: Premature end of file.
2026-05-05 01:49:08,609 [ERROR] LogOutputStream:75 - [STDERR_REDIRECT] 
2026-05-05 01:49:09,608 [ERROR] LogOutputStream:75 - [STDERR_REDIRECT] [Fatal Error] :1:1: Premature end of file.
2026-05-05 01:49:09,608 [ERROR] LogOutputStream:75 - [STDERR_REDIRECT] 
2026-05-05 01:49:10,605 [ERROR] LogOutputStream:75 - [STDERR_REDIRECT] [Fatal Error] :1:1: Premature end of file.
2026-05-05 01:49:10,605 [ERROR] LogOutputStream:75 - [STDERR_REDIRECT] 
2026-05-05 01:49:11,603 [ERROR] LogOutputStream:75 - [STDERR_REDIRECT] [Fatal Error] :1:1: Premature end of file.
2026-05-05 01:49:11,603 [ERROR] LogOutputStream:75 - [STDERR_REDIRECT] 
2026-05-05 01:49:12,603 [ERROR] LogOutputStream:75 - [STDERR_REDIRECT] [Fatal Error] :1:1: Premature end of file.
2026-05-05 01:49:12,603 [ERROR] LogOutputStream:75 - [STDERR_REDIRECT] 
2026-05-05 01:49:13,597 [ERROR] LogOutputStream:75 - [STDERR_REDIRECT] [Fatal Error] :1:1: Premature end of file.
2026-05-05 01:49:13,597 [ERROR] LogOutputStream:75 - [STDERR_REDIRECT] 
2026-05-05 01:49:14,599 [ERROR] LogOutputStream:75 - [STDERR_REDIRECT] [Fatal Error] :1:1: Premature end of file.
2026-05-05 01:49:14,600 [ERROR] LogOutputStream:75 - [STDERR_REDIRECT] 
2026-05-05 01:49:15,602 [ERROR] LogOutputStream:75 - [STDERR_REDIRECT] [Fatal Error] :1:1: Premature end of file.
2026-05-05 01:49:15,602 [ERROR] LogOutputStream:75 - [STDERR_REDIRECT] 
2026-05-05 01:49:16,607 [ERROR] LogOutputStream:75 - [STDERR_REDIRECT] [Fatal Error] :1:1: Premature end of file.
2026-05-05 01:49:16,607 [ERROR] LogOutputStream:75 - [STDERR_REDIRECT] 
2026-05-05 01:49:17,608 [ERROR] LogOutputStream:75 - [STDERR_REDIRECT] [Fatal Error] :1:1: Premature end of file.
2026-05-05 01:49:17,608 [ERROR] LogOutputStream:75 - [STDERR_REDIRECT] 
2026-05-05 01:49:18,606 [ERROR] LogOutputStream:75 - [STDERR_REDIRECT] [Fatal Error] :1:1: Premature end of file.
2026-05-05 01:49:18,606 [ERROR] LogOutputStream:75 - [STDERR_REDIRECT] 
2026-05-05 01:49:19,604 [ERROR] LogOutputStream:75 - [STDERR_REDIRECT] [Fatal Error] :1:1: Premature end of file.
2026-05-05 01:49:19,604 [ERROR] LogOutputStream:75 - [STDERR_REDIRECT] 
2026-05-05 01:49:20,608 [ERROR] LogOutputStream:75 - [STDERR_REDIRECT] [Fatal Error] :1:1: Premature end of file.
2026-05-05 01:49:20,608 [ERROR] LogOutputStream:75 - [STDERR_REDIRECT] 
2026-05-05 01:49:21,604 [ERROR] LogOutputStream:75 - [STDERR_REDIRECT] [Fatal Error] :1:1: Premature end of file.
2026-05-05 01:49:21,604 [ERROR] LogOutputStream:75 - [STDERR_REDIRECT] 
2026-05-05 01:49:22,601 [ERROR] LogOutputStream:75 - [STDERR_REDIRECT] [Fatal Error] :1:1: Premature end of file.
2026-05-05 01:49:22,601 [ERROR] LogOutputStream:75 - [STDERR_REDIRECT] 
2026-05-05 01:49:23,607 [ERROR] LogOutputStream:75 - [STDERR_REDIRECT] [Fatal Error] :1:1: Premature end of file.
2026-05-05 01:49:23,607 [ERROR] LogOutputStream:75 - [STDERR_REDIRECT] 
2026-05-05 01:49:24,612 [ERROR] LogOutputStream:75 - [STDERR_REDIRECT] [Fatal Error] :1:1: Premature end of file.
2026-05-05 01:49:24,612 [ERROR] LogOutputStream:75 - [STDERR_REDIRECT] 
2026-05-05 01:49:25,597 [ERROR] LogOutputStream:75 - [STDERR_REDIRECT] [Fatal Error] :1:1: Premature end of file.
2026-05-05 01:49:25,597 [ERROR] LogOutputStream:75 - [STDERR_REDIRECT] 
2026-05-05 01:49:26,601 [ERROR] LogOutputStream:75 - [STDERR_REDIRECT] [Fatal Error] :1:1: Premature end of file.
2026-05-05 01:49:26,601 [ERROR] LogOutputStream:75 - [STDERR_REDIRECT] 
2026-05-05 01:49:27,599 [ERROR] LogOutputStream:75 - [STDERR_REDIRECT] [Fatal Error] :1:1: Premature end of file.
2026-05-05 01:49:27,599 [ERROR] LogOutputStream:75 - [STDERR_REDIRECT] 
2026-05-05 01:49:51,953 [ERROR] LogOutputStream:75 - [STDERR_REDIRECT] [Fatal Error] :1:1: Premature end of file.
2026-05-05 01:49:51,953 [ERROR] LogOutputStream:75 - [STDERR_REDIRECT] 
2026-05-05 01:49:51,977 [ERROR] LogOutputStream:75 - [STDERR_REDIRECT] [Fatal Error] :1:1: Premature end of file.
2026-05-05 01:49:51,977 [ERROR] LogOutputStream:75 - [STDERR_REDIRECT] 
2026-05-05 01:49:52,003 [ERROR] LogOutputStream:75 - [STDERR_REDIRECT] [Fatal Error] :1:1: Premature end of file.
2026-05-05 01:49:52,003 [ERROR] LogOutputStream:75 - [STDERR_REDIRECT] 
2026-05-05 01:49:52,028 [ERROR] LogOutputStream:75 - [STDERR_REDIRECT] [Fatal Error] :1:1: Premature end of file.
2026-05-05 01:49:52,028 [ERROR] LogOutputStream:75 - [STDERR_REDIRECT] 
2026-05-05 01:49:52,052 [ERROR] LogOutputStream:75 - [STDERR_REDIRECT] [Fatal Error] :1:1: Premature end of file.
2026-05-05 01:49:52,053 [ERROR] LogOutputStream:75 - [STDERR_REDIRECT] 
2026-05-05 01:49:52,085 [ERROR] LogOutputStream:75 - [STDERR_REDIRECT] [Fatal Error] :1:1: Premature end of file.
2026-05-05 01:49:52,085 [ERROR] LogOutputStream:75 - [STDERR_REDIRECT] 
2026-05-05 01:49:52,105 [ERROR] LogOutputStream:75 - [STDERR_REDIRECT] [Fatal Error] :1:1: Premature end of file.
2026-05-05 01:49:52,105 [ERROR] LogOutputStream:75 - [STDERR_REDIRECT] 
2026-05-05 01:49:52,125 [ERROR] LogOutputStream:75 - [STDERR_REDIRECT] [Fatal Error] :1:1: Premature end of file.
2026-05-05 01:49:52,125 [ERROR] LogOutputStream:75 - [STDERR_REDIRECT] 
2026-05-05 01:49:52,157 [ERROR] LogOutputStream:75 - [STDERR_REDIRECT] [Fatal Error] :1:1: Premature end of file.
2026-05-05 01:49:52,157 [ERROR] LogOutputStream:75 - [STDERR_REDIRECT] 
2026-05-05 01:49:52,186 [ERROR] LogOutputStream:75 - [STDERR_REDIRECT] [Fatal Error] :1:1: Premature end of file.
2026-05-05 01:49:52,187 [ERROR] LogOutputStream:75 - [STDERR_REDIRECT] 
2026-05-05 01:49:52,220 [ERROR] LogOutputStream:75 - [STDERR_REDIRECT] [Fatal Error] :1:1: Premature end of file.
2026-05-05 01:49:52,220 [ERROR] LogOutputStream:75 - [STDERR_REDIRECT] 
2026-05-05 01:49:52,250 [ERROR] LogOutputStream:75 - [STDERR_REDIRECT] [Fatal Error] :1:1: Premature end of file.
2026-05-05 01:49:52,250 [ERROR] LogOutputStream:75 - [STDERR_REDIRECT] 
2026-05-05 01:49:52,281 [ERROR] LogOutputStream:75 - [STDERR_REDIRECT] [Fatal Error] :1:1: Premature end of file.
2026-05-05 01:49:52,281 [ERROR] LogOutputStream:75 - [STDERR_REDIRECT] 
2026-05-05 01:49:52,308 [ERROR] LogOutputStream:75 - [STDERR_REDIRECT] [Fatal Error] :1:1: Premature end of file.
2026-05-05 01:49:52,308 [ERROR] LogOutputStream:75 - [STDERR_REDIRECT] 
2026-05-05 01:49:52,337 [ERROR] LogOutputStream:75 - [STDERR_REDIRECT] [Fatal Error] :1:1: Premature end of file.
2026-05-05 01:49:52,337 [ERROR] LogOutputStream:75 - [STDERR_REDIRECT] 
2026-05-05 01:49:52,374 [ERROR] LogOutputStream:75 - [STDERR_REDIRECT] [Fatal Error] :1:1: Premature end of file.
2026-05-05 01:49:52,375 [ERROR] LogOutputStream:75 - [STDERR_REDIRECT] 
2026-05-05 01:49:52,405 [ERROR] LogOutputStream:75 - [STDERR_REDIRECT] [Fatal Error] :1:1: Premature end of file.
2026-05-05 01:49:52,405 [ERROR] LogOutputStream:75 - [STDERR_REDIRECT] 
2026-05-05 01:49:52,434 [ERROR] LogOutputStream:75 - [STDERR_REDIRECT] [Fatal Error] :1:1: Premature end of file.
2026-05-05 01:49:52,435 [ERROR] LogOutputStream:75 - [STDERR_REDIRECT] 
2026-05-05 01:49:52,459 [ERROR] LogOutputStream:75 - [STDERR_REDIRECT] [Fatal Error] :1:1: Premature end of file.
2026-05-05 01:49:52,459 [ERROR] LogOutputStream:75 - [STDERR_REDIRECT] 
2026-05-05 01:49:52,487 [ERROR] LogOutputStream:75 - [STDERR_REDIRECT] [Fatal Error] :1:1: Premature end of file.
2026-05-05 01:49:52,487 [ERROR] LogOutputStream:75 - [STDERR_REDIRECT] 
2026-05-05 01:49:52,548 [ERROR] LogOutputStream:75 - [STDERR_REDIRECT] [Fatal Error] :1:1: Premature end of file.
2026-05-05 01:49:52,548 [ERROR] LogOutputStream:75 - [STDERR_REDIRECT] 
2026-05-05 01:49:52,577 [ERROR] LogOutputStream:75 - [STDERR_REDIRECT] [Fatal Error] :1:1: Premature end of file.
2026-05-05 01:49:52,578 [ERROR] LogOutputStream:75 - [STDERR_REDIRECT] 
2026-05-05 01:49:52,614 [ERROR] LogOutputStream:75 - [STDERR_REDIRECT] [Fatal Error] :1:1: Premature end of file.
2026-05-05 01:49:52,614 [ERROR] LogOutputStream:75 - [STDERR_REDIRECT] 
2026-05-05 01:49:52,655 [ERROR] LogOutputStream:75 - [STDERR_REDIRECT] [Fatal Error] :1:1: Premature end of file.
2026-05-05 01:49:52,655 [ERROR] LogOutputStream:75 - [STDERR_REDIRECT] 
2026-05-05 01:49:52,689 [ERROR] LogOutputStream:75 - [STDERR_REDIRECT] [Fatal Error] :1:1: Premature end of file.
2026-05-05 01:49:52,689 [ERROR] LogOutputStream:75 - [STDERR_REDIRECT] 
2026-05-05 01:49:53,616 [ERROR] LogOutputStream:75 - [STDERR_REDIRECT] [Fatal Error] :1:1: Premature end of file.
2026-05-05 01:49:53,616 [ERROR] LogOutputStream:75 - [STDERR_REDIRECT] 
2026-05-05 01:49:54,615 [ERROR] LogOutputStream:75 - [STDERR_REDIRECT] [Fatal Error] :1:1: Premature end of file.
2026-05-05 01:49:54,615 [ERROR] LogOutputStream:75 - [STDERR_REDIRECT] 
2026-05-05 01:49:55,604 [ERROR] LogOutputStream:75 - [STDERR_REDIRECT] [Fatal Error] :1:1: Premature end of file.
2026-05-05 01:49:55,604 [ERROR] LogOutputStream:75 - [STDERR_REDIRECT] 
2026-05-05 01:49:56,610 [ERROR] LogOutputStream:75 - [STDERR_REDIRECT] [Fatal Error] :1:1: Premature end of file.
2026-05-05 01:49:56,610 [ERROR] LogOutputStream:75 - [STDERR_REDIRECT] 
2026-05-05 01:49:57,606 [ERROR] LogOutputStream:75 - [STDERR_REDIRECT] [Fatal Error] :1:1: Premature end of file.
2026-05-05 01:49:57,606 [ERROR] LogOutputStream:75 - [STDERR_REDIRECT] 
2026-05-05 01:49:58,604 [ERROR] LogOutputStream:75 - [STDERR_REDIRECT] [Fatal Error] :1:1: Premature end of file.
2026-05-05 01:49:58,604 [ERROR] LogOutputStream:75 - [STDERR_REDIRECT] 
2026-05-05 01:49:59,602 [ERROR] LogOutputStream:75 - [STDERR_REDIRECT] [Fatal Error] :1:1: Premature end of file.
2026-05-05 01:49:59,603 [ERROR] LogOutputStream:75 - [STDERR_REDIRECT] 
2026-05-05 01:50:00,611 [ERROR] LogOutputStream:75 - [STDERR_REDIRECT] [Fatal Error] :1:1: Premature end of file.
2026-05-05 01:50:00,611 [ERROR] LogOutputStream:75 - [STDERR_REDIRECT] 
2026-05-05 01:50:01,610 [ERROR] LogOutputStream:75 - [STDERR_REDIRECT] [Fatal Error] :1:1: Premature end of file.
2026-05-05 01:50:01,610 [ERROR] LogOutputStream:75 - [STDERR_REDIRECT] 
2026-05-05 01:50:02,606 [ERROR] LogOutputStream:75 - [STDERR_REDIRECT] [Fatal Error] :1:1: Premature end of file.
2026-05-05 01:50:02,607 [ERROR] LogOutputStream:75 - [STDERR_REDIRECT] 
2026-05-05 01:50:03,604 [ERROR] LogOutputStream:75 - [STDERR_REDIRECT] [Fatal Error] :1:1: Premature end of file.
2026-05-05 01:50:03,604 [ERROR] LogOutputStream:75 - [STDERR_REDIRECT] 
2026-05-05 01:50:04,606 [ERROR] LogOutputStream:75 - [STDERR_REDIRECT] [Fatal Error] :1:1: Premature end of file.
2026-05-05 01:50:04,606 [ERROR] LogOutputStream:75 - [STDERR_REDIRECT] 
2026-05-05 01:50:05,598 [ERROR] LogOutputStream:75 - [STDERR_REDIRECT] [Fatal Error] :1:1: Premature end of file.
2026-05-05 01:50:05,599 [ERROR] LogOutputStream:75 - [STDERR_REDIRECT] 
2026-05-05 01:50:06,603 [ERROR] LogOutputStream:75 - [STDERR_REDIRECT] [Fatal Error] :1:1: Premature end of file.
2026-05-05 01:50:06,604 [ERROR] LogOutputStream:75 - [STDERR_REDIRECT] 
2026-05-05 01:50:07,604 [ERROR] LogOutputStream:75 - [STDERR_REDIRECT] [Fatal Error] :1:1: Premature end of file.
2026-05-05 01:50:07,604 [ERROR] LogOutputStream:75 - [STDERR_REDIRECT] 
2026-05-05 01:50:08,602 [ERROR] LogOutputStream:75 - [STDERR_REDIRECT] [Fatal Error] :1:1: Premature end of file.
2026-05-05 01:50:08,602 [ERROR] LogOutputStream:75 - [STDERR_REDIRECT] 
2026-05-05 01:50:09,610 [ERROR] LogOutputStream:75 - [STDERR_REDIRECT] [Fatal Error] :1:1: Premature end of file.
2026-05-05 01:50:09,610 [ERROR] LogOutputStream:75 - [STDERR_REDIRECT] 
2026-05-05 01:50:10,610 [ERROR] LogOutputStream:75 - [STDERR_REDIRECT] [Fatal Error] :1:1: Premature end of file.
2026-05-05 01:50:10,610 [ERROR] LogOutputStream:75 - [STDERR_REDIRECT] 
2026-05-05 01:50:11,599 [ERROR] LogOutputStream:75 - [STDERR_REDIRECT] [Fatal Error] :1:1: Premature end of file.
2026-05-05 01:50:11,599 [ERROR] LogOutputStream:75 - [STDERR_REDIRECT] 
2026-05-05 01:50:12,609 [ERROR] LogOutputStream:75 - [STDERR_REDIRECT] [Fatal Error] :1:1: Premature end of file.
2026-05-05 01:50:12,609 [ERROR] LogOutputStream:75 - [STDERR_REDIRECT] 
2026-05-05 01:50:13,608 [ERROR] LogOutputStream:75 - [STDERR_REDIRECT] [Fatal Error] :1:1: Premature end of file.
2026-05-05 01:50:13,608 [ERROR] LogOutputStream:75 - [STDERR_REDIRECT] 
2026-05-05 01:50:14,605 [ERROR] LogOutputStream:75 - [STDERR_REDIRECT] [Fatal Error] :1:1: Premature end of file.
2026-05-05 01:50:14,605 [ERROR] LogOutputStream:75 - [STDERR_REDIRECT] 
2026-05-05 01:50:15,604 [ERROR] LogOutputStream:75 - [STDERR_REDIRECT] [Fatal Error] :1:1: Premature end of file.
2026-05-05 01:50:15,604 [ERROR] LogOutputStream:75 - [STDERR_REDIRECT] 
2026-05-05 01:50:16,608 [ERROR] LogOutputStream:75 - [STDERR_REDIRECT] [Fatal Error] :1:1: Premature end of file.
2026-05-05 01:50:16,608 [ERROR] LogOutputStream:75 - [STDERR_REDIRECT] 
2026-05-05 01:50:17,601 [ERROR] LogOutputStream:75 - [STDERR_REDIRECT] [Fatal Error] :1:1: Premature end of file.
2026-05-05 01:50:17,601 [ERROR] LogOutputStream:75 - [STDERR_REDIRECT] 
2026-05-05 01:50:18,606 [ERROR] LogOutputStream:75 - [STDERR_REDIRECT] [Fatal Error] :1:1: Premature end of file.
2026-05-05 01:50:18,606 [ERROR] LogOutputStream:75 - [STDERR_REDIRECT] 
2026-05-05 01:50:19,605 [ERROR] LogOutputStream:75 - [STDERR_REDIRECT] [Fatal Error] :1:1: Premature end of file.
2026-05-05 01:50:19,605 [ERROR] LogOutputStream:75 - [STDERR_REDIRECT] 
2026-05-05 01:50:20,604 [ERROR] LogOutputStream:75 - [STDERR_REDIRECT] [Fatal Error] :1:1: Premature end of file.
2026-05-05 01:50:20,604 [ERROR] LogOutputStream:75 - [STDERR_REDIRECT] 
2026-05-05 01:50:21,603 [ERROR] LogOutputStream:75 - [STDERR_REDIRECT] [Fatal Error] :1:1: Premature end of file.
2026-05-05 01:50:21,603 [ERROR] LogOutputStream:75 - [STDERR_REDIRECT] 
2026-05-05 01:50:22,610 [ERROR] LogOutputStream:75 - [STDERR_REDIRECT] [Fatal Error] :1:1: Premature end of file.
2026-05-05 01:50:22,610 [ERROR] LogOutputStream:75 - [STDERR_REDIRECT] 
2026-05-05 01:50:23,612 [ERROR] LogOutputStream:75 - [STDERR_REDIRECT] [Fatal Error] :1:1: Premature end of file.
2026-05-05 01:50:23,612 [ERROR] LogOutputStream:75 - [STDERR_REDIRECT] 
2026-05-05 01:50:24,601 [ERROR] LogOutputStream:75 - [STDERR_REDIRECT] [Fatal Error] :1:1: Premature end of file.
2026-05-05 01:50:24,601 [ERROR] LogOutputStream:75 - [STDERR_REDIRECT] 
2026-05-05 01:50:25,600 [ERROR] LogOutputStream:75 - [STDERR_REDIRECT] [Fatal Error] :1:1: Premature end of file.
2026-05-05 01:50:25,600 [ERROR] LogOutputStream:75 - [STDERR_REDIRECT] 
2026-05-05 01:50:26,603 [ERROR] LogOutputStream:75 - [STDERR_REDIRECT] [Fatal Error] :1:1: Premature end of file.
2026-05-05 01:50:26,603 [ERROR] LogOutputStream:75 - [STDERR_REDIRECT] 
2026-05-05 01:50:27,600 [ERROR] LogOutputStream:75 - [STDERR_REDIRECT] [Fatal Error] :1:1: Premature end of file.
2026-05-05 01:50:27,600 [ERROR] LogOutputStream:75 - [STDERR_REDIRECT] 
2026-05-05 01:50:28,605 [ERROR] LogOutputStream:75 - [STDERR_REDIRECT] [Fatal Error] :1:1: Premature end of file.
2026-05-05 01:50:28,605 [ERROR] LogOutputStream:75 - [STDERR_REDIRECT] 
2026-05-05 01:50:29,599 [ERROR] LogOutputStream:75 - [STDERR_REDIRECT] [Fatal Error] :1:1: Premature end of file.
2026-05-05 01:50:29,599 [ERROR] LogOutputStream:75 - [STDERR_REDIRECT] 
2026-05-05 01:50:30,600 [ERROR] LogOutputStream:75 - [STDERR_REDIRECT] [Fatal Error] :1:1: Premature end of file.
2026-05-05 01:50:30,601 [ERROR] LogOutputStream:75 - [STDERR_REDIRECT] 
2026-05-05 01:50:31,598 [ERROR] LogOutputStream:75 - [STDERR_REDIRECT] [Fatal Error] :1:1: Premature end of file.
2026-05-05 01:50:31,598 [ERROR] LogOutputStream:75 - [STDERR_REDIRECT] 
2026-05-05 01:50:32,604 [ERROR] LogOutputStream:75 - [STDERR_REDIRECT] [Fatal Error] :1:1: Premature end of file.
2026-05-05 01:50:32,604 [ERROR] LogOutputStream:75 - [STDERR_REDIRECT] 
2026-05-05 01:50:33,599 [ERROR] LogOutputStream:75 - [STDERR_REDIRECT] [Fatal Error] :1:1: Premature end of file.
2026-05-05 01:50:33,599 [ERROR] LogOutputStream:75 - [STDERR_REDIRECT] 
2026-05-05 01:50:34,599 [ERROR] LogOutputStream:75 - [STDERR_REDIRECT] [Fatal Error] :1:1: Premature end of file.
2026-05-05 01:50:34,599 [ERROR] LogOutputStream:75 - [STDERR_REDIRECT] 
2026-05-05 01:50:35,604 [ERROR] LogOutputStream:75 - [STDERR_REDIRECT] [Fatal Error] :1:1: Premature end of file.
2026-05-05 01:50:35,604 [ERROR] LogOutputStream:75 - [STDERR_REDIRECT] 
2026-05-05 01:50:36,598 [ERROR] LogOutputStream:75 - [STDERR_REDIRECT] [Fatal Error] :1:1: Premature end of file.
2026-05-05 01:50:36,598 [ERROR] LogOutputStream:75 - [STDERR_REDIRECT] 
2026-05-05 01:50:37,599 [ERROR] LogOutputStream:75 - [STDERR_REDIRECT] [Fatal Error] :1:1: Premature end of file.
2026-05-05 01:50:37,599 [ERROR] LogOutputStream:75 - [STDERR_REDIRECT] 
2026-05-05 01:50:50,204 [ERROR] LogOutputStream:75 - [STDERR_REDIRECT] [Fatal Error] :1:1: Premature end of file.
2026-05-05 01:50:50,204 [ERROR] LogOutputStream:75 - [STDERR_REDIRECT] 
2026-05-05 01:50:50,244 [ERROR] LogOutputStream:75 - [STDERR_REDIRECT] [Fatal Error] :1:1: Premature end of file.
2026-05-05 01:50:50,244 [ERROR] LogOutputStream:75 - [STDERR_REDIRECT] 
2026-05-05 01:50:50,334 [ERROR] LogOutputStream:75 - [STDERR_REDIRECT] [Fatal Error] :1:1: Premature end of file.
2026-05-05 01:50:50,334 [ERROR] LogOutputStream:75 - [STDERR_REDIRECT] 
2026-05-05 01:50:50,380 [ERROR] LogOutputStream:75 - [STDERR_REDIRECT] [Fatal Error] :1:1: Premature end of file.
2026-05-05 01:50:50,380 [ERROR] LogOutputStream:75 - [STDERR_REDIRECT] 
2026-05-05 01:50:50,404 [ERROR] LogOutputStream:75 - [STDERR_REDIRECT] [Fatal Error] :1:1: Premature end of file.
2026-05-05 01:50:50,404 [ERROR] LogOutputStream:75 - [STDERR_REDIRECT] 
2026-05-05 01:50:50,429 [ERROR] LogOutputStream:75 - [STDERR_REDIRECT] [Fatal Error] :1:1: Premature end of file.
2026-05-05 01:50:50,429 [ERROR] LogOutputStream:75 - [STDERR_REDIRECT] 
2026-05-05 01:50:50,450 [ERROR] LogOutputStream:75 - [STDERR_REDIRECT] [Fatal Error] :1:1: Premature end of file.
2026-05-05 01:50:50,450 [ERROR] LogOutputStream:75 - [STDERR_REDIRECT] 
2026-05-05 01:50:50,470 [ERROR] LogOutputStream:75 - [STDERR_REDIRECT] [Fatal Error] :1:1: Premature end of file.
2026-05-05 01:50:50,471 [ERROR] LogOutputStream:75 - [STDERR_REDIRECT] 
2026-05-05 01:50:50,490 [ERROR] LogOutputStream:75 - [STDERR_REDIRECT] [Fatal Error] :1:1: Premature end of file.
2026-05-05 01:50:50,490 [ERROR] LogOutputStream:75 - [STDERR_REDIRECT] 
2026-05-05 01:50:50,511 [ERROR] LogOutputStream:75 - [STDERR_REDIRECT] [Fatal Error] :1:1: Premature end of file.
2026-05-05 01:50:50,511 [ERROR] LogOutputStream:75 - [STDERR_REDIRECT] 
2026-05-05 01:50:50,533 [ERROR] LogOutputStream:75 - [STDERR_REDIRECT] [Fatal Error] :1:1: Premature end of file.
2026-05-05 01:50:50,534 [ERROR] LogOutputStream:75 - [STDERR_REDIRECT] 
2026-05-05 01:50:50,560 [ERROR] LogOutputStream:75 - [STDERR_REDIRECT] [Fatal Error] :1:1: Premature end of file.
2026-05-05 01:50:50,561 [ERROR] LogOutputStream:75 - [STDERR_REDIRECT] 
2026-05-05 01:50:50,612 [ERROR] LogOutputStream:75 - [STDERR_REDIRECT] [Fatal Error] :1:1: Premature end of file.
2026-05-05 01:50:50,612 [ERROR] LogOutputStream:75 - [STDERR_REDIRECT] 
2026-05-05 01:50:51,606 [ERROR] LogOutputStream:75 - [STDERR_REDIRECT] [Fatal Error] :1:1: Premature end of file.
2026-05-05 01:50:51,606 [ERROR] LogOutputStream:75 - [STDERR_REDIRECT] 
2026-05-05 01:50:52,617 [ERROR] LogOutputStream:75 - [STDERR_REDIRECT] [Fatal Error] :1:1: Premature end of file.
2026-05-05 01:50:52,617 [ERROR] LogOutputStream:75 - [STDERR_REDIRECT] 
2026-05-05 01:50:53,603 [ERROR] LogOutputStream:75 - [STDERR_REDIRECT] [Fatal Error] :1:1: Premature end of file.
2026-05-05 01:50:53,603 [ERROR] LogOutputStream:75 - [STDERR_REDIRECT] 
2026-05-05 01:50:54,599 [ERROR] LogOutputStream:75 - [STDERR_REDIRECT] [Fatal Error] :1:1: Premature end of file.
2026-05-05 01:50:54,599 [ERROR] LogOutputStream:75 - [STDERR_REDIRECT] 
2026-05-05 01:50:55,599 [ERROR] LogOutputStream:75 - [STDERR_REDIRECT] [Fatal Error] :1:1: Premature end of file.
2026-05-05 01:50:55,599 [ERROR] LogOutputStream:75 - [STDERR_REDIRECT] 
2026-05-05 01:50:56,601 [ERROR] LogOutputStream:75 - [STDERR_REDIRECT] [Fatal Error] :1:1: Premature end of file.
2026-05-05 01:50:56,601 [ERROR] LogOutputStream:75 - [STDERR_REDIRECT] 
2026-05-05 01:50:57,603 [ERROR] LogOutputStream:75 - [STDERR_REDIRECT] [Fatal Error] :1:1: Premature end of file.
2026-05-05 01:50:57,603 [ERROR] LogOutputStream:75 - [STDERR_REDIRECT] 
2026-05-05 01:50:58,600 [ERROR] LogOutputStream:75 - [STDERR_REDIRECT] [Fatal Error] :1:1: Premature end of file.
2026-05-05 01:50:58,600 [ERROR] LogOutputStream:75 - [STDERR_REDIRECT] 
2026-05-05 01:50:59,604 [ERROR] LogOutputStream:75 - [STDERR_REDIRECT] [Fatal Error] :1:1: Premature end of file.
2026-05-05 01:50:59,604 [ERROR] LogOutputStream:75 - [STDERR_REDIRECT] 
2026-05-05 01:51:00,608 [ERROR] LogOutputStream:75 - [STDERR_REDIRECT] [Fatal Error] :1:1: Premature end of file.
2026-05-05 01:51:00,608 [ERROR] LogOutputStream:75 - [STDERR_REDIRECT] 
2026-05-05 01:51:01,614 [ERROR] LogOutputStream:75 - [STDERR_REDIRECT] [Fatal Error] :1:1: Premature end of file.
2026-05-05 01:51:01,614 [ERROR] LogOutputStream:75 - [STDERR_REDIRECT] 
2026-05-05 01:51:02,598 [ERROR] LogOutputStream:75 - [STDERR_REDIRECT] [Fatal Error] :1:1: Premature end of file.
2026-05-05 01:51:02,598 [ERROR] LogOutputStream:75 - [STDERR_REDIRECT] 
2026-05-05 01:51:03,604 [ERROR] LogOutputStream:75 - [STDERR_REDIRECT] [Fatal Error] :1:1: Premature end of file.
2026-05-05 01:51:03,604 [ERROR] LogOutputStream:75 - [STDERR_REDIRECT] 
2026-05-05 01:51:04,603 [ERROR] LogOutputStream:75 - [STDERR_REDIRECT] [Fatal Error] :1:1: Premature end of file.
2026-05-05 01:51:04,603 [ERROR] LogOutputStream:75 - [STDERR_REDIRECT] 
2026-05-05 01:51:05,606 [ERROR] LogOutputStream:75 - [STDERR_REDIRECT] [Fatal Error] :1:1: Premature end of file.
2026-05-05 01:51:05,606 [ERROR] LogOutputStream:75 - [STDERR_REDIRECT] 
2026-05-05 01:51:06,604 [ERROR] LogOutputStream:75 - [STDERR_REDIRECT] [Fatal Error] :1:1: Premature end of file.
2026-05-05 01:51:06,604 [ERROR] LogOutputStream:75 - [STDERR_REDIRECT] 
2026-05-05 01:51:07,602 [ERROR] LogOutputStream:75 - [STDERR_REDIRECT] [Fatal Error] :1:1: Premature end of file.
2026-05-05 01:51:07,602 [ERROR] LogOutputStream:75 - [STDERR_REDIRECT] 
2026-05-05 01:51:08,612 [ERROR] LogOutputStream:75 - [STDERR_REDIRECT] [Fatal Error] :1:1: Premature end of file.
2026-05-05 01:51:08,612 [ERROR] LogOutputStream:75 - [STDERR_REDIRECT] 
2026-05-05 01:51:09,614 [ERROR] LogOutputStream:75 - [STDERR_REDIRECT] [Fatal Error] :1:1: Premature end of file.
2026-05-05 01:51:09,615 [ERROR] LogOutputStream:75 - [STDERR_REDIRECT] 
2026-05-05 01:51:10,613 [ERROR] LogOutputStream:75 - [STDERR_REDIRECT] [Fatal Error] :1:1: Premature end of file.
2026-05-05 01:51:10,613 [ERROR] LogOutputStream:75 - [STDERR_REDIRECT] 
2026-05-05 01:51:11,602 [ERROR] LogOutputStream:75 - [STDERR_REDIRECT] [Fatal Error] :1:1: Premature end of file.
2026-05-05 01:51:11,602 [ERROR] LogOutputStream:75 - [STDERR_REDIRECT] 
2026-05-05 01:51:12,597 [ERROR] LogOutputStream:75 - [STDERR_REDIRECT] [Fatal Error] :1:1: Premature end of file.
2026-05-05 01:51:12,597 [ERROR] LogOutputStream:75 - [STDERR_REDIRECT] 
2026-05-05 01:51:13,612 [ERROR] LogOutputStream:75 - [STDERR_REDIRECT] [Fatal Error] :1:1: Premature end of file.
2026-05-05 01:51:13,612 [ERROR] LogOutputStream:75 - [STDERR_REDIRECT] 
2026-05-05 01:51:14,614 [ERROR] LogOutputStream:75 - [STDERR_REDIRECT] [Fatal Error] :1:1: Premature end of file.
2026-05-05 01:51:14,614 [ERROR] LogOutputStream:75 - [STDERR_REDIRECT] 
2026-05-05 01:51:15,613 [ERROR] LogOutputStream:75 - [STDERR_REDIRECT] [Fatal Error] :1:1: Premature end of file.
2026-05-05 01:51:15,613 [ERROR] LogOutputStream:75 - [STDERR_REDIRECT] 
2026-05-05 01:51:16,610 [ERROR] LogOutputStream:75 - [STDERR_REDIRECT] [Fatal Error] :1:1: Premature end of file.
2026-05-05 01:51:16,610 [ERROR] LogOutputStream:75 - [STDERR_REDIRECT] 
2026-05-05 01:51:17,605 [ERROR] LogOutputStream:75 - [STDERR_REDIRECT] [Fatal Error] :1:1: Premature end of file.
2026-05-05 01:51:17,605 [ERROR] LogOutputStream:75 - [STDERR_REDIRECT] 
2026-05-05 01:51:18,603 [ERROR] LogOutputStream:75 - [STDERR_REDIRECT] [Fatal Error] :1:1: Premature end of file.
2026-05-05 01:51:18,603 [ERROR] LogOutputStream:75 - [STDERR_REDIRECT] 
2026-05-05 01:51:19,605 [ERROR] LogOutputStream:75 - [STDERR_REDIRECT] [Fatal Error] :1:1: Premature end of file.
2026-05-05 01:51:19,606 [ERROR] LogOutputStream:75 - [STDERR_REDIRECT] 
2026-05-05 01:51:20,598 [ERROR] LogOutputStream:75 - [STDERR_REDIRECT] [Fatal Error] :1:1: Premature end of file.
2026-05-05 01:51:20,598 [ERROR] LogOutputStream:75 - [STDERR_REDIRECT] 
2026-05-05 01:51:21,599 [ERROR] LogOutputStream:75 - [STDERR_REDIRECT] [Fatal Error] :1:1: Premature end of file.
2026-05-05 01:51:21,599 [ERROR] LogOutputStream:75 - [STDERR_REDIRECT] 
2026-05-05 01:51:22,599 [ERROR] LogOutputStream:75 - [STDERR_REDIRECT] [Fatal Error] :1:1: Premature end of file.
2026-05-05 01:51:22,599 [ERROR] LogOutputStream:75 - [STDERR_REDIRECT] 
2026-05-05 01:51:23,602 [ERROR] LogOutputStream:75 - [STDERR_REDIRECT] [Fatal Error] :1:1: Premature end of file.
2026-05-05 01:51:23,602 [ERROR] LogOutputStream:75 - [STDERR_REDIRECT] 
2026-05-05 01:51:24,604 [ERROR] LogOutputStream:75 - [STDERR_REDIRECT] [Fatal Error] :1:1: Premature end of file.
2026-05-05 01:51:24,605 [ERROR] LogOutputStream:75 - [STDERR_REDIRECT] 
2026-05-05 01:51:25,601 [ERROR] LogOutputStream:75 - [STDERR_REDIRECT] [Fatal Error] :1:1: Premature end of file.
2026-05-05 01:51:25,601 [ERROR] LogOutputStream:75 - [STDERR_REDIRECT] 
2026-05-05 01:51:26,598 [ERROR] LogOutputStream:75 - [STDERR_REDIRECT] [Fatal Error] :1:1: Premature end of file.
2026-05-05 01:51:26,598 [ERROR] LogOutputStream:75 - [STDERR_REDIRECT] 
2026-05-05 01:51:27,614 [ERROR] LogOutputStream:75 - [STDERR_REDIRECT] [Fatal Error] :1:1: Premature end of file.
2026-05-05 01:51:27,614 [ERROR] LogOutputStream:75 - [STDERR_REDIRECT] 
2026-05-05 01:51:28,612 [ERROR] LogOutputStream:75 - [STDERR_REDIRECT] [Fatal Error] :1:1: Premature end of file.
2026-05-05 01:51:28,613 [ERROR] LogOutputStream:75 - [STDERR_REDIRECT] 
2026-05-05 01:51:29,597 [ERROR] LogOutputStream:75 - [STDERR_REDIRECT] [Fatal Error] :1:1: Premature end of file.
2026-05-05 01:51:29,597 [ERROR] LogOutputStream:75 - [STDERR_REDIRECT] 
2026-05-05 01:51:30,601 [ERROR] LogOutputStream:75 - [STDERR_REDIRECT] [Fatal Error] :1:1: Premature end of file.
2026-05-05 01:51:30,601 [ERROR] LogOutputStream:75 - [STDERR_REDIRECT] 
2026-05-05 01:51:31,609 [ERROR] LogOutputStream:75 - [STDERR_REDIRECT] [Fatal Error] :1:1: Premature end of file.
2026-05-05 01:51:31,609 [ERROR] LogOutputStream:75 - [STDERR_REDIRECT] 
2026-05-05 01:51:32,607 [ERROR] LogOutputStream:75 - [STDERR_REDIRECT] [Fatal Error] :1:1: Premature end of file.
2026-05-05 01:51:32,607 [ERROR] LogOutputStream:75 - [STDERR_REDIRECT] 
2026-05-05 01:51:33,606 [ERROR] LogOutputStream:75 - [STDERR_REDIRECT] [Fatal Error] :1:1: Premature end of file.
2026-05-05 01:51:33,606 [ERROR] LogOutputStream:75 - [STDERR_REDIRECT] 
2026-05-05 01:51:34,603 [ERROR] LogOutputStream:75 - [STDERR_REDIRECT] [Fatal Error] :1:1: Premature end of file.
2026-05-05 01:51:34,603 [ERROR] LogOutputStream:75 - [STDERR_REDIRECT] 
2026-05-05 01:51:35,602 [ERROR] LogOutputStream:75 - [STDERR_REDIRECT] [Fatal Error] :1:1: Premature end of file.
2026-05-05 01:51:35,602 [ERROR] LogOutputStream:75 - [STDERR_REDIRECT] 
2026-05-05 01:51:36,605 [ERROR] LogOutputStream:75 - [STDERR_REDIRECT] [Fatal Error] :1:1: Premature end of file.
2026-05-05 01:51:36,605 [ERROR] LogOutputStream:75 - [STDERR_REDIRECT] 
2026-05-05 01:51:37,603 [ERROR] LogOutputStream:75 - [STDERR_REDIRECT] [Fatal Error] :1:1: Premature end of file.
2026-05-05 01:51:37,603 [ERROR] LogOutputStream:75 - [STDERR_REDIRECT] 
2026-05-05 01:51:38,604 [ERROR] LogOutputStream:75 - [STDERR_REDIRECT] [Fatal Error] :1:1: Premature end of file.
2026-05-05 01:51:38,604 [ERROR] LogOutputStream:75 - [STDERR_REDIRECT] 
2026-05-05 01:51:39,618 [ERROR] LogOutputStream:75 - [STDERR_REDIRECT] [Fatal Error] :1:1: Premature end of file.
2026-05-05 01:51:39,618 [ERROR] LogOutputStream:75 - [STDERR_REDIRECT] 
2026-05-05 01:51:40,598 [ERROR] LogOutputStream:75 - [STDERR_REDIRECT] [Fatal Error] :1:1: Premature end of file.
2026-05-05 01:51:40,598 [ERROR] LogOutputStream:75 - [STDERR_REDIRECT] 
2026-05-05 01:51:41,602 [ERROR] LogOutputStream:75 - [STDERR_REDIRECT] [Fatal Error] :1:1: Premature end of file.
2026-05-05 01:51:41,602 [ERROR] LogOutputStream:75 - [STDERR_REDIRECT] 
2026-05-05 01:51:42,599 [ERROR] LogOutputStream:75 - [STDERR_REDIRECT] [Fatal Error] :1:1: Premature end of file.
2026-05-05 01:51:42,599 [ERROR] LogOutputStream:75 - [STDERR_REDIRECT] 
2026-05-05 01:51:43,622 [ERROR] LogOutputStream:75 - [STDERR_REDIRECT] [Fatal Error] :1:1: Premature end of file.
2026-05-05 01:51:43,622 [ERROR] LogOutputStream:75 - [STDERR_REDIRECT] 
2026-05-05 01:51:44,612 [ERROR] LogOutputStream:75 - [STDERR_REDIRECT] [Fatal Error] :1:1: Premature end of file.
2026-05-05 01:51:44,612 [ERROR] LogOutputStream:75 - [STDERR_REDIRECT] 
2026-05-05 01:51:45,609 [ERROR] LogOutputStream:75 - [STDERR_REDIRECT] [Fatal Error] :1:1: Premature end of file.
2026-05-05 01:51:45,609 [ERROR] LogOutputStream:75 - [STDERR_REDIRECT] 
2026-05-05 01:51:46,607 [ERROR] LogOutputStream:75 - [STDERR_REDIRECT] [Fatal Error] :1:1: Premature end of file.
2026-05-05 01:51:46,607 [ERROR] LogOutputStream:75 - [STDERR_REDIRECT] 
2026-05-05 01:51:47,615 [ERROR] LogOutputStream:75 - [STDERR_REDIRECT] [Fatal Error] :1:1: Premature end of file.
2026-05-05 01:51:47,615 [ERROR] LogOutputStream:75 - [STDERR_REDIRECT] 
2026-05-05 01:51:48,624 [ERROR] LogOutputStream:75 - [STDERR_REDIRECT] [Fatal Error] :1:1: Premature end of file.
2026-05-05 01:51:48,624 [ERROR] LogOutputStream:75 - [STDERR_REDIRECT] 
2026-05-05 01:51:49,598 [ERROR] LogOutputStream:75 - [STDERR_REDIRECT] [Fatal Error] :1:1: Premature end of file.
2026-05-05 01:51:49,599 [ERROR] LogOutputStream:75 - [STDERR_REDIRECT] 
2026-05-05 01:51:50,617 [ERROR] LogOutputStream:75 - [STDERR_REDIRECT] [Fatal Error] :1:1: Premature end of file.
2026-05-05 01:51:50,617 [ERROR] LogOutputStream:75 - [STDERR_REDIRECT] 
2026-05-05 01:51:52,588 [ERROR] LogOutputStream:75 - [STDERR_REDIRECT] [Fatal Error] :1:1: Premature end of file.
2026-05-05 01:51:52,588 [ERROR] LogOutputStream:75 - [STDERR_REDIRECT] 
2026-05-05 01:51:52,624 [ERROR] LogOutputStream:75 - [STDERR_REDIRECT] [Fatal Error] :1:1: Premature end of file.
2026-05-05 01:51:52,624 [ERROR] LogOutputStream:75 - [STDERR_REDIRECT] 
2026-05-05 01:51:53,612 [ERROR] LogOutputStream:75 - [STDERR_REDIRECT] [Fatal Error] :1:1: Premature end of file.
2026-05-05 01:51:53,612 [ERROR] LogOutputStream:75 - [STDERR_REDIRECT] 
2026-05-05 01:51:54,600 [ERROR] LogOutputStream:75 - [STDERR_REDIRECT] [Fatal Error] :1:1: Premature end of file.
2026-05-05 01:51:54,600 [ERROR] LogOutputStream:75 - [STDERR_REDIRECT] 
2026-05-05 01:51:55,616 [ERROR] LogOutputStream:75 - [STDERR_REDIRECT] [Fatal Error] :1:1: Premature end of file.
2026-05-05 01:51:55,616 [ERROR] LogOutputStream:75 - [STDERR_REDIRECT] 
2026-05-05 01:51:56,613 [ERROR] LogOutputStream:75 - [STDERR_REDIRECT] [Fatal Error] :1:1: Premature end of file.
2026-05-05 01:51:56,613 [ERROR] LogOutputStream:75 - [STDERR_REDIRECT] 
2026-05-05 01:51:57,613 [ERROR] LogOutputStream:75 - [STDERR_REDIRECT] [Fatal Error] :1:1: Premature end of file.
2026-05-05 01:51:57,613 [ERROR] LogOutputStream:75 - [STDERR_REDIRECT] 
2026-05-05 01:51:58,607 [ERROR] LogOutputStream:75 - [STDERR_REDIRECT] [Fatal Error] :1:1: Premature end of file.
2026-05-05 01:51:58,607 [ERROR] LogOutputStream:75 - [STDERR_REDIRECT] 
2026-05-05 01:51:59,611 [ERROR] LogOutputStream:75 - [STDERR_REDIRECT] [Fatal Error] :1:1: Premature end of file.
2026-05-05 01:51:59,611 [ERROR] LogOutputStream:75 - [STDERR_REDIRECT] 
2026-05-05 01:52:00,611 [ERROR] LogOutputStream:75 - [STDERR_REDIRECT] [Fatal Error] :1:1: Premature end of file.
2026-05-05 01:52:00,611 [ERROR] LogOutputStream:75 - [STDERR_REDIRECT] 
2026-05-05 01:52:01,602 [ERROR] LogOutputStream:75 - [STDERR_REDIRECT] [Fatal Error] :1:1: Premature end of file.
2026-05-05 01:52:01,602 [ERROR] LogOutputStream:75 - [STDERR_REDIRECT] 
2026-05-05 01:52:02,604 [ERROR] LogOutputStream:75 - [STDERR_REDIRECT] [Fatal Error] :1:1: Premature end of file.
2026-05-05 01:52:02,604 [ERROR] LogOutputStream:75 - [STDERR_REDIRECT] 
2026-05-05 01:52:03,619 [ERROR] LogOutputStream:75 - [STDERR_REDIRECT] [Fatal Error] :1:1: Premature end of file.
2026-05-05 01:52:03,619 [ERROR] LogOutputStream:75 - [STDERR_REDIRECT] 
2026-05-05 01:52:04,605 [ERROR] LogOutputStream:75 - [STDERR_REDIRECT] [Fatal Error] :1:1: Premature end of file.
2026-05-05 01:52:04,605 [ERROR] LogOutputStream:75 - [STDERR_REDIRECT] 
2026-05-05 01:52:05,603 [ERROR] LogOutputStream:75 - [STDERR_REDIRECT] [Fatal Error] :1:1: Premature end of file.
2026-05-05 01:52:05,603 [ERROR] LogOutputStream:75 - [STDERR_REDIRECT] 
2026-05-05 01:52:06,610 [ERROR] LogOutputStream:75 - [STDERR_REDIRECT] [Fatal Error] :1:1: Premature end of file.
2026-05-05 01:52:06,610 [ERROR] LogOutputStream:75 - [STDERR_REDIRECT] 
2026-05-05 01:52:07,613 [ERROR] LogOutputStream:75 - [STDERR_REDIRECT] [Fatal Error] :1:1: Premature end of file.
2026-05-05 01:52:07,613 [ERROR] LogOutputStream:75 - [STDERR_REDIRECT] 
2026-05-05 01:52:08,596 [ERROR] LogOutputStream:75 - [STDERR_REDIRECT] [Fatal Error] :1:1: Premature end of file.
2026-05-05 01:52:08,596 [ERROR] LogOutputStream:75 - [STDERR_REDIRECT] 
2026-05-05 01:52:09,604 [ERROR] LogOutputStream:75 - [STDERR_REDIRECT] [Fatal Error] :1:1: Premature end of file.
2026-05-05 01:52:09,604 [ERROR] LogOutputStream:75 - [STDERR_REDIRECT] 
2026-05-05 01:52:10,600 [ERROR] LogOutputStream:75 - [STDERR_REDIRECT] [Fatal Error] :1:1: Premature end of file.
2026-05-05 01:52:10,600 [ERROR] LogOutputStream:75 - [STDERR_REDIRECT] 
2026-05-05 01:52:11,600 [ERROR] LogOutputStream:75 - [STDERR_REDIRECT] [Fatal Error] :1:1: Premature end of file.
2026-05-05 01:52:11,600 [ERROR] LogOutputStream:75 - [STDERR_REDIRECT] 
2026-05-05 01:52:12,600 [ERROR] LogOutputStream:75 - [STDERR_REDIRECT] [Fatal Error] :1:1: Premature end of file.
2026-05-05 01:52:12,600 [ERROR] LogOutputStream:75 - [STDERR_REDIRECT] 
2026-05-05 01:52:13,606 [ERROR] LogOutputStream:75 - [STDERR_REDIRECT] [Fatal Error] :1:1: Premature end of file.
2026-05-05 01:52:13,606 [ERROR] LogOutputStream:75 - [STDERR_REDIRECT] 
2026-05-05 01:52:14,602 [ERROR] LogOutputStream:75 - [STDERR_REDIRECT] [Fatal Error] :1:1: Premature end of file.
2026-05-05 01:52:14,602 [ERROR] LogOutputStream:75 - [STDERR_REDIRECT] 
2026-05-05 01:52:15,606 [ERROR] LogOutputStream:75 - [STDERR_REDIRECT] [Fatal Error] :1:1: Premature end of file.
2026-05-05 01:52:15,606 [ERROR] LogOutputStream:75 - [STDERR_REDIRECT] 
2026-05-05 01:52:16,610 [ERROR] LogOutputStream:75 - [STDERR_REDIRECT] [Fatal Error] :1:1: Premature end of file.
2026-05-05 01:52:16,610 [ERROR] LogOutputStream:75 - [STDERR_REDIRECT] 
2026-05-05 01:52:17,599 [ERROR] LogOutputStream:75 - [STDERR_REDIRECT] [Fatal Error] :1:1: Premature end of file.
2026-05-05 01:52:17,599 [ERROR] LogOutputStream:75 - [STDERR_REDIRECT] 
2026-05-05 01:52:18,613 [ERROR] LogOutputStream:75 - [STDERR_REDIRECT] [Fatal Error] :1:1: Premature end of file.
2026-05-05 01:52:18,613 [ERROR] LogOutputStream:75 - [STDERR_REDIRECT] 
2026-05-05 01:52:19,612 [ERROR] LogOutputStream:75 - [STDERR_REDIRECT] [Fatal Error] :1:1: Premature end of file.
2026-05-05 01:52:19,613 [ERROR] LogOutputStream:75 - [STDERR_REDIRECT] 
2026-05-05 01:52:20,601 [ERROR] LogOutputStream:75 - [STDERR_REDIRECT] [Fatal Error] :1:1: Premature end of file.
2026-05-05 01:52:20,601 [ERROR] LogOutputStream:75 - [STDERR_REDIRECT] 
2026-05-05 01:52:21,603 [ERROR] LogOutputStream:75 - [STDERR_REDIRECT] [Fatal Error] :1:1: Premature end of file.
2026-05-05 01:52:21,603 [ERROR] LogOutputStream:75 - [STDERR_REDIRECT] 
2026-05-05 01:52:22,618 [ERROR] LogOutputStream:75 - [STDERR_REDIRECT] [Fatal Error] :1:1: Premature end of file.
2026-05-05 01:52:22,618 [ERROR] LogOutputStream:75 - [STDERR_REDIRECT] 
2026-05-05 01:52:23,612 [ERROR] LogOutputStream:75 - [STDERR_REDIRECT] [Fatal Error] :1:1: Premature end of file.
2026-05-05 01:52:23,612 [ERROR] LogOutputStream:75 - [STDERR_REDIRECT] 
2026-05-05 01:52:24,604 [ERROR] LogOutputStream:75 - [STDERR_REDIRECT] [Fatal Error] :1:1: Premature end of file.
2026-05-05 01:52:24,604 [ERROR] LogOutputStream:75 - [STDERR_REDIRECT] 
2026-05-05 01:52:25,607 [ERROR] LogOutputStream:75 - [STDERR_REDIRECT] [Fatal Error] :1:1: Premature end of file.
2026-05-05 01:52:25,607 [ERROR] LogOutputStream:75 - [STDERR_REDIRECT] 
2026-05-05 01:52:26,597 [ERROR] LogOutputStream:75 - [STDERR_REDIRECT] [Fatal Error] :1:1: Premature end of file.
2026-05-05 01:52:26,597 [ERROR] LogOutputStream:75 - [STDERR_REDIRECT] 
2026-05-05 01:52:27,617 [ERROR] LogOutputStream:75 - [STDERR_REDIRECT] [Fatal Error] :1:1: Premature end of file.
2026-05-05 01:52:27,617 [ERROR] LogOutputStream:75 - [STDERR_REDIRECT] 
2026-05-05 01:52:28,613 [ERROR] LogOutputStream:75 - [STDERR_REDIRECT] [Fatal Error] :1:1: Premature end of file.
2026-05-05 01:52:28,613 [ERROR] LogOutputStream:75 - [STDERR_REDIRECT] 
2026-05-05 01:52:29,610 [ERROR] LogOutputStream:75 - [STDERR_REDIRECT] [Fatal Error] :1:1: Premature end of file.
2026-05-05 01:52:29,610 [ERROR] LogOutputStream:75 - [STDERR_REDIRECT] 
2026-05-05 01:52:30,609 [ERROR] LogOutputStream:75 - [STDERR_REDIRECT] [Fatal Error] :1:1: Premature end of file.
2026-05-05 01:52:30,609 [ERROR] LogOutputStream:75 - [STDERR_REDIRECT] 
2026-05-05 01:52:31,598 [ERROR] LogOutputStream:75 - [STDERR_REDIRECT] [Fatal Error] :1:1: Premature end of file.
2026-05-05 01:52:31,598 [ERROR] LogOutputStream:75 - [STDERR_REDIRECT] 
2026-05-05 01:52:32,611 [ERROR] LogOutputStream:75 - [STDERR_REDIRECT] [Fatal Error] :1:1: Premature end of file.
2026-05-05 01:52:32,611 [ERROR] LogOutputStream:75 - [STDERR_REDIRECT] 
2026-05-05 01:52:33,600 [ERROR] LogOutputStream:75 - [STDERR_REDIRECT] [Fatal Error] :1:1: Premature end of file.
2026-05-05 01:52:33,600 [ERROR] LogOutputStream:75 - [STDERR_REDIRECT] 
2026-05-05 01:52:34,598 [ERROR] LogOutputStream:75 - [STDERR_REDIRECT] [Fatal Error] :1:1: Premature end of file.
2026-05-05 01:52:34,598 [ERROR] LogOutputStream:75 - [STDERR_REDIRECT] 
2026-05-05 01:52:35,604 [ERROR] LogOutputStream:75 - [STDERR_REDIRECT] [Fatal Error] :1:1: Premature end of file.
2026-05-05 01:52:35,604 [ERROR] LogOutputStream:75 - [STDERR_REDIRECT] 
2026-05-05 01:52:36,612 [ERROR] LogOutputStream:75 - [STDERR_REDIRECT] [Fatal Error] :1:1: Premature end of file.
2026-05-05 01:52:36,612 [ERROR] LogOutputStream:75 - [STDERR_REDIRECT] 
2026-05-05 01:52:37,608 [ERROR] LogOutputStream:75 - [STDERR_REDIRECT] [Fatal Error] :1:1: Premature end of file.
2026-05-05 01:52:37,609 [ERROR] LogOutputStream:75 - [STDERR_REDIRECT] 
2026-05-05 01:52:38,612 [ERROR] LogOutputStream:75 - [STDERR_REDIRECT] [Fatal Error] :1:1: Premature end of file.
2026-05-05 01:52:38,612 [ERROR] LogOutputStream:75 - [STDERR_REDIRECT] 
2026-05-05 01:52:39,597 [ERROR] LogOutputStream:75 - [STDERR_REDIRECT] [Fatal Error] :1:1: Premature end of file.
2026-05-05 01:52:39,597 [ERROR] LogOutputStream:75 - [STDERR_REDIRECT] 
2026-05-05 01:52:40,603 [ERROR] LogOutputStream:75 - [STDERR_REDIRECT] [Fatal Error] :1:1: Premature end of file.
2026-05-05 01:52:40,603 [ERROR] LogOutputStream:75 - [STDERR_REDIRECT] 
2026-05-05 01:52:41,601 [ERROR] LogOutputStream:75 - [STDERR_REDIRECT] [Fatal Error] :1:1: Premature end of file.
2026-05-05 01:52:41,601 [ERROR] LogOutputStream:75 - [STDERR_REDIRECT] 
2026-05-05 01:52:42,607 [ERROR] LogOutputStream:75 - [STDERR_REDIRECT] [Fatal Error] :1:1: Premature end of file.
2026-05-05 01:52:42,607 [ERROR] LogOutputStream:75 - [STDERR_REDIRECT] 
2026-05-05 01:52:43,606 [ERROR] LogOutputStream:75 - [STDERR_REDIRECT] [Fatal Error] :1:1: Premature end of file.
2026-05-05 01:52:43,606 [ERROR] LogOutputStream:75 - [STDERR_REDIRECT] 
2026-05-05 01:52:44,612 [ERROR] LogOutputStream:75 - [STDERR_REDIRECT] [Fatal Error] :1:1: Premature end of file.
2026-05-05 01:52:44,612 [ERROR] LogOutputStream:75 - [STDERR_REDIRECT] 
2026-05-05 01:52:45,610 [ERROR] LogOutputStream:75 - [STDERR_REDIRECT] [Fatal Error] :1:1: Premature end of file.
2026-05-05 01:52:45,610 [ERROR] LogOutputStream:75 - [STDERR_REDIRECT] 
2026-05-05 01:52:46,609 [ERROR] LogOutputStream:75 - [STDERR_REDIRECT] [Fatal Error] :1:1: Premature end of file.
2026-05-05 01:52:46,609 [ERROR] LogOutputStream:75 - [STDERR_REDIRECT] 
2026-05-05 01:52:47,604 [ERROR] LogOutputStream:75 - [STDERR_REDIRECT] [Fatal Error] :1:1: Premature end of file.
2026-05-05 01:52:47,604 [ERROR] LogOutputStream:75 - [STDERR_REDIRECT] 
2026-05-05 01:52:48,610 [ERROR] LogOutputStream:75 - [STDERR_REDIRECT] [Fatal Error] :1:1: Premature end of file.
2026-05-05 01:52:48,610 [ERROR] LogOutputStream:75 - [STDERR_REDIRECT] 
2026-05-05 01:52:49,611 [ERROR] LogOutputStream:75 - [STDERR_REDIRECT] [Fatal Error] :1:1: Premature end of file.
2026-05-05 01:52:49,611 [ERROR] LogOutputStream:75 - [STDERR_REDIRECT] 
2026-05-05 01:52:50,609 [ERROR] LogOutputStream:75 - [STDERR_REDIRECT] [Fatal Error] :1:1: Premature end of file.
2026-05-05 01:52:50,609 [ERROR] LogOutputStream:75 - [STDERR_REDIRECT] 
2026-05-05 01:52:51,614 [ERROR] LogOutputStream:75 - [STDERR_REDIRECT] [Fatal Error] :1:1: Premature end of file.
2026-05-05 01:52:51,614 [ERROR] LogOutputStream:75 - [STDERR_REDIRECT] 
2026-05-05 01:52:52,605 [ERROR] LogOutputStream:75 - [STDERR_REDIRECT] [Fatal Error] :1:1: Premature end of file.
2026-05-05 01:52:52,605 [ERROR] LogOutputStream:75 - [STDERR_REDIRECT] 
2026-05-05 01:52:53,606 [ERROR] LogOutputStream:75 - [STDERR_REDIRECT] [Fatal Error] :1:1: Premature end of file.
2026-05-05 01:52:53,606 [ERROR] LogOutputStream:75 - [STDERR_REDIRECT] 
2026-05-05 01:52:54,602 [ERROR] LogOutputStream:75 - [STDERR_REDIRECT] [Fatal Error] :1:1: Premature end of file.
2026-05-05 01:52:54,602 [ERROR] LogOutputStream:75 - [STDERR_REDIRECT] 
2026-05-05 01:52:55,604 [ERROR] LogOutputStream:75 - [STDERR_REDIRECT] [Fatal Error] :1:1: Premature end of file.
2026-05-05 01:52:55,604 [ERROR] LogOutputStream:75 - [STDERR_REDIRECT] 
2026-05-05 01:52:56,600 [ERROR] LogOutputStream:75 - [STDERR_REDIRECT] [Fatal Error] :1:1: Premature end of file.
2026-05-05 01:52:56,600 [ERROR] LogOutputStream:75 - [STDERR_REDIRECT] 
2026-05-05 01:52:57,612 [ERROR] LogOutputStream:75 - [STDERR_REDIRECT] [Fatal Error] :1:1: Premature end of file.
2026-05-05 01:52:57,613 [ERROR] LogOutputStream:75 - [STDERR_REDIRECT] 
2026-05-05 01:52:58,609 [ERROR] LogOutputStream:75 - [STDERR_REDIRECT] [Fatal Error] :1:1: Premature end of file.
2026-05-05 01:52:58,609 [ERROR] LogOutputStream:75 - [STDERR_REDIRECT] 
2026-05-05 01:52:59,607 [ERROR] LogOutputStream:75 - [STDERR_REDIRECT] [Fatal Error] :1:1: Premature end of file.
2026-05-05 01:52:59,608 [ERROR] LogOutputStream:75 - [STDERR_REDIRECT] 
2026-05-05 01:53:00,599 [ERROR] LogOutputStream:75 - [STDERR_REDIRECT] [Fatal Error] :1:1: Premature end of file.
2026-05-05 01:53:00,599 [ERROR] LogOutputStream:75 - [STDERR_REDIRECT] 
2026-05-05 01:53:01,598 [ERROR] LogOutputStream:75 - [STDERR_REDIRECT] [Fatal Error] :1:1: Premature end of file.
2026-05-05 01:53:01,598 [ERROR] LogOutputStream:75 - [STDERR_REDIRECT] 
2026-05-05 01:53:02,598 [ERROR] LogOutputStream:75 - [STDERR_REDIRECT] [Fatal Error] :1:1: Premature end of file.
2026-05-05 01:53:02,598 [ERROR] LogOutputStream:75 - [STDERR_REDIRECT] 
2026-05-05 01:53:03,610 [ERROR] LogOutputStream:75 - [STDERR_REDIRECT] [Fatal Error] :1:1: Premature end of file.
2026-05-05 01:53:03,610 [ERROR] LogOutputStream:75 - [STDERR_REDIRECT] 
2026-05-05 01:53:04,609 [ERROR] LogOutputStream:75 - [STDERR_REDIRECT] [Fatal Error] :1:1: Premature end of file.
2026-05-05 01:53:04,609 [ERROR] LogOutputStream:75 - [STDERR_REDIRECT] 
2026-05-05 01:53:05,610 [ERROR] LogOutputStream:75 - [STDERR_REDIRECT] [Fatal Error] :1:1: Premature end of file.
2026-05-05 01:53:05,610 [ERROR] LogOutputStream:75 - [STDERR_REDIRECT] 
2026-05-05 01:53:06,606 [ERROR] LogOutputStream:75 - [STDERR_REDIRECT] [Fatal Error] :1:1: Premature end of file.
2026-05-05 01:53:06,606 [ERROR] LogOutputStream:75 - [STDERR_REDIRECT] 
2026-05-05 01:53:07,603 [ERROR] LogOutputStream:75 - [STDERR_REDIRECT] [Fatal Error] :1:1: Premature end of file.
2026-05-05 01:53:07,603 [ERROR] LogOutputStream:75 - [STDERR_REDIRECT] 
2026-05-05 01:53:08,613 [ERROR] LogOutputStream:75 - [STDERR_REDIRECT] [Fatal Error] :1:1: Premature end of file.
2026-05-05 01:53:08,613 [ERROR] LogOutputStream:75 - [STDERR_REDIRECT] 
2026-05-05 01:53:09,613 [ERROR] LogOutputStream:75 - [STDERR_REDIRECT] [Fatal Error] :1:1: Premature end of file.
2026-05-05 01:53:09,613 [ERROR] LogOutputStream:75 - [STDERR_REDIRECT] 
2026-05-05 01:53:10,613 [ERROR] LogOutputStream:75 - [STDERR_REDIRECT] [Fatal Error] :1:1: Premature end of file.
2026-05-05 01:53:10,613 [ERROR] LogOutputStream:75 - [STDERR_REDIRECT] 
2026-05-05 01:53:11,598 [ERROR] LogOutputStream:75 - [STDERR_REDIRECT] [Fatal Error] :1:1: Premature end of file.
2026-05-05 01:53:11,598 [ERROR] LogOutputStream:75 - [STDERR_REDIRECT] 
2026-05-05 01:53:12,599 [ERROR] LogOutputStream:75 - [STDERR_REDIRECT] [Fatal Error] :1:1: Premature end of file.
2026-05-05 01:53:12,600 [ERROR] LogOutputStream:75 - [STDERR_REDIRECT] 
2026-05-05 01:53:13,612 [ERROR] LogOutputStream:75 - [STDERR_REDIRECT] [Fatal Error] :1:1: Premature end of file.
2026-05-05 01:53:13,612 [ERROR] LogOutputStream:75 - [STDERR_REDIRECT] 
2026-05-05 01:53:14,600 [ERROR] LogOutputStream:75 - [STDERR_REDIRECT] [Fatal Error] :1:1: Premature end of file.
2026-05-05 01:53:14,600 [ERROR] LogOutputStream:75 - [STDERR_REDIRECT] 
2026-05-05 01:53:15,619 [ERROR] LogOutputStream:75 - [STDERR_REDIRECT] [Fatal Error] :1:1: Premature end of file.
2026-05-05 01:53:15,619 [ERROR] LogOutputStream:75 - [STDERR_REDIRECT] 
2026-05-05 01:53:16,604 [ERROR] LogOutputStream:75 - [STDERR_REDIRECT] [Fatal Error] :1:1: Premature end of file.
2026-05-05 01:53:16,604 [ERROR] LogOutputStream:75 - [STDERR_REDIRECT] 
2026-05-05 01:53:17,601 [ERROR] LogOutputStream:75 - [STDERR_REDIRECT] [Fatal Error] :1:1: Premature end of file.
2026-05-05 01:53:17,601 [ERROR] LogOutputStream:75 - [STDERR_REDIRECT] 
2026-05-05 01:53:18,615 [ERROR] LogOutputStream:75 - [STDERR_REDIRECT] [Fatal Error] :1:1: Premature end of file.
2026-05-05 01:53:18,615 [ERROR] LogOutputStream:75 - [STDERR_REDIRECT] 
2026-05-05 01:53:19,614 [ERROR] LogOutputStream:75 - [STDERR_REDIRECT] [Fatal Error] :1:1: Premature end of file.
2026-05-05 01:53:19,614 [ERROR] LogOutputStream:75 - [STDERR_REDIRECT] 
2026-05-05 01:53:20,610 [ERROR] LogOutputStream:75 - [STDERR_REDIRECT] [Fatal Error] :1:1: Premature end of file.
2026-05-05 01:53:20,611 [ERROR] LogOutputStream:75 - [STDERR_REDIRECT] 
2026-05-05 01:53:21,612 [ERROR] LogOutputStream:75 - [STDERR_REDIRECT] [Fatal Error] :1:1: Premature end of file.
2026-05-05 01:53:21,612 [ERROR] LogOutputStream:75 - [STDERR_REDIRECT] 
2026-05-05 01:53:22,613 [ERROR] LogOutputStream:75 - [STDERR_REDIRECT] [Fatal Error] :1:1: Premature end of file.
2026-05-05 01:53:22,613 [ERROR] LogOutputStream:75 - [STDERR_REDIRECT] 
2026-05-05 01:53:23,615 [ERROR] LogOutputStream:75 - [STDERR_REDIRECT] [Fatal Error] :1:1: Premature end of file.
2026-05-05 01:53:23,615 [ERROR] LogOutputStream:75 - [STDERR_REDIRECT] 
2026-05-05 01:53:24,611 [ERROR] LogOutputStream:75 - [STDERR_REDIRECT] [Fatal Error] :1:1: Premature end of file.
2026-05-05 01:53:24,611 [ERROR] LogOutputStream:75 - [STDERR_REDIRECT] 
2026-05-05 01:53:25,611 [ERROR] LogOutputStream:75 - [STDERR_REDIRECT] [Fatal Error] :1:1: Premature end of file.
2026-05-05 01:53:25,611 [ERROR] LogOutputStream:75 - [STDERR_REDIRECT] 
2026-05-05 01:53:26,596 [ERROR] LogOutputStream:75 - [STDERR_REDIRECT] [Fatal Error] :1:1: Premature end of file.
2026-05-05 01:53:26,596 [ERROR] LogOutputStream:75 - [STDERR_REDIRECT] 
2026-05-05 01:53:27,606 [ERROR] LogOutputStream:75 - [STDERR_REDIRECT] [Fatal Error] :1:1: Premature end of file.
2026-05-05 01:53:27,606 [ERROR] LogOutputStream:75 - [STDERR_REDIRECT] 
2026-05-05 01:53:28,606 [ERROR] LogOutputStream:75 - [STDERR_REDIRECT] [Fatal Error] :1:1: Premature end of file.
2026-05-05 01:53:28,606 [ERROR] LogOutputStream:75 - [STDERR_REDIRECT] 
2026-05-05 01:53:29,607 [ERROR] LogOutputStream:75 - [STDERR_REDIRECT] [Fatal Error] :1:1: Premature end of file.
2026-05-05 01:53:29,607 [ERROR] LogOutputStream:75 - [STDERR_REDIRECT] 
2026-05-05 01:53:30,606 [ERROR] LogOutputStream:75 - [STDERR_REDIRECT] [Fatal Error] :1:1: Premature end of file.
2026-05-05 01:53:30,606 [ERROR] LogOutputStream:75 - [STDERR_REDIRECT] 
2026-05-05 01:53:31,603 [ERROR] LogOutputStream:75 - [STDERR_REDIRECT] [Fatal Error] :1:1: Premature end of file.
2026-05-05 01:53:31,603 [ERROR] LogOutputStream:75 - [STDERR_REDIRECT] 
2026-05-05 01:53:32,617 [ERROR] LogOutputStream:75 - [STDERR_REDIRECT] [Fatal Error] :1:1: Premature end of file.
2026-05-05 01:53:32,618 [ERROR] LogOutputStream:75 - [STDERR_REDIRECT] 
2026-05-05 01:53:33,612 [ERROR] LogOutputStream:75 - [STDERR_REDIRECT] [Fatal Error] :1:1: Premature end of file.
2026-05-05 01:53:33,612 [ERROR] LogOutputStream:75 - [STDERR_REDIRECT] 
2026-05-05 01:53:34,605 [ERROR] LogOutputStream:75 - [STDERR_REDIRECT] [Fatal Error] :1:1: Premature end of file.
2026-05-05 01:53:34,605 [ERROR] LogOutputStream:75 - [STDERR_REDIRECT] 
2026-05-05 01:53:35,606 [ERROR] LogOutputStream:75 - [STDERR_REDIRECT] [Fatal Error] :1:1: Premature end of file.
2026-05-05 01:53:35,607 [ERROR] LogOutputStream:75 - [STDERR_REDIRECT] 
2026-05-05 01:53:36,602 [ERROR] LogOutputStream:75 - [STDERR_REDIRECT] [Fatal Error] :1:1: Premature end of file.
2026-05-05 01:53:36,602 [ERROR] LogOutputStream:75 - [STDERR_REDIRECT] 
2026-05-05 01:53:37,619 [ERROR] LogOutputStream:75 - [STDERR_REDIRECT] [Fatal Error] :1:1: Premature end of file.
2026-05-05 01:53:37,619 [ERROR] LogOutputStream:75 - [STDERR_REDIRECT] 
2026-05-05 01:53:38,601 [ERROR] LogOutputStream:75 - [STDERR_REDIRECT] [Fatal Error] :1:1: Premature end of file.
2026-05-05 01:53:38,601 [ERROR] LogOutputStream:75 - [STDERR_REDIRECT] 
2026-05-05 01:53:39,614 [ERROR] LogOutputStream:75 - [STDERR_REDIRECT] [Fatal Error] :1:1: Premature end of file.
2026-05-05 01:53:39,614 [ERROR] LogOutputStream:75 - [STDERR_REDIRECT] 
2026-05-05 01:53:40,610 [ERROR] LogOutputStream:75 - [STDERR_REDIRECT] [Fatal Error] :1:1: Premature end of file.
2026-05-05 01:53:40,610 [ERROR] LogOutputStream:75 - [STDERR_REDIRECT] 
2026-05-05 01:53:41,608 [ERROR] LogOutputStream:75 - [STDERR_REDIRECT] [Fatal Error] :1:1: Premature end of file.
2026-05-05 01:53:41,608 [ERROR] LogOutputStream:75 - [STDERR_REDIRECT] 
2026-05-05 01:53:42,603 [ERROR] LogOutputStream:75 - [STDERR_REDIRECT] [Fatal Error] :1:1: Premature end of file.
2026-05-05 01:53:42,603 [ERROR] LogOutputStream:75 - [STDERR_REDIRECT] 
2026-05-05 01:53:43,601 [ERROR] LogOutputStream:75 - [STDERR_REDIRECT] [Fatal Error] :1:1: Premature end of file.
2026-05-05 01:53:43,601 [ERROR] LogOutputStream:75 - [STDERR_REDIRECT] 
2026-05-05 01:53:44,601 [ERROR] LogOutputStream:75 - [STDERR_REDIRECT] [Fatal Error] :1:1: Premature end of file.
2026-05-05 01:53:44,601 [ERROR] LogOutputStream:75 - [STDERR_REDIRECT] 
2026-05-05 01:53:45,608 [ERROR] LogOutputStream:75 - [STDERR_REDIRECT] [Fatal Error] :1:1: Premature end of file.
2026-05-05 01:53:45,608 [ERROR] LogOutputStream:75 - [STDERR_REDIRECT] 
2026-05-05 01:53:46,601 [ERROR] LogOutputStream:75 - [STDERR_REDIRECT] [Fatal Error] :1:1: Premature end of file.
2026-05-05 01:53:46,601 [ERROR] LogOutputStream:75 - [STDERR_REDIRECT] 
2026-05-05 01:53:47,611 [ERROR] LogOutputStream:75 - [STDERR_REDIRECT] [Fatal Error] :1:1: Premature end of file.
2026-05-05 01:53:47,611 [ERROR] LogOutputStream:75 - [STDERR_REDIRECT] 
2026-05-05 01:53:48,599 [ERROR] LogOutputStream:75 - [STDERR_REDIRECT] [Fatal Error] :1:1: Premature end of file.
2026-05-05 01:53:48,599 [ERROR] LogOutputStream:75 - [STDERR_REDIRECT] 
2026-05-05 01:53:49,609 [ERROR] LogOutputStream:75 - [STDERR_REDIRECT] [Fatal Error] :1:1: Premature end of file.
2026-05-05 01:53:49,609 [ERROR] LogOutputStream:75 - [STDERR_REDIRECT] 
2026-05-05 01:53:50,602 [ERROR] LogOutputStream:75 - [STDERR_REDIRECT] [Fatal Error] :1:1: Premature end of file.
2026-05-05 01:53:50,602 [ERROR] LogOutputStream:75 - [STDERR_REDIRECT] 
2026-05-05 01:53:51,604 [ERROR] LogOutputStream:75 - [STDERR_REDIRECT] [Fatal Error] :1:1: Premature end of file.
2026-05-05 01:53:51,604 [ERROR] LogOutputStream:75 - [STDERR_REDIRECT] 
2026-05-05 01:53:52,599 [ERROR] LogOutputStream:75 - [STDERR_REDIRECT] [Fatal Error] :1:1: Premature end of file.
2026-05-05 01:53:52,599 [ERROR] LogOutputStream:75 - [STDERR_REDIRECT] 
2026-05-05 01:53:53,599 [ERROR] LogOutputStream:75 - [STDERR_REDIRECT] [Fatal Error] :1:1: Premature end of file.
2026-05-05 01:53:53,599 [ERROR] LogOutputStream:75 - [STDERR_REDIRECT] 
2026-05-05 01:53:54,610 [ERROR] LogOutputStream:75 - [STDERR_REDIRECT] [Fatal Error] :1:1: Premature end of file.
2026-05-05 01:53:54,610 [ERROR] LogOutputStream:75 - [STDERR_REDIRECT] 
2026-05-05 01:53:55,613 [ERROR] LogOutputStream:75 - [STDERR_REDIRECT] [Fatal Error] :1:1: Premature end of file.
2026-05-05 01:53:55,613 [ERROR] LogOutputStream:75 - [STDERR_REDIRECT] 
2026-05-05 01:53:56,602 [ERROR] LogOutputStream:75 - [STDERR_REDIRECT] [Fatal Error] :1:1: Premature end of file.
2026-05-05 01:53:56,602 [ERROR] LogOutputStream:75 - [STDERR_REDIRECT] 
2026-05-05 01:53:57,600 [ERROR] LogOutputStream:75 - [STDERR_REDIRECT] [Fatal Error] :1:1: Premature end of file.
2026-05-05 01:53:57,600 [ERROR] LogOutputStream:75 - [STDERR_REDIRECT] 
2026-05-05 01:53:58,606 [ERROR] LogOutputStream:75 - [STDERR_REDIRECT] [Fatal Error] :1:1: Premature end of file.
2026-05-05 01:53:58,607 [ERROR] LogOutputStream:75 - [STDERR_REDIRECT] 
2026-05-05 01:53:59,602 [ERROR] LogOutputStream:75 - [STDERR_REDIRECT] [Fatal Error] :1:1: Premature end of file.
2026-05-05 01:53:59,602 [ERROR] LogOutputStream:75 - [STDERR_REDIRECT] 
2026-05-05 01:54:00,612 [ERROR] LogOutputStream:75 - [STDERR_REDIRECT] [Fatal Error] :1:1: Premature end of file.
2026-05-05 01:54:00,612 [ERROR] LogOutputStream:75 - [STDERR_REDIRECT] 
2026-05-05 01:54:01,609 [ERROR] LogOutputStream:75 - [STDERR_REDIRECT] [Fatal Error] :1:1: Premature end of file.
2026-05-05 01:54:01,610 [ERROR] LogOutputStream:75 - [STDERR_REDIRECT] 
2026-05-05 01:54:02,607 [ERROR] LogOutputStream:75 - [STDERR_REDIRECT] [Fatal Error] :1:1: Premature end of file.
2026-05-05 01:54:02,607 [ERROR] LogOutputStream:75 - [STDERR_REDIRECT] 
2026-05-05 01:54:03,604 [ERROR] LogOutputStream:75 - [STDERR_REDIRECT] [Fatal Error] :1:1: Premature end of file.
2026-05-05 01:54:03,604 [ERROR] LogOutputStream:75 - [STDERR_REDIRECT] 
2026-05-05 01:54:04,620 [ERROR] LogOutputStream:75 - [STDERR_REDIRECT] [Fatal Error] :1:1: Premature end of file.
2026-05-05 01:54:04,620 [ERROR] LogOutputStream:75 - [STDERR_REDIRECT] 
2026-05-05 01:54:05,602 [ERROR] LogOutputStream:75 - [STDERR_REDIRECT] [Fatal Error] :1:1: Premature end of file.
2026-05-05 01:54:05,602 [ERROR] LogOutputStream:75 - [STDERR_REDIRECT] 
2026-05-05 01:54:06,607 [ERROR] LogOutputStream:75 - [STDERR_REDIRECT] [Fatal Error] :1:1: Premature end of file.
2026-05-05 01:54:06,607 [ERROR] LogOutputStream:75 - [STDERR_REDIRECT] 
2026-05-05 01:54:07,613 [ERROR] LogOutputStream:75 - [STDERR_REDIRECT] [Fatal Error] :1:1: Premature end of file.
2026-05-05 01:54:07,613 [ERROR] LogOutputStream:75 - [STDERR_REDIRECT] 
2026-05-05 01:54:08,610 [ERROR] LogOutputStream:75 - [STDERR_REDIRECT] [Fatal Error] :1:1: Premature end of file.
2026-05-05 01:54:08,610 [ERROR] LogOutputStream:75 - [STDERR_REDIRECT] 
2026-05-05 01:54:09,597 [ERROR] LogOutputStream:75 - [STDERR_REDIRECT] [Fatal Error] :1:1: Premature end of file.
2026-05-05 01:54:09,597 [ERROR] LogOutputStream:75 - [STDERR_REDIRECT] 
2026-05-05 01:54:10,614 [ERROR] LogOutputStream:75 - [STDERR_REDIRECT] [Fatal Error] :1:1: Premature end of file.
2026-05-05 01:54:10,614 [ERROR] LogOutputStream:75 - [STDERR_REDIRECT] 
2026-05-05 01:54:11,613 [ERROR] LogOutputStream:75 - [STDERR_REDIRECT] [Fatal Error] :1:1: Premature end of file.
2026-05-05 01:54:11,613 [ERROR] LogOutputStream:75 - [STDERR_REDIRECT] 
2026-05-05 01:54:12,612 [ERROR] LogOutputStream:75 - [STDERR_REDIRECT] [Fatal Error] :1:1: Premature end of file.
2026-05-05 01:54:12,612 [ERROR] LogOutputStream:75 - [STDERR_REDIRECT] 
2026-05-05 01:54:13,604 [ERROR] LogOutputStream:75 - [STDERR_REDIRECT] [Fatal Error] :1:1: Premature end of file.
2026-05-05 01:54:13,605 [ERROR] LogOutputStream:75 - [STDERR_REDIRECT] 
2026-05-05 01:54:14,600 [ERROR] LogOutputStream:75 - [STDERR_REDIRECT] [Fatal Error] :1:1: Premature end of file.
2026-05-05 01:54:14,600 [ERROR] LogOutputStream:75 - [STDERR_REDIRECT] 
2026-05-05 01:54:15,610 [ERROR] LogOutputStream:75 - [STDERR_REDIRECT] [Fatal Error] :1:1: Premature end of file.
2026-05-05 01:54:15,610 [ERROR] LogOutputStream:75 - [STDERR_REDIRECT] 
2026-05-05 01:54:16,620 [ERROR] LogOutputStream:75 - [STDERR_REDIRECT] [Fatal Error] :1:1: Premature end of file.
2026-05-05 01:54:16,620 [ERROR] LogOutputStream:75 - [STDERR_REDIRECT] 
2026-05-05 01:54:17,601 [ERROR] LogOutputStream:75 - [STDERR_REDIRECT] [Fatal Error] :1:1: Premature end of file.
2026-05-05 01:54:17,601 [ERROR] LogOutputStream:75 - [STDERR_REDIRECT] 
2026-05-05 01:54:18,598 [ERROR] LogOutputStream:75 - [STDERR_REDIRECT] [Fatal Error] :1:1: Premature end of file.
2026-05-05 01:54:18,599 [ERROR] LogOutputStream:75 - [STDERR_REDIRECT] 
2026-05-05 01:54:19,613 [ERROR] LogOutputStream:75 - [STDERR_REDIRECT] [Fatal Error] :1:1: Premature end of file.
2026-05-05 01:54:19,613 [ERROR] LogOutputStream:75 - [STDERR_REDIRECT] 
2026-05-05 01:54:20,608 [ERROR] LogOutputStream:75 - [STDERR_REDIRECT] [Fatal Error] :1:1: Premature end of file.
2026-05-05 01:54:20,608 [ERROR] LogOutputStream:75 - [STDERR_REDIRECT] 
2026-05-05 01:54:21,610 [ERROR] LogOutputStream:75 - [STDERR_REDIRECT] [Fatal Error] :1:1: Premature end of file.
2026-05-05 01:54:21,610 [ERROR] LogOutputStream:75 - [STDERR_REDIRECT] 
2026-05-05 01:54:22,605 [ERROR] LogOutputStream:75 - [STDERR_REDIRECT] [Fatal Error] :1:1: Premature end of file.
2026-05-05 01:54:22,605 [ERROR] LogOutputStream:75 - [STDERR_REDIRECT] 
2026-05-05 01:54:23,600 [ERROR] LogOutputStream:75 - [STDERR_REDIRECT] [Fatal Error] :1:1: Premature end of file.
2026-05-05 01:54:23,600 [ERROR] LogOutputStream:75 - [STDERR_REDIRECT] 
2026-05-05 01:54:24,613 [ERROR] LogOutputStream:75 - [STDERR_REDIRECT] [Fatal Error] :1:1: Premature end of file.
2026-05-05 01:54:24,613 [ERROR] LogOutputStream:75 - [STDERR_REDIRECT] 
2026-05-05 01:54:25,596 [ERROR] LogOutputStream:75 - [STDERR_REDIRECT] [Fatal Error] :1:1: Premature end of file.
2026-05-05 01:54:25,596 [ERROR] LogOutputStream:75 - [STDERR_REDIRECT] 
2026-05-05 01:54:26,599 [ERROR] LogOutputStream:75 - [STDERR_REDIRECT] [Fatal Error] :1:1: Premature end of file.
2026-05-05 01:54:26,599 [ERROR] LogOutputStream:75 - [STDERR_REDIRECT] 
2026-05-05 01:54:27,609 [ERROR] LogOutputStream:75 - [STDERR_REDIRECT] [Fatal Error] :1:1: Premature end of file.
2026-05-05 01:54:27,610 [ERROR] LogOutputStream:75 - [STDERR_REDIRECT] 
2026-05-05 01:54:28,609 [ERROR] LogOutputStream:75 - [STDERR_REDIRECT] [Fatal Error] :1:1: Premature end of file.
2026-05-05 01:54:28,609 [ERROR] LogOutputStream:75 - [STDERR_REDIRECT] 
2026-05-05 01:54:29,599 [ERROR] LogOutputStream:75 - [STDERR_REDIRECT] [Fatal Error] :1:1: Premature end of file.
2026-05-05 01:54:29,599 [ERROR] LogOutputStream:75 - [STDERR_REDIRECT] 
2026-05-05 01:54:30,599 [ERROR] LogOutputStream:75 - [STDERR_REDIRECT] [Fatal Error] :1:1: Premature end of file.
2026-05-05 01:54:30,599 [ERROR] LogOutputStream:75 - [STDERR_REDIRECT] 
2026-05-05 01:54:31,613 [ERROR] LogOutputStream:75 - [STDERR_REDIRECT] [Fatal Error] :1:1: Premature end of file.
2026-05-05 01:54:31,613 [ERROR] LogOutputStream:75 - [STDERR_REDIRECT] 
2026-05-05 01:54:32,597 [ERROR] LogOutputStream:75 - [STDERR_REDIRECT] [Fatal Error] :1:1: Premature end of file.
2026-05-05 01:54:32,597 [ERROR] LogOutputStream:75 - [STDERR_REDIRECT] 
2026-05-05 01:54:33,616 [ERROR] LogOutputStream:75 - [STDERR_REDIRECT] [Fatal Error] :1:1: Premature end of file.
2026-05-05 01:54:33,616 [ERROR] LogOutputStream:75 - [STDERR_REDIRECT] 
2026-05-05 01:54:34,607 [ERROR] LogOutputStream:75 - [STDERR_REDIRECT] [Fatal Error] :1:1: Premature end of file.
2026-05-05 01:54:34,607 [ERROR] LogOutputStream:75 - [STDERR_REDIRECT] 
2026-05-05 01:54:35,608 [ERROR] LogOutputStream:75 - [STDERR_REDIRECT] [Fatal Error] :1:1: Premature end of file.
2026-05-05 01:54:35,608 [ERROR] LogOutputStream:75 - [STDERR_REDIRECT] 
2026-05-05 01:54:36,608 [ERROR] LogOutputStream:75 - [STDERR_REDIRECT] [Fatal Error] :1:1: Premature end of file.
2026-05-05 01:54:36,608 [ERROR] LogOutputStream:75 - [STDERR_REDIRECT] 
2026-05-05 01:54:37,611 [ERROR] LogOutputStream:75 - [STDERR_REDIRECT] [Fatal Error] :1:1: Premature end of file.
2026-05-05 01:54:37,611 [ERROR] LogOutputStream:75 - [STDERR_REDIRECT] 
2026-05-05 01:54:38,608 [ERROR] LogOutputStream:75 - [STDERR_REDIRECT] [Fatal Error] :1:1: Premature end of file.
2026-05-05 01:54:38,609 [ERROR] LogOutputStream:75 - [STDERR_REDIRECT] 
2026-05-05 01:54:39,606 [ERROR] LogOutputStream:75 - [STDERR_REDIRECT] [Fatal Error] :1:1: Premature end of file.
2026-05-05 01:54:39,606 [ERROR] LogOutputStream:75 - [STDERR_REDIRECT] 
2026-05-05 01:54:40,604 [ERROR] LogOutputStream:75 - [STDERR_REDIRECT] [Fatal Error] :1:1: Premature end of file.
2026-05-05 01:54:40,604 [ERROR] LogOutputStream:75 - [STDERR_REDIRECT] 
2026-05-05 01:54:41,603 [ERROR] LogOutputStream:75 - [STDERR_REDIRECT] [Fatal Error] :1:1: Premature end of file.
2026-05-05 01:54:41,603 [ERROR] LogOutputStream:75 - [STDERR_REDIRECT] 
2026-05-05 01:54:42,603 [ERROR] LogOutputStream:75 - [STDERR_REDIRECT] [Fatal Error] :1:1: Premature end of file.
2026-05-05 01:54:42,603 [ERROR] LogOutputStream:75 - [STDERR_REDIRECT] 
2026-05-05 01:54:43,602 [ERROR] LogOutputStream:75 - [STDERR_REDIRECT] [Fatal Error] :1:1: Premature end of file.
2026-05-05 01:54:43,602 [ERROR] LogOutputStream:75 - [STDERR_REDIRECT] 
2026-05-05 01:54:44,599 [ERROR] LogOutputStream:75 - [STDERR_REDIRECT] [Fatal Error] :1:1: Premature end of file.
2026-05-05 01:54:44,600 [ERROR] LogOutputStream:75 - [STDERR_REDIRECT] 
2026-05-05 01:54:45,616 [ERROR] LogOutputStream:75 - [STDERR_REDIRECT] [Fatal Error] :1:1: Premature end of file.
2026-05-05 01:54:45,616 [ERROR] LogOutputStream:75 - [STDERR_REDIRECT] 
2026-05-05 01:54:46,597 [ERROR] LogOutputStream:75 - [STDERR_REDIRECT] [Fatal Error] :1:1: Premature end of file.
2026-05-05 01:54:46,597 [ERROR] LogOutputStream:75 - [STDERR_REDIRECT] 
2026-05-05 01:54:47,612 [ERROR] LogOutputStream:75 - [STDERR_REDIRECT] [Fatal Error] :1:1: Premature end of file.
2026-05-05 01:54:47,612 [ERROR] LogOutputStream:75 - [STDERR_REDIRECT] 
2026-05-05 01:54:48,611 [ERROR] LogOutputStream:75 - [STDERR_REDIRECT] [Fatal Error] :1:1: Premature end of file.
2026-05-05 01:54:48,611 [ERROR] LogOutputStream:75 - [STDERR_REDIRECT] 
2026-05-05 01:54:49,607 [ERROR] LogOutputStream:75 - [STDERR_REDIRECT] [Fatal Error] :1:1: Premature end of file.
2026-05-05 01:54:49,607 [ERROR] LogOutputStream:75 - [STDERR_REDIRECT] 
2026-05-05 01:54:50,605 [ERROR] LogOutputStream:75 - [STDERR_REDIRECT] [Fatal Error] :1:1: Premature end of file.
2026-05-05 01:54:50,605 [ERROR] LogOutputStream:75 - [STDERR_REDIRECT] 
2026-05-05 01:54:51,606 [ERROR] LogOutputStream:75 - [STDERR_REDIRECT] [Fatal Error] :1:1: Premature end of file.
2026-05-05 01:54:51,607 [ERROR] LogOutputStream:75 - [STDERR_REDIRECT] 
2026-05-05 01:54:52,602 [ERROR] LogOutputStream:75 - [STDERR_REDIRECT] [Fatal Error] :1:1: Premature end of file.
2026-05-05 01:54:52,602 [ERROR] LogOutputStream:75 - [STDERR_REDIRECT] 
2026-05-05 01:54:53,601 [ERROR] LogOutputStream:75 - [STDERR_REDIRECT] [Fatal Error] :1:1: Premature end of file.
2026-05-05 01:54:53,601 [ERROR] LogOutputStream:75 - [STDERR_REDIRECT] 
2026-05-05 01:54:54,599 [ERROR] LogOutputStream:75 - [STDERR_REDIRECT] [Fatal Error] :1:1: Premature end of file.
2026-05-05 01:54:54,599 [ERROR] LogOutputStream:75 - [STDERR_REDIRECT] 
2026-05-05 01:54:55,613 [ERROR] LogOutputStream:75 - [STDERR_REDIRECT] [Fatal Error] :1:1: Premature end of file.
2026-05-05 01:54:55,613 [ERROR] LogOutputStream:75 - [STDERR_REDIRECT] 
2026-05-05 01:54:56,607 [ERROR] LogOutputStream:75 - [STDERR_REDIRECT] [Fatal Error] :1:1: Premature end of file.
2026-05-05 01:54:56,607 [ERROR] LogOutputStream:75 - [STDERR_REDIRECT] 
2026-05-05 01:54:57,608 [ERROR] LogOutputStream:75 - [STDERR_REDIRECT] [Fatal Error] :1:1: Premature end of file.
2026-05-05 01:54:57,608 [ERROR] LogOutputStream:75 - [STDERR_REDIRECT] 
2026-05-05 01:54:58,601 [ERROR] LogOutputStream:75 - [STDERR_REDIRECT] [Fatal Error] :1:1: Premature end of file.
2026-05-05 01:54:58,601 [ERROR] LogOutputStream:75 - [STDERR_REDIRECT] 
2026-05-05 01:54:59,603 [ERROR] LogOutputStream:75 - [STDERR_REDIRECT] [Fatal Error] :1:1: Premature end of file.
2026-05-05 01:54:59,603 [ERROR] LogOutputStream:75 - [STDERR_REDIRECT] 
2026-05-05 01:55:00,610 [ERROR] LogOutputStream:75 - [STDERR_REDIRECT] [Fatal Error] :1:1: Premature end of file.
2026-05-05 01:55:00,610 [ERROR] LogOutputStream:75 - [STDERR_REDIRECT] 
2026-05-05 01:55:01,606 [ERROR] LogOutputStream:75 - [STDERR_REDIRECT] [Fatal Error] :1:1: Premature end of file.
2026-05-05 01:55:01,607 [ERROR] LogOutputStream:75 - [STDERR_REDIRECT] 
2026-05-05 01:55:02,603 [ERROR] LogOutputStream:75 - [STDERR_REDIRECT] [Fatal Error] :1:1: Premature end of file.
2026-05-05 01:55:02,604 [ERROR] LogOutputStream:75 - [STDERR_REDIRECT] 
2026-05-05 01:55:03,599 [ERROR] LogOutputStream:75 - [STDERR_REDIRECT] [Fatal Error] :1:1: Premature end of file.
2026-05-05 01:55:03,600 [ERROR] LogOutputStream:75 - [STDERR_REDIRECT] 
2026-05-05 01:55:04,614 [ERROR] LogOutputStream:75 - [STDERR_REDIRECT] [Fatal Error] :1:1: Premature end of file.
2026-05-05 01:55:04,614 [ERROR] LogOutputStream:75 - [STDERR_REDIRECT] 
2026-05-05 01:55:05,613 [ERROR] LogOutputStream:75 - [STDERR_REDIRECT] [Fatal Error] :1:1: Premature end of file.
2026-05-05 01:55:05,613 [ERROR] LogOutputStream:75 - [STDERR_REDIRECT] 
2026-05-05 01:55:06,613 [ERROR] LogOutputStream:75 - [STDERR_REDIRECT] [Fatal Error] :1:1: Premature end of file.
2026-05-05 01:55:06,613 [ERROR] LogOutputStream:75 - [STDERR_REDIRECT] 
2026-05-05 01:55:07,608 [ERROR] LogOutputStream:75 - [STDERR_REDIRECT] [Fatal Error] :1:1: Premature end of file.
2026-05-05 01:55:07,608 [ERROR] LogOutputStream:75 - [STDERR_REDIRECT] 
2026-05-05 01:55:08,597 [ERROR] LogOutputStream:75 - [STDERR_REDIRECT] [Fatal Error] :1:1: Premature end of file.
2026-05-05 01:55:08,597 [ERROR] LogOutputStream:75 - [STDERR_REDIRECT] 
2026-05-05 01:55:09,611 [ERROR] LogOutputStream:75 - [STDERR_REDIRECT] [Fatal Error] :1:1: Premature end of file.
2026-05-05 01:55:09,611 [ERROR] LogOutputStream:75 - [STDERR_REDIRECT] 
2026-05-05 01:55:10,605 [ERROR] LogOutputStream:75 - [STDERR_REDIRECT] [Fatal Error] :1:1: Premature end of file.
2026-05-05 01:55:10,605 [ERROR] LogOutputStream:75 - [STDERR_REDIRECT] 
2026-05-05 01:55:11,602 [ERROR] LogOutputStream:75 - [STDERR_REDIRECT] [Fatal Error] :1:1: Premature end of file.
2026-05-05 01:55:11,602 [ERROR] LogOutputStream:75 - [STDERR_REDIRECT] 
2026-05-05 01:55:12,614 [ERROR] LogOutputStream:75 - [STDERR_REDIRECT] [Fatal Error] :1:1: Premature end of file.
2026-05-05 01:55:12,614 [ERROR] LogOutputStream:75 - [STDERR_REDIRECT] 
2026-05-05 01:55:13,612 [ERROR] LogOutputStream:75 - [STDERR_REDIRECT] [Fatal Error] :1:1: Premature end of file.
2026-05-05 01:55:13,612 [ERROR] LogOutputStream:75 - [STDERR_REDIRECT] 
2026-05-05 01:55:14,615 [ERROR] LogOutputStream:75 - [STDERR_REDIRECT] [Fatal Error] :1:1: Premature end of file.
2026-05-05 01:55:14,615 [ERROR] LogOutputStream:75 - [STDERR_REDIRECT] 
2026-05-05 01:55:15,610 [ERROR] LogOutputStream:75 - [STDERR_REDIRECT] [Fatal Error] :1:1: Premature end of file.
2026-05-05 01:55:15,610 [ERROR] LogOutputStream:75 - [STDERR_REDIRECT] 
2026-05-05 01:55:16,607 [ERROR] LogOutputStream:75 - [STDERR_REDIRECT] [Fatal Error] :1:1: Premature end of file.
2026-05-05 01:55:16,607 [ERROR] LogOutputStream:75 - [STDERR_REDIRECT] 
2026-05-05 01:55:17,611 [ERROR] LogOutputStream:75 - [STDERR_REDIRECT] [Fatal Error] :1:1: Premature end of file.
2026-05-05 01:55:17,611 [ERROR] LogOutputStream:75 - [STDERR_REDIRECT] 
2026-05-05 01:55:18,612 [ERROR] LogOutputStream:75 - [STDERR_REDIRECT] [Fatal Error] :1:1: Premature end of file.
2026-05-05 01:55:18,612 [ERROR] LogOutputStream:75 - [STDERR_REDIRECT] 
2026-05-05 01:55:19,613 [ERROR] LogOutputStream:75 - [STDERR_REDIRECT] [Fatal Error] :1:1: Premature end of file.
2026-05-05 01:55:19,613 [ERROR] LogOutputStream:75 - [STDERR_REDIRECT] 
2026-05-05 01:55:20,605 [ERROR] LogOutputStream:75 - [STDERR_REDIRECT] [Fatal Error] :1:1: Premature end of file.
2026-05-05 01:55:20,605 [ERROR] LogOutputStream:75 - [STDERR_REDIRECT] 
2026-05-05 01:55:21,609 [ERROR] LogOutputStream:75 - [STDERR_REDIRECT] [Fatal Error] :1:1: Premature end of file.
2026-05-05 01:55:21,609 [ERROR] LogOutputStream:75 - [STDERR_REDIRECT] 
2026-05-05 01:55:22,607 [ERROR] LogOutputStream:75 - [STDERR_REDIRECT] [Fatal Error] :1:1: Premature end of file.
2026-05-05 01:55:22,607 [ERROR] LogOutputStream:75 - [STDERR_REDIRECT] 
2026-05-05 01:55:23,606 [ERROR] LogOutputStream:75 - [STDERR_REDIRECT] [Fatal Error] :1:1: Premature end of file.
2026-05-05 01:55:23,606 [ERROR] LogOutputStream:75 - [STDERR_REDIRECT] 
2026-05-05 01:55:24,603 [ERROR] LogOutputStream:75 - [STDERR_REDIRECT] [Fatal Error] :1:1: Premature end of file.
2026-05-05 01:55:24,603 [ERROR] LogOutputStream:75 - [STDERR_REDIRECT] 
2026-05-05 01:55:25,602 [ERROR] LogOutputStream:75 - [STDERR_REDIRECT] [Fatal Error] :1:1: Premature end of file.
2026-05-05 01:55:25,602 [ERROR] LogOutputStream:75 - [STDERR_REDIRECT] 
2026-05-05 01:55:26,599 [ERROR] LogOutputStream:75 - [STDERR_REDIRECT] [Fatal Error] :1:1: Premature end of file.
2026-05-05 01:55:26,600 [ERROR] LogOutputStream:75 - [STDERR_REDIRECT] 
2026-05-05 01:55:27,613 [ERROR] LogOutputStream:75 - [STDERR_REDIRECT] [Fatal Error] :1:1: Premature end of file.
2026-05-05 01:55:27,613 [ERROR] LogOutputStream:75 - [STDERR_REDIRECT] 
2026-05-05 01:55:28,609 [ERROR] LogOutputStream:75 - [STDERR_REDIRECT] [Fatal Error] :1:1: Premature end of file.
2026-05-05 01:55:28,609 [ERROR] LogOutputStream:75 - [STDERR_REDIRECT] 
2026-05-05 01:55:29,607 [ERROR] LogOutputStream:75 - [STDERR_REDIRECT] [Fatal Error] :1:1: Premature end of file.
2026-05-05 01:55:29,608 [ERROR] LogOutputStream:75 - [STDERR_REDIRECT] 
2026-05-05 01:55:30,601 [ERROR] LogOutputStream:75 - [STDERR_REDIRECT] [Fatal Error] :1:1: Premature end of file.
2026-05-05 01:55:30,601 [ERROR] LogOutputStream:75 - [STDERR_REDIRECT] 
2026-05-05 01:55:31,613 [ERROR] LogOutputStream:75 - [STDERR_REDIRECT] [Fatal Error] :1:1: Premature end of file.
2026-05-05 01:55:31,613 [ERROR] LogOutputStream:75 - [STDERR_REDIRECT] 
2026-05-05 01:55:32,605 [ERROR] LogOutputStream:75 - [STDERR_REDIRECT] [Fatal Error] :1:1: Premature end of file.
2026-05-05 01:55:32,605 [ERROR] LogOutputStream:75 - [STDERR_REDIRECT] 
2026-05-05 01:55:33,603 [ERROR] LogOutputStream:75 - [STDERR_REDIRECT] [Fatal Error] :1:1: Premature end of file.
2026-05-05 01:55:33,603 [ERROR] LogOutputStream:75 - [STDERR_REDIRECT] 
2026-05-05 01:55:34,612 [ERROR] LogOutputStream:75 - [STDERR_REDIRECT] [Fatal Error] :1:1: Premature end of file.
2026-05-05 01:55:34,612 [ERROR] LogOutputStream:75 - [STDERR_REDIRECT] 
2026-05-05 01:55:35,613 [ERROR] LogOutputStream:75 - [STDERR_REDIRECT] [Fatal Error] :1:1: Premature end of file.
2026-05-05 01:55:35,613 [ERROR] LogOutputStream:75 - [STDERR_REDIRECT] 
2026-05-05 01:55:36,611 [ERROR] LogOutputStream:75 - [STDERR_REDIRECT] [Fatal Error] :1:1: Premature end of file.
2026-05-05 01:55:36,611 [ERROR] LogOutputStream:75 - [STDERR_REDIRECT] 
2026-05-05 01:55:37,604 [ERROR] LogOutputStream:75 - [STDERR_REDIRECT] [Fatal Error] :1:1: Premature end of file.
2026-05-05 01:55:37,604 [ERROR] LogOutputStream:75 - [STDERR_REDIRECT] 
2026-05-05 01:55:38,604 [ERROR] LogOutputStream:75 - [STDERR_REDIRECT] [Fatal Error] :1:1: Premature end of file.
2026-05-05 01:55:38,604 [ERROR] LogOutputStream:75 - [STDERR_REDIRECT] 
2026-05-05 01:55:39,608 [ERROR] LogOutputStream:75 - [STDERR_REDIRECT] [Fatal Error] :1:1: Premature end of file.
2026-05-05 01:55:39,609 [ERROR] LogOutputStream:75 - [STDERR_REDIRECT] 
2026-05-05 01:55:40,613 [ERROR] LogOutputStream:75 - [STDERR_REDIRECT] [Fatal Error] :1:1: Premature end of file.
2026-05-05 01:55:40,613 [ERROR] LogOutputStream:75 - [STDERR_REDIRECT] 
2026-05-05 01:55:41,613 [ERROR] LogOutputStream:75 - [STDERR_REDIRECT] [Fatal Error] :1:1: Premature end of file.
2026-05-05 01:55:41,613 [ERROR] LogOutputStream:75 - [STDERR_REDIRECT] 
2026-05-05 01:55:42,606 [ERROR] LogOutputStream:75 - [STDERR_REDIRECT] [Fatal Error] :1:1: Premature end of file.
2026-05-05 01:55:42,606 [ERROR] LogOutputStream:75 - [STDERR_REDIRECT] 
2026-05-05 01:55:43,607 [ERROR] LogOutputStream:75 - [STDERR_REDIRECT] [Fatal Error] :1:1: Premature end of file.
2026-05-05 01:55:43,607 [ERROR] LogOutputStream:75 - [STDERR_REDIRECT] 
2026-05-05 01:55:44,605 [ERROR] LogOutputStream:75 - [STDERR_REDIRECT] [Fatal Error] :1:1: Premature end of file.
2026-05-05 01:55:44,605 [ERROR] LogOutputStream:75 - [STDERR_REDIRECT] 
2026-05-05 01:55:45,605 [ERROR] LogOutputStream:75 - [STDERR_REDIRECT] [Fatal Error] :1:1: Premature end of file.
2026-05-05 01:55:45,605 [ERROR] LogOutputStream:75 - [STDERR_REDIRECT] 
2026-05-05 01:55:46,610 [ERROR] LogOutputStream:75 - [STDERR_REDIRECT] [Fatal Error] :1:1: Premature end of file.
2026-05-05 01:55:46,610 [ERROR] LogOutputStream:75 - [STDERR_REDIRECT] 
2026-05-05 01:55:47,608 [ERROR] LogOutputStream:75 - [STDERR_REDIRECT] [Fatal Error] :1:1: Premature end of file.
2026-05-05 01:55:47,608 [ERROR] LogOutputStream:75 - [STDERR_REDIRECT] 
2026-05-05 01:55:48,605 [ERROR] LogOutputStream:75 - [STDERR_REDIRECT] [Fatal Error] :1:1: Premature end of file.
2026-05-05 01:55:48,605 [ERROR] LogOutputStream:75 - [STDERR_REDIRECT] 
2026-05-05 01:55:49,602 [ERROR] LogOutputStream:75 - [STDERR_REDIRECT] [Fatal Error] :1:1: Premature end of file.
2026-05-05 01:55:49,602 [ERROR] LogOutputStream:75 - [STDERR_REDIRECT] 
2026-05-05 01:55:50,602 [ERROR] LogOutputStream:75 - [STDERR_REDIRECT] [Fatal Error] :1:1: Premature end of file.
2026-05-05 01:55:50,602 [ERROR] LogOutputStream:75 - [STDERR_REDIRECT] 
2026-05-05 01:55:51,609 [ERROR] LogOutputStream:75 - [STDERR_REDIRECT] [Fatal Error] :1:1: Premature end of file.
2026-05-05 01:55:51,609 [ERROR] LogOutputStream:75 - [STDERR_REDIRECT] 
2026-05-05 01:55:52,607 [ERROR] LogOutputStream:75 - [STDERR_REDIRECT] [Fatal Error] :1:1: Premature end of file.
2026-05-05 01:55:52,607 [ERROR] LogOutputStream:75 - [STDERR_REDIRECT] 
2026-05-05 01:55:53,601 [ERROR] LogOutputStream:75 - [STDERR_REDIRECT] [Fatal Error] :1:1: Premature end of file.
2026-05-05 01:55:53,601 [ERROR] LogOutputStream:75 - [STDERR_REDIRECT] 
2026-05-05 01:55:54,605 [ERROR] LogOutputStream:75 - [STDERR_REDIRECT] [Fatal Error] :1:1: Premature end of file.
2026-05-05 01:55:54,605 [ERROR] LogOutputStream:75 - [STDERR_REDIRECT] 
2026-05-05 01:55:55,601 [ERROR] LogOutputStream:75 - [STDERR_REDIRECT] [Fatal Error] :1:1: Premature end of file.
2026-05-05 01:55:55,601 [ERROR] LogOutputStream:75 - [STDERR_REDIRECT] 
2026-05-05 01:55:56,606 [ERROR] LogOutputStream:75 - [STDERR_REDIRECT] [Fatal Error] :1:1: Premature end of file.
2026-05-05 01:55:56,606 [ERROR] LogOutputStream:75 - [STDERR_REDIRECT] 
2026-05-05 01:55:57,609 [ERROR] LogOutputStream:75 - [STDERR_REDIRECT] [Fatal Error] :1:1: Premature end of file.
2026-05-05 01:55:57,610 [ERROR] LogOutputStream:75 - [STDERR_REDIRECT] 
2026-05-05 01:55:58,608 [ERROR] LogOutputStream:75 - [STDERR_REDIRECT] [Fatal Error] :1:1: Premature end of file.
2026-05-05 01:55:58,608 [ERROR] LogOutputStream:75 - [STDERR_REDIRECT] 
2026-05-05 01:55:59,602 [ERROR] LogOutputStream:75 - [STDERR_REDIRECT] [Fatal Error] :1:1: Premature end of file.
2026-05-05 01:55:59,602 [ERROR] LogOutputStream:75 - [STDERR_REDIRECT] 
2026-05-05 01:56:00,614 [ERROR] LogOutputStream:75 - [STDERR_REDIRECT] [Fatal Error] :1:1: Premature end of file.
2026-05-05 01:56:00,614 [ERROR] LogOutputStream:75 - [STDERR_REDIRECT] 
2026-05-05 01:56:01,610 [ERROR] LogOutputStream:75 - [STDERR_REDIRECT] [Fatal Error] :1:1: Premature end of file.
2026-05-05 01:56:01,610 [ERROR] LogOutputStream:75 - [STDERR_REDIRECT] 
2026-05-05 01:56:02,603 [ERROR] LogOutputStream:75 - [STDERR_REDIRECT] [Fatal Error] :1:1: Premature end of file.
2026-05-05 01:56:02,603 [ERROR] LogOutputStream:75 - [STDERR_REDIRECT] 
2026-05-05 01:56:03,603 [ERROR] LogOutputStream:75 - [STDERR_REDIRECT] [Fatal Error] :1:1: Premature end of file.
2026-05-05 01:56:03,603 [ERROR] LogOutputStream:75 - [STDERR_REDIRECT] 
2026-05-05 01:56:04,601 [ERROR] LogOutputStream:75 - [STDERR_REDIRECT] [Fatal Error] :1:1: Premature end of file.
2026-05-05 01:56:04,602 [ERROR] LogOutputStream:75 - [STDERR_REDIRECT] 
2026-05-05 01:56:05,611 [ERROR] LogOutputStream:75 - [STDERR_REDIRECT] [Fatal Error] :1:1: Premature end of file.
2026-05-05 01:56:05,611 [ERROR] LogOutputStream:75 - [STDERR_REDIRECT] 
2026-05-05 01:56:06,612 [ERROR] LogOutputStream:75 - [STDERR_REDIRECT] [Fatal Error] :1:1: Premature end of file.
2026-05-05 01:56:06,612 [ERROR] LogOutputStream:75 - [STDERR_REDIRECT] 
2026-05-05 01:56:07,610 [ERROR] LogOutputStream:75 - [STDERR_REDIRECT] [Fatal Error] :1:1: Premature end of file.
2026-05-05 01:56:07,610 [ERROR] LogOutputStream:75 - [STDERR_REDIRECT] 
2026-05-05 01:56:08,608 [ERROR] LogOutputStream:75 - [STDERR_REDIRECT] [Fatal Error] :1:1: Premature end of file.
2026-05-05 01:56:08,609 [ERROR] LogOutputStream:75 - [STDERR_REDIRECT] 
2026-05-05 01:56:09,600 [ERROR] LogOutputStream:75 - [STDERR_REDIRECT] [Fatal Error] :1:1: Premature end of file.
2026-05-05 01:56:09,600 [ERROR] LogOutputStream:75 - [STDERR_REDIRECT] 
2026-05-05 01:56:10,603 [ERROR] LogOutputStream:75 - [STDERR_REDIRECT] [Fatal Error] :1:1: Premature end of file.
2026-05-05 01:56:10,603 [ERROR] LogOutputStream:75 - [STDERR_REDIRECT] 
2026-05-05 01:56:11,609 [ERROR] LogOutputStream:75 - [STDERR_REDIRECT] [Fatal Error] :1:1: Premature end of file.
2026-05-05 01:56:11,610 [ERROR] LogOutputStream:75 - [STDERR_REDIRECT] 
2026-05-05 01:56:12,605 [ERROR] LogOutputStream:75 - [STDERR_REDIRECT] [Fatal Error] :1:1: Premature end of file.
2026-05-05 01:56:12,605 [ERROR] LogOutputStream:75 - [STDERR_REDIRECT] 
2026-05-05 01:56:13,612 [ERROR] LogOutputStream:75 - [STDERR_REDIRECT] [Fatal Error] :1:1: Premature end of file.
2026-05-05 01:56:13,612 [ERROR] LogOutputStream:75 - [STDERR_REDIRECT] 
2026-05-05 01:56:14,603 [ERROR] LogOutputStream:75 - [STDERR_REDIRECT] [Fatal Error] :1:1: Premature end of file.
2026-05-05 01:56:14,604 [ERROR] LogOutputStream:75 - [STDERR_REDIRECT] 
2026-05-05 01:56:15,613 [ERROR] LogOutputStream:75 - [STDERR_REDIRECT] [Fatal Error] :1:1: Premature end of file.
2026-05-05 01:56:15,613 [ERROR] LogOutputStream:75 - [STDERR_REDIRECT] 
2026-05-05 01:56:16,611 [ERROR] LogOutputStream:75 - [STDERR_REDIRECT] [Fatal Error] :1:1: Premature end of file.
2026-05-05 01:56:16,612 [ERROR] LogOutputStream:75 - [STDERR_REDIRECT] 
2026-05-05 01:56:17,608 [ERROR] LogOutputStream:75 - [STDERR_REDIRECT] [Fatal Error] :1:1: Premature end of file.
2026-05-05 01:56:17,608 [ERROR] LogOutputStream:75 - [STDERR_REDIRECT] 
2026-05-05 01:56:18,608 [ERROR] LogOutputStream:75 - [STDERR_REDIRECT] [Fatal Error] :1:1: Premature end of file.
2026-05-05 01:56:18,608 [ERROR] LogOutputStream:75 - [STDERR_REDIRECT] 
2026-05-05 01:56:19,606 [ERROR] LogOutputStream:75 - [STDERR_REDIRECT] [Fatal Error] :1:1: Premature end of file.
2026-05-05 01:56:19,606 [ERROR] LogOutputStream:75 - [STDERR_REDIRECT] 
2026-05-05 01:56:20,608 [ERROR] LogOutputStream:75 - [STDERR_REDIRECT] [Fatal Error] :1:1: Premature end of file.
2026-05-05 01:56:20,608 [ERROR] LogOutputStream:75 - [STDERR_REDIRECT] 
2026-05-05 01:56:21,605 [ERROR] LogOutputStream:75 - [STDERR_REDIRECT] [Fatal Error] :1:1: Premature end of file.
2026-05-05 01:56:21,605 [ERROR] LogOutputStream:75 - [STDERR_REDIRECT] 
2026-05-05 01:56:22,602 [ERROR] LogOutputStream:75 - [STDERR_REDIRECT] [Fatal Error] :1:1: Premature end of file.
2026-05-05 01:56:22,602 [ERROR] LogOutputStream:75 - [STDERR_REDIRECT] 
2026-05-05 01:56:23,614 [ERROR] LogOutputStream:75 - [STDERR_REDIRECT] [Fatal Error] :1:1: Premature end of file.
2026-05-05 01:56:23,614 [ERROR] LogOutputStream:75 - [STDERR_REDIRECT] 
2026-05-05 01:56:24,603 [ERROR] LogOutputStream:75 - [STDERR_REDIRECT] [Fatal Error] :1:1: Premature end of file.
2026-05-05 01:56:24,603 [ERROR] LogOutputStream:75 - [STDERR_REDIRECT] 
2026-05-05 01:56:25,603 [ERROR] LogOutputStream:75 - [STDERR_REDIRECT] [Fatal Error] :1:1: Premature end of file.
2026-05-05 01:56:25,603 [ERROR] LogOutputStream:75 - [STDERR_REDIRECT] 
2026-05-05 01:56:26,601 [ERROR] LogOutputStream:75 - [STDERR_REDIRECT] [Fatal Error] :1:1: Premature end of file.
2026-05-05 01:56:26,601 [ERROR] LogOutputStream:75 - [STDERR_REDIRECT] 
2026-05-05 01:56:27,607 [ERROR] LogOutputStream:75 - [STDERR_REDIRECT] [Fatal Error] :1:1: Premature end of file.
2026-05-05 01:56:27,607 [ERROR] LogOutputStream:75 - [STDERR_REDIRECT] 
2026-05-05 01:56:28,607 [ERROR] LogOutputStream:75 - [STDERR_REDIRECT] [Fatal Error] :1:1: Premature end of file.
2026-05-05 01:56:28,607 [ERROR] LogOutputStream:75 - [STDERR_REDIRECT] 
2026-05-05 01:56:29,603 [ERROR] LogOutputStream:75 - [STDERR_REDIRECT] [Fatal Error] :1:1: Premature end of file.
2026-05-05 01:56:29,603 [ERROR] LogOutputStream:75 - [STDERR_REDIRECT] 
2026-05-05 01:56:30,600 [ERROR] LogOutputStream:75 - [STDERR_REDIRECT] [Fatal Error] :1:1: Premature end of file.
2026-05-05 01:56:30,600 [ERROR] LogOutputStream:75 - [STDERR_REDIRECT] 
2026-05-05 01:56:31,609 [ERROR] LogOutputStream:75 - [STDERR_REDIRECT] [Fatal Error] :1:1: Premature end of file.
2026-05-05 01:56:31,609 [ERROR] LogOutputStream:75 - [STDERR_REDIRECT] 
2026-05-05 01:56:32,609 [ERROR] LogOutputStream:75 - [STDERR_REDIRECT] [Fatal Error] :1:1: Premature end of file.
2026-05-05 01:56:32,609 [ERROR] LogOutputStream:75 - [STDERR_REDIRECT] 
2026-05-05 01:56:33,603 [ERROR] LogOutputStream:75 - [STDERR_REDIRECT] [Fatal Error] :1:1: Premature end of file.
2026-05-05 01:56:33,603 [ERROR] LogOutputStream:75 - [STDERR_REDIRECT] 
2026-05-05 01:56:34,612 [ERROR] LogOutputStream:75 - [STDERR_REDIRECT] [Fatal Error] :1:1: Premature end of file.
2026-05-05 01:56:34,612 [ERROR] LogOutputStream:75 - [STDERR_REDIRECT] 
2026-05-05 01:56:35,613 [ERROR] LogOutputStream:75 - [STDERR_REDIRECT] [Fatal Error] :1:1: Premature end of file.
2026-05-05 01:56:35,613 [ERROR] LogOutputStream:75 - [STDERR_REDIRECT] 
2026-05-05 01:56:36,608 [ERROR] LogOutputStream:75 - [STDERR_REDIRECT] [Fatal Error] :1:1: Premature end of file.
2026-05-05 01:56:36,608 [ERROR] LogOutputStream:75 - [STDERR_REDIRECT] 
2026-05-05 01:56:37,613 [ERROR] LogOutputStream:75 - [STDERR_REDIRECT] [Fatal Error] :1:1: Premature end of file.
2026-05-05 01:56:37,613 [ERROR] LogOutputStream:75 - [STDERR_REDIRECT] 
2026-05-05 01:56:38,598 [ERROR] LogOutputStream:75 - [STDERR_REDIRECT] [Fatal Error] :1:1: Premature end of file.
2026-05-05 01:56:38,598 [ERROR] LogOutputStream:75 - [STDERR_REDIRECT] 
2026-05-05 01:56:39,608 [ERROR] LogOutputStream:75 - [STDERR_REDIRECT] [Fatal Error] :1:1: Premature end of file.
2026-05-05 01:56:39,608 [ERROR] LogOutputStream:75 - [STDERR_REDIRECT] 
2026-05-05 01:56:40,609 [ERROR] LogOutputStream:75 - [STDERR_REDIRECT] [Fatal Error] :1:1: Premature end of file.
2026-05-05 01:56:40,609 [ERROR] LogOutputStream:75 - [STDERR_REDIRECT] 
2026-05-05 01:56:41,608 [ERROR] LogOutputStream:75 - [STDERR_REDIRECT] [Fatal Error] :1:1: Premature end of file.
2026-05-05 01:56:41,608 [ERROR] LogOutputStream:75 - [STDERR_REDIRECT] 
2026-05-05 01:56:42,601 [ERROR] LogOutputStream:75 - [STDERR_REDIRECT] [Fatal Error] :1:1: Premature end of file.
2026-05-05 01:56:42,601 [ERROR] LogOutputStream:75 - [STDERR_REDIRECT] 
2026-05-05 01:56:43,612 [ERROR] LogOutputStream:75 - [STDERR_REDIRECT] [Fatal Error] :1:1: Premature end of file.
2026-05-05 01:56:43,612 [ERROR] LogOutputStream:75 - [STDERR_REDIRECT] 
2026-05-05 01:56:44,609 [ERROR] LogOutputStream:75 - [STDERR_REDIRECT] [Fatal Error] :1:1: Premature end of file.
2026-05-05 01:56:44,609 [ERROR] LogOutputStream:75 - [STDERR_REDIRECT] 
2026-05-05 01:56:45,613 [ERROR] LogOutputStream:75 - [STDERR_REDIRECT] [Fatal Error] :1:1: Premature end of file.
2026-05-05 01:56:45,613 [ERROR] LogOutputStream:75 - [STDERR_REDIRECT] 
2026-05-05 01:56:46,611 [ERROR] LogOutputStream:75 - [STDERR_REDIRECT] [Fatal Error] :1:1: Premature end of file.
2026-05-05 01:56:46,611 [ERROR] LogOutputStream:75 - [STDERR_REDIRECT] 
2026-05-05 01:56:47,615 [ERROR] LogOutputStream:75 - [STDERR_REDIRECT] [Fatal Error] :1:1: Premature end of file.
2026-05-05 01:56:47,615 [ERROR] LogOutputStream:75 - [STDERR_REDIRECT] 
2026-05-05 01:56:48,605 [ERROR] LogOutputStream:75 - [STDERR_REDIRECT] [Fatal Error] :1:1: Premature end of file.
2026-05-05 01:56:48,605 [ERROR] LogOutputStream:75 - [STDERR_REDIRECT] 
2026-05-05 01:56:49,605 [ERROR] LogOutputStream:75 - [STDERR_REDIRECT] [Fatal Error] :1:1: Premature end of file.
2026-05-05 01:56:49,605 [ERROR] LogOutputStream:75 - [STDERR_REDIRECT] 
2026-05-05 01:56:50,604 [ERROR] LogOutputStream:75 - [STDERR_REDIRECT] [Fatal Error] :1:1: Premature end of file.
2026-05-05 01:56:50,604 [ERROR] LogOutputStream:75 - [STDERR_REDIRECT] 
2026-05-05 01:56:51,604 [ERROR] LogOutputStream:75 - [STDERR_REDIRECT] [Fatal Error] :1:1: Premature end of file.
2026-05-05 01:56:51,604 [ERROR] LogOutputStream:75 - [STDERR_REDIRECT] 
2026-05-05 01:56:52,611 [ERROR] LogOutputStream:75 - [STDERR_REDIRECT] [Fatal Error] :1:1: Premature end of file.
2026-05-05 01:56:52,611 [ERROR] LogOutputStream:75 - [STDERR_REDIRECT] 
2026-05-05 01:56:53,600 [ERROR] LogOutputStream:75 - [STDERR_REDIRECT] [Fatal Error] :1:1: Premature end of file.
2026-05-05 01:56:53,600 [ERROR] LogOutputStream:75 - [STDERR_REDIRECT] 
2026-05-05 01:56:54,596 [ERROR] LogOutputStream:75 - [STDERR_REDIRECT] [Fatal Error] :1:1: Premature end of file.
2026-05-05 01:56:54,596 [ERROR] LogOutputStream:75 - [STDERR_REDIRECT] 
2026-05-05 01:56:55,618 [ERROR] LogOutputStream:75 - [STDERR_REDIRECT] [Fatal Error] :1:1: Premature end of file.
2026-05-05 01:56:55,618 [ERROR] LogOutputStream:75 - [STDERR_REDIRECT] 
2026-05-05 01:56:56,612 [ERROR] LogOutputStream:75 - [STDERR_REDIRECT] [Fatal Error] :1:1: Premature end of file.
2026-05-05 01:56:56,612 [ERROR] LogOutputStream:75 - [STDERR_REDIRECT] 
2026-05-05 01:56:57,605 [ERROR] LogOutputStream:75 - [STDERR_REDIRECT] [Fatal Error] :1:1: Premature end of file.
2026-05-05 01:56:57,605 [ERROR] LogOutputStream:75 - [STDERR_REDIRECT] 
2026-05-05 01:56:58,603 [ERROR] LogOutputStream:75 - [STDERR_REDIRECT] [Fatal Error] :1:1: Premature end of file.
2026-05-05 01:56:58,603 [ERROR] LogOutputStream:75 - [STDERR_REDIRECT] 
2026-05-05 01:56:59,600 [ERROR] LogOutputStream:75 - [STDERR_REDIRECT] [Fatal Error] :1:1: Premature end of file.
2026-05-05 01:56:59,600 [ERROR] LogOutputStream:75 - [STDERR_REDIRECT] 
2026-05-05 01:57:00,600 [ERROR] LogOutputStream:75 - [STDERR_REDIRECT] [Fatal Error] :1:1: Premature end of file.
2026-05-05 01:57:00,600 [ERROR] LogOutputStream:75 - [STDERR_REDIRECT] 
2026-05-05 01:57:01,608 [ERROR] LogOutputStream:75 - [STDERR_REDIRECT] [Fatal Error] :1:1: Premature end of file.
2026-05-05 01:57:01,608 [ERROR] LogOutputStream:75 - [STDERR_REDIRECT] 
2026-05-05 01:57:02,608 [ERROR] LogOutputStream:75 - [STDERR_REDIRECT] [Fatal Error] :1:1: Premature end of file.
2026-05-05 01:57:02,608 [ERROR] LogOutputStream:75 - [STDERR_REDIRECT] 
2026-05-05 01:57:03,602 [ERROR] LogOutputStream:75 - [STDERR_REDIRECT] [Fatal Error] :1:1: Premature end of file.
2026-05-05 01:57:03,602 [ERROR] LogOutputStream:75 - [STDERR_REDIRECT] 
2026-05-05 01:57:04,617 [ERROR] LogOutputStream:75 - [STDERR_REDIRECT] [Fatal Error] :1:1: Premature end of file.
2026-05-05 01:57:04,617 [ERROR] LogOutputStream:75 - [STDERR_REDIRECT] 
2026-05-05 01:57:05,611 [ERROR] LogOutputStream:75 - [STDERR_REDIRECT] [Fatal Error] :1:1: Premature end of file.
2026-05-05 01:57:05,611 [ERROR] LogOutputStream:75 - [STDERR_REDIRECT] 
2026-05-05 01:57:06,612 [ERROR] LogOutputStream:75 - [STDERR_REDIRECT] [Fatal Error] :1:1: Premature end of file.
2026-05-05 01:57:06,612 [ERROR] LogOutputStream:75 - [STDERR_REDIRECT] 
2026-05-05 01:57:07,611 [ERROR] LogOutputStream:75 - [STDERR_REDIRECT] [Fatal Error] :1:1: Premature end of file.
2026-05-05 01:57:07,611 [ERROR] LogOutputStream:75 - [STDERR_REDIRECT] 
2026-05-05 01:57:08,608 [ERROR] LogOutputStream:75 - [STDERR_REDIRECT] [Fatal Error] :1:1: Premature end of file.
2026-05-05 01:57:08,608 [ERROR] LogOutputStream:75 - [STDERR_REDIRECT] 
2026-05-05 01:57:09,605 [ERROR] LogOutputStream:75 - [STDERR_REDIRECT] [Fatal Error] :1:1: Premature end of file.
2026-05-05 01:57:09,605 [ERROR] LogOutputStream:75 - [STDERR_REDIRECT] 
2026-05-05 01:57:10,605 [ERROR] LogOutputStream:75 - [STDERR_REDIRECT] [Fatal Error] :1:1: Premature end of file.
2026-05-05 01:57:10,605 [ERROR] LogOutputStream:75 - [STDERR_REDIRECT] 
2026-05-05 01:57:11,605 [ERROR] LogOutputStream:75 - [STDERR_REDIRECT] [Fatal Error] :1:1: Premature end of file.
2026-05-05 01:57:11,606 [ERROR] LogOutputStream:75 - [STDERR_REDIRECT] 
2026-05-05 01:57:12,613 [ERROR] LogOutputStream:75 - [STDERR_REDIRECT] [Fatal Error] :1:1: Premature end of file.
2026-05-05 01:57:12,613 [ERROR] LogOutputStream:75 - [STDERR_REDIRECT] 
2026-05-05 01:57:13,599 [ERROR] LogOutputStream:75 - [STDERR_REDIRECT] [Fatal Error] :1:1: Premature end of file.
2026-05-05 01:57:13,599 [ERROR] LogOutputStream:75 - [STDERR_REDIRECT] 
2026-05-05 01:57:14,610 [ERROR] LogOutputStream:75 - [STDERR_REDIRECT] [Fatal Error] :1:1: Premature end of file.
2026-05-05 01:57:14,611 [ERROR] LogOutputStream:75 - [STDERR_REDIRECT] 
2026-05-05 01:57:15,603 [ERROR] LogOutputStream:75 - [STDERR_REDIRECT] [Fatal Error] :1:1: Premature end of file.
2026-05-05 01:57:15,603 [ERROR] LogOutputStream:75 - [STDERR_REDIRECT] 
2026-05-05 01:57:16,614 [ERROR] LogOutputStream:75 - [STDERR_REDIRECT] [Fatal Error] :1:1: Premature end of file.
2026-05-05 01:57:16,614 [ERROR] LogOutputStream:75 - [STDERR_REDIRECT] 
2026-05-05 01:57:17,601 [ERROR] LogOutputStream:75 - [STDERR_REDIRECT] [Fatal Error] :1:1: Premature end of file.
2026-05-05 01:57:17,601 [ERROR] LogOutputStream:75 - [STDERR_REDIRECT] 
2026-05-05 01:57:18,606 [ERROR] LogOutputStream:75 - [STDERR_REDIRECT] [Fatal Error] :1:1: Premature end of file.
2026-05-05 01:57:18,606 [ERROR] LogOutputStream:75 - [STDERR_REDIRECT] 
2026-05-05 01:57:19,604 [ERROR] LogOutputStream:75 - [STDERR_REDIRECT] [Fatal Error] :1:1: Premature end of file.
2026-05-05 01:57:19,604 [ERROR] LogOutputStream:75 - [STDERR_REDIRECT] 
2026-05-05 01:57:20,604 [ERROR] LogOutputStream:75 - [STDERR_REDIRECT] [Fatal Error] :1:1: Premature end of file.
2026-05-05 01:57:20,604 [ERROR] LogOutputStream:75 - [STDERR_REDIRECT] 
2026-05-05 01:57:21,609 [ERROR] LogOutputStream:75 - [STDERR_REDIRECT] [Fatal Error] :1:1: Premature end of file.
2026-05-05 01:57:21,609 [ERROR] LogOutputStream:75 - [STDERR_REDIRECT] 
2026-05-05 01:57:22,607 [ERROR] LogOutputStream:75 - [STDERR_REDIRECT] [Fatal Error] :1:1: Premature end of file.
2026-05-05 01:57:22,608 [ERROR] LogOutputStream:75 - [STDERR_REDIRECT] 
2026-05-05 01:57:23,600 [ERROR] LogOutputStream:75 - [STDERR_REDIRECT] [Fatal Error] :1:1: Premature end of file.
2026-05-05 01:57:23,600 [ERROR] LogOutputStream:75 - [STDERR_REDIRECT] 
2026-05-05 01:57:24,605 [ERROR] LogOutputStream:75 - [STDERR_REDIRECT] [Fatal Error] :1:1: Premature end of file.
2026-05-05 01:57:24,605 [ERROR] LogOutputStream:75 - [STDERR_REDIRECT] 
2026-05-05 01:57:25,613 [ERROR] LogOutputStream:75 - [STDERR_REDIRECT] [Fatal Error] :1:1: Premature end of file.
2026-05-05 01:57:25,613 [ERROR] LogOutputStream:75 - [STDERR_REDIRECT] 
2026-05-05 01:57:26,606 [ERROR] LogOutputStream:75 - [STDERR_REDIRECT] [Fatal Error] :1:1: Premature end of file.
2026-05-05 01:57:26,606 [ERROR] LogOutputStream:75 - [STDERR_REDIRECT] 
2026-05-05 01:57:27,602 [ERROR] LogOutputStream:75 - [STDERR_REDIRECT] [Fatal Error] :1:1: Premature end of file.
2026-05-05 01:57:27,602 [ERROR] LogOutputStream:75 - [STDERR_REDIRECT] 
2026-05-05 01:57:28,602 [ERROR] LogOutputStream:75 - [STDERR_REDIRECT] [Fatal Error] :1:1: Premature end of file.
2026-05-05 01:57:28,602 [ERROR] LogOutputStream:75 - [STDERR_REDIRECT] 
2026-05-05 01:57:29,601 [ERROR] LogOutputStream:75 - [STDERR_REDIRECT] [Fatal Error] :1:1: Premature end of file.
2026-05-05 01:57:29,602 [ERROR] LogOutputStream:75 - [STDERR_REDIRECT] 
2026-05-05 01:57:30,608 [ERROR] LogOutputStream:75 - [STDERR_REDIRECT] [Fatal Error] :1:1: Premature end of file.
2026-05-05 01:57:30,608 [ERROR] LogOutputStream:75 - [STDERR_REDIRECT] 
2026-05-05 01:57:31,599 [ERROR] LogOutputStream:75 - [STDERR_REDIRECT] [Fatal Error] :1:1: Premature end of file.
2026-05-05 01:57:31,599 [ERROR] LogOutputStream:75 - [STDERR_REDIRECT] 
2026-05-05 01:57:32,611 [ERROR] LogOutputStream:75 - [STDERR_REDIRECT] [Fatal Error] :1:1: Premature end of file.
2026-05-05 01:57:32,611 [ERROR] LogOutputStream:75 - [STDERR_REDIRECT] 
2026-05-05 01:57:33,599 [ERROR] LogOutputStream:75 - [STDERR_REDIRECT] [Fatal Error] :1:1: Premature end of file.
2026-05-05 01:57:33,599 [ERROR] LogOutputStream:75 - [STDERR_REDIRECT] 
2026-05-05 01:57:34,603 [ERROR] LogOutputStream:75 - [STDERR_REDIRECT] [Fatal Error] :1:1: Premature end of file.
2026-05-05 01:57:34,604 [ERROR] LogOutputStream:75 - [STDERR_REDIRECT] 
2026-05-05 01:57:35,607 [ERROR] LogOutputStream:75 - [STDERR_REDIRECT] [Fatal Error] :1:1: Premature end of file.
2026-05-05 01:57:35,607 [ERROR] LogOutputStream:75 - [STDERR_REDIRECT] 
2026-05-05 01:57:36,606 [ERROR] LogOutputStream:75 - [STDERR_REDIRECT] [Fatal Error] :1:1: Premature end of file.
2026-05-05 01:57:36,606 [ERROR] LogOutputStream:75 - [STDERR_REDIRECT] 
2026-05-05 01:57:37,601 [ERROR] LogOutputStream:75 - [STDERR_REDIRECT] [Fatal Error] :1:1: Premature end of file.
2026-05-05 01:57:37,602 [ERROR] LogOutputStream:75 - [STDERR_REDIRECT] 
2026-05-05 01:57:38,601 [ERROR] LogOutputStream:75 - [STDERR_REDIRECT] [Fatal Error] :1:1: Premature end of file.
2026-05-05 01:57:38,601 [ERROR] LogOutputStream:75 - [STDERR_REDIRECT] 
2026-05-05 01:57:39,615 [ERROR] LogOutputStream:75 - [STDERR_REDIRECT] [Fatal Error] :1:1: Premature end of file.
2026-05-05 01:57:39,615 [ERROR] LogOutputStream:75 - [STDERR_REDIRECT] 
2026-05-05 01:57:40,611 [ERROR] LogOutputStream:75 - [STDERR_REDIRECT] [Fatal Error] :1:1: Premature end of file.
2026-05-05 01:57:40,611 [ERROR] LogOutputStream:75 - [STDERR_REDIRECT] 
2026-05-05 01:57:41,608 [ERROR] LogOutputStream:75 - [STDERR_REDIRECT] [Fatal Error] :1:1: Premature end of file.
2026-05-05 01:57:41,608 [ERROR] LogOutputStream:75 - [STDERR_REDIRECT] 
2026-05-05 01:57:42,609 [ERROR] LogOutputStream:75 - [STDERR_REDIRECT] [Fatal Error] :1:1: Premature end of file.
2026-05-05 01:57:42,609 [ERROR] LogOutputStream:75 - [STDERR_REDIRECT] 
2026-05-05 01:57:43,611 [ERROR] LogOutputStream:75 - [STDERR_REDIRECT] [Fatal Error] :1:1: Premature end of file.
2026-05-05 01:57:43,611 [ERROR] LogOutputStream:75 - [STDERR_REDIRECT] 
2026-05-05 01:57:44,607 [ERROR] LogOutputStream:75 - [STDERR_REDIRECT] [Fatal Error] :1:1: Premature end of file.
2026-05-05 01:57:44,607 [ERROR] LogOutputStream:75 - [STDERR_REDIRECT] 
2026-05-05 01:57:45,605 [ERROR] LogOutputStream:75 - [STDERR_REDIRECT] [Fatal Error] :1:1: Premature end of file.
2026-05-05 01:57:45,605 [ERROR] LogOutputStream:75 - [STDERR_REDIRECT] 
2026-05-05 01:57:46,600 [ERROR] LogOutputStream:75 - [STDERR_REDIRECT] [Fatal Error] :1:1: Premature end of file.
2026-05-05 01:57:46,601 [ERROR] LogOutputStream:75 - [STDERR_REDIRECT] 
2026-05-05 01:57:47,609 [ERROR] LogOutputStream:75 - [STDERR_REDIRECT] [Fatal Error] :1:1: Premature end of file.
2026-05-05 01:57:47,609 [ERROR] LogOutputStream:75 - [STDERR_REDIRECT] 
2026-05-05 01:57:48,604 [ERROR] LogOutputStream:75 - [STDERR_REDIRECT] [Fatal Error] :1:1: Premature end of file.
2026-05-05 01:57:48,604 [ERROR] LogOutputStream:75 - [STDERR_REDIRECT] 
2026-05-05 01:57:49,613 [ERROR] LogOutputStream:75 - [STDERR_REDIRECT] [Fatal Error] :1:1: Premature end of file.
2026-05-05 01:57:49,614 [ERROR] LogOutputStream:75 - [STDERR_REDIRECT] 
2026-05-05 01:57:50,611 [ERROR] LogOutputStream:75 - [STDERR_REDIRECT] [Fatal Error] :1:1: Premature end of file.
2026-05-05 01:57:50,611 [ERROR] LogOutputStream:75 - [STDERR_REDIRECT] 
2026-05-05 01:57:51,607 [ERROR] LogOutputStream:75 - [STDERR_REDIRECT] [Fatal Error] :1:1: Premature end of file.
2026-05-05 01:57:51,607 [ERROR] LogOutputStream:75 - [STDERR_REDIRECT] 
2026-05-05 01:57:52,614 [ERROR] LogOutputStream:75 - [STDERR_REDIRECT] [Fatal Error] :1:1: Premature end of file.
2026-05-05 01:57:52,614 [ERROR] LogOutputStream:75 - [STDERR_REDIRECT] 
2026-05-05 01:57:53,612 [ERROR] LogOutputStream:75 - [STDERR_REDIRECT] [Fatal Error] :1:1: Premature end of file.
2026-05-05 01:57:53,612 [ERROR] LogOutputStream:75 - [STDERR_REDIRECT] 
2026-05-05 01:57:54,607 [ERROR] LogOutputStream:75 - [STDERR_REDIRECT] [Fatal Error] :1:1: Premature end of file.
2026-05-05 01:57:54,607 [ERROR] LogOutputStream:75 - [STDERR_REDIRECT] 
2026-05-05 01:57:55,619 [ERROR] LogOutputStream:75 - [STDERR_REDIRECT] [Fatal Error] :1:1: Premature end of file.
2026-05-05 01:57:55,619 [ERROR] LogOutputStream:75 - [STDERR_REDIRECT] 
2026-05-05 01:57:56,602 [ERROR] LogOutputStream:75 - [STDERR_REDIRECT] [Fatal Error] :1:1: Premature end of file.
2026-05-05 01:57:56,602 [ERROR] LogOutputStream:75 - [STDERR_REDIRECT] 
2026-05-05 01:57:57,604 [ERROR] LogOutputStream:75 - [STDERR_REDIRECT] [Fatal Error] :1:1: Premature end of file.
2026-05-05 01:57:57,604 [ERROR] LogOutputStream:75 - [STDERR_REDIRECT] 
2026-05-05 01:57:58,602 [ERROR] LogOutputStream:75 - [STDERR_REDIRECT] [Fatal Error] :1:1: Premature end of file.
2026-05-05 01:57:58,603 [ERROR] LogOutputStream:75 - [STDERR_REDIRECT] 
2026-05-05 01:57:59,604 [ERROR] LogOutputStream:75 - [STDERR_REDIRECT] [Fatal Error] :1:1: Premature end of file.
2026-05-05 01:57:59,604 [ERROR] LogOutputStream:75 - [STDERR_REDIRECT] 
2026-05-05 01:58:00,609 [ERROR] LogOutputStream:75 - [STDERR_REDIRECT] [Fatal Error] :1:1: Premature end of file.
2026-05-05 01:58:00,609 [ERROR] LogOutputStream:75 - [STDERR_REDIRECT] 
2026-05-05 01:58:01,607 [ERROR] LogOutputStream:75 - [STDERR_REDIRECT] [Fatal Error] :1:1: Premature end of file.
2026-05-05 01:58:01,607 [ERROR] LogOutputStream:75 - [STDERR_REDIRECT] 
2026-05-05 01:58:02,610 [ERROR] LogOutputStream:75 - [STDERR_REDIRECT] [Fatal Error] :1:1: Premature end of file.
2026-05-05 01:58:02,610 [ERROR] LogOutputStream:75 - [STDERR_REDIRECT] 
2026-05-05 01:58:03,607 [ERROR] LogOutputStream:75 - [STDERR_REDIRECT] [Fatal Error] :1:1: Premature end of file.
2026-05-05 01:58:03,607 [ERROR] LogOutputStream:75 - [STDERR_REDIRECT] 
2026-05-05 01:58:04,603 [ERROR] LogOutputStream:75 - [STDERR_REDIRECT] [Fatal Error] :1:1: Premature end of file.
2026-05-05 01:58:04,603 [ERROR] LogOutputStream:75 - [STDERR_REDIRECT] 
2026-05-05 01:58:05,604 [ERROR] LogOutputStream:75 - [STDERR_REDIRECT] [Fatal Error] :1:1: Premature end of file.
2026-05-05 01:58:05,604 [ERROR] LogOutputStream:75 - [STDERR_REDIRECT] 
2026-05-05 01:58:06,599 [ERROR] LogOutputStream:75 - [STDERR_REDIRECT] [Fatal Error] :1:1: Premature end of file.
2026-05-05 01:58:06,599 [ERROR] LogOutputStream:75 - [STDERR_REDIRECT] 
2026-05-05 01:58:07,616 [ERROR] LogOutputStream:75 - [STDERR_REDIRECT] [Fatal Error] :1:1: Premature end of file.
2026-05-05 01:58:07,617 [ERROR] LogOutputStream:75 - [STDERR_REDIRECT] 
2026-05-05 01:58:08,612 [ERROR] LogOutputStream:75 - [STDERR_REDIRECT] [Fatal Error] :1:1: Premature end of file.
2026-05-05 01:58:08,612 [ERROR] LogOutputStream:75 - [STDERR_REDIRECT] 
2026-05-05 01:58:09,607 [ERROR] LogOutputStream:75 - [STDERR_REDIRECT] [Fatal Error] :1:1: Premature end of file.
2026-05-05 01:58:09,608 [ERROR] LogOutputStream:75 - [STDERR_REDIRECT] 
2026-05-05 01:58:10,601 [ERROR] LogOutputStream:75 - [STDERR_REDIRECT] [Fatal Error] :1:1: Premature end of file.
2026-05-05 01:58:10,601 [ERROR] LogOutputStream:75 - [STDERR_REDIRECT] 
2026-05-05 01:58:11,608 [ERROR] LogOutputStream:75 - [STDERR_REDIRECT] [Fatal Error] :1:1: Premature end of file.
2026-05-05 01:58:11,608 [ERROR] LogOutputStream:75 - [STDERR_REDIRECT] 
2026-05-05 01:58:12,604 [ERROR] LogOutputStream:75 - [STDERR_REDIRECT] [Fatal Error] :1:1: Premature end of file.
2026-05-05 01:58:12,604 [ERROR] LogOutputStream:75 - [STDERR_REDIRECT] 
2026-05-05 01:58:13,611 [ERROR] LogOutputStream:75 - [STDERR_REDIRECT] [Fatal Error] :1:1: Premature end of file.
2026-05-05 01:58:13,611 [ERROR] LogOutputStream:75 - [STDERR_REDIRECT] 
2026-05-05 01:58:14,609 [ERROR] LogOutputStream:75 - [STDERR_REDIRECT] [Fatal Error] :1:1: Premature end of file.
2026-05-05 01:58:14,609 [ERROR] LogOutputStream:75 - [STDERR_REDIRECT] 
2026-05-05 01:58:15,604 [ERROR] LogOutputStream:75 - [STDERR_REDIRECT] [Fatal Error] :1:1: Premature end of file.
2026-05-05 01:58:15,604 [ERROR] LogOutputStream:75 - [STDERR_REDIRECT] 
2026-05-05 01:58:16,607 [ERROR] LogOutputStream:75 - [STDERR_REDIRECT] [Fatal Error] :1:1: Premature end of file.
2026-05-05 01:58:16,607 [ERROR] LogOutputStream:75 - [STDERR_REDIRECT] 
2026-05-05 01:58:17,599 [ERROR] LogOutputStream:75 - [STDERR_REDIRECT] [Fatal Error] :1:1: Premature end of file.
2026-05-05 01:58:17,599 [ERROR] LogOutputStream:75 - [STDERR_REDIRECT] 
2026-05-05 01:58:18,611 [ERROR] LogOutputStream:75 - [STDERR_REDIRECT] [Fatal Error] :1:1: Premature end of file.
2026-05-05 01:58:18,611 [ERROR] LogOutputStream:75 - [STDERR_REDIRECT] 
2026-05-05 01:58:19,612 [ERROR] LogOutputStream:75 - [STDERR_REDIRECT] [Fatal Error] :1:1: Premature end of file.
2026-05-05 01:58:19,612 [ERROR] LogOutputStream:75 - [STDERR_REDIRECT] 
2026-05-05 01:58:20,604 [ERROR] LogOutputStream:75 - [STDERR_REDIRECT] [Fatal Error] :1:1: Premature end of file.
2026-05-05 01:58:20,604 [ERROR] LogOutputStream:75 - [STDERR_REDIRECT] 
2026-05-05 01:58:21,608 [ERROR] LogOutputStream:75 - [STDERR_REDIRECT] [Fatal Error] :1:1: Premature end of file.
2026-05-05 01:58:21,608 [ERROR] LogOutputStream:75 - [STDERR_REDIRECT] 
2026-05-05 01:58:22,604 [ERROR] LogOutputStream:75 - [STDERR_REDIRECT] [Fatal Error] :1:1: Premature end of file.
2026-05-05 01:58:22,604 [ERROR] LogOutputStream:75 - [STDERR_REDIRECT] 
2026-05-05 01:58:23,605 [ERROR] LogOutputStream:75 - [STDERR_REDIRECT] [Fatal Error] :1:1: Premature end of file.
2026-05-05 01:58:23,605 [ERROR] LogOutputStream:75 - [STDERR_REDIRECT] 
2026-05-05 01:58:24,605 [ERROR] LogOutputStream:75 - [STDERR_REDIRECT] [Fatal Error] :1:1: Premature end of file.
2026-05-05 01:58:24,605 [ERROR] LogOutputStream:75 - [STDERR_REDIRECT] 
2026-05-05 01:58:25,606 [ERROR] LogOutputStream:75 - [STDERR_REDIRECT] [Fatal Error] :1:1: Premature end of file.
2026-05-05 01:58:25,606 [ERROR] LogOutputStream:75 - [STDERR_REDIRECT] 
2026-05-05 01:58:26,604 [ERROR] LogOutputStream:75 - [STDERR_REDIRECT] [Fatal Error] :1:1: Premature end of file.
2026-05-05 01:58:26,604 [ERROR] LogOutputStream:75 - [STDERR_REDIRECT] 
2026-05-05 01:58:27,611 [ERROR] LogOutputStream:75 - [STDERR_REDIRECT] [Fatal Error] :1:1: Premature end of file.
2026-05-05 01:58:27,611 [ERROR] LogOutputStream:75 - [STDERR_REDIRECT] 
2026-05-05 01:58:28,612 [ERROR] LogOutputStream:75 - [STDERR_REDIRECT] [Fatal Error] :1:1: Premature end of file.
2026-05-05 01:58:28,613 [ERROR] LogOutputStream:75 - [STDERR_REDIRECT] 
2026-05-05 01:58:29,612 [ERROR] LogOutputStream:75 - [STDERR_REDIRECT] [Fatal Error] :1:1: Premature end of file.
2026-05-05 01:58:29,612 [ERROR] LogOutputStream:75 - [STDERR_REDIRECT] 
2026-05-05 01:58:30,600 [ERROR] LogOutputStream:75 - [STDERR_REDIRECT] [Fatal Error] :1:1: Premature end of file.
2026-05-05 01:58:30,600 [ERROR] LogOutputStream:75 - [STDERR_REDIRECT] 
2026-05-05 01:58:31,599 [ERROR] LogOutputStream:75 - [STDERR_REDIRECT] [Fatal Error] :1:1: Premature end of file.
2026-05-05 01:58:31,599 [ERROR] LogOutputStream:75 - [STDERR_REDIRECT] 
2026-05-05 01:58:32,608 [ERROR] LogOutputStream:75 - [STDERR_REDIRECT] [Fatal Error] :1:1: Premature end of file.
2026-05-05 01:58:32,608 [ERROR] LogOutputStream:75 - [STDERR_REDIRECT] 
2026-05-05 01:58:33,600 [ERROR] LogOutputStream:75 - [STDERR_REDIRECT] [Fatal Error] :1:1: Premature end of file.
2026-05-05 01:58:33,601 [ERROR] LogOutputStream:75 - [STDERR_REDIRECT] 
2026-05-05 01:58:34,598 [ERROR] LogOutputStream:75 - [STDERR_REDIRECT] [Fatal Error] :1:1: Premature end of file.
2026-05-05 01:58:34,598 [ERROR] LogOutputStream:75 - [STDERR_REDIRECT] 
2026-05-05 01:58:35,598 [ERROR] LogOutputStream:75 - [STDERR_REDIRECT] [Fatal Error] :1:1: Premature end of file.
2026-05-05 01:58:35,598 [ERROR] LogOutputStream:75 - [STDERR_REDIRECT] 
2026-05-05 01:58:36,606 [ERROR] LogOutputStream:75 - [STDERR_REDIRECT] [Fatal Error] :1:1: Premature end of file.
2026-05-05 01:58:36,606 [ERROR] LogOutputStream:75 - [STDERR_REDIRECT] 
2026-05-05 01:58:37,602 [ERROR] LogOutputStream:75 - [STDERR_REDIRECT] [Fatal Error] :1:1: Premature end of file.
2026-05-05 01:58:37,603 [ERROR] LogOutputStream:75 - [STDERR_REDIRECT] 
2026-05-05 01:58:38,614 [ERROR] LogOutputStream:75 - [STDERR_REDIRECT] [Fatal Error] :1:1: Premature end of file.
2026-05-05 01:58:38,614 [ERROR] LogOutputStream:75 - [STDERR_REDIRECT] 
2026-05-05 01:58:39,613 [ERROR] LogOutputStream:75 - [STDERR_REDIRECT] [Fatal Error] :1:1: Premature end of file.
2026-05-05 01:58:39,613 [ERROR] LogOutputStream:75 - [STDERR_REDIRECT] 
2026-05-05 01:58:40,608 [ERROR] LogOutputStream:75 - [STDERR_REDIRECT] [Fatal Error] :1:1: Premature end of file.
2026-05-05 01:58:40,608 [ERROR] LogOutputStream:75 - [STDERR_REDIRECT] 
2026-05-05 01:58:41,605 [ERROR] LogOutputStream:75 - [STDERR_REDIRECT] [Fatal Error] :1:1: Premature end of file.
2026-05-05 01:58:41,605 [ERROR] LogOutputStream:75 - [STDERR_REDIRECT] 
2026-05-05 01:58:42,598 [ERROR] LogOutputStream:75 - [STDERR_REDIRECT] [Fatal Error] :1:1: Premature end of file.
2026-05-05 01:58:42,598 [ERROR] LogOutputStream:75 - [STDERR_REDIRECT] 
2026-05-05 01:58:43,608 [ERROR] LogOutputStream:75 - [STDERR_REDIRECT] [Fatal Error] :1:1: Premature end of file.
2026-05-05 01:58:43,608 [ERROR] LogOutputStream:75 - [STDERR_REDIRECT] 
2026-05-05 01:58:44,602 [ERROR] LogOutputStream:75 - [STDERR_REDIRECT] [Fatal Error] :1:1: Premature end of file.
2026-05-05 01:58:44,602 [ERROR] LogOutputStream:75 - [STDERR_REDIRECT] 
2026-05-05 01:58:45,602 [ERROR] LogOutputStream:75 - [STDERR_REDIRECT] [Fatal Error] :1:1: Premature end of file.
2026-05-05 01:58:45,602 [ERROR] LogOutputStream:75 - [STDERR_REDIRECT] 
2026-05-05 01:58:46,611 [ERROR] LogOutputStream:75 - [STDERR_REDIRECT] [Fatal Error] :1:1: Premature end of file.
2026-05-05 01:58:46,611 [ERROR] LogOutputStream:75 - [STDERR_REDIRECT] 
2026-05-05 01:58:47,607 [ERROR] LogOutputStream:75 - [STDERR_REDIRECT] [Fatal Error] :1:1: Premature end of file.
2026-05-05 01:58:47,607 [ERROR] LogOutputStream:75 - [STDERR_REDIRECT] 
2026-05-05 01:58:48,605 [ERROR] LogOutputStream:75 - [STDERR_REDIRECT] [Fatal Error] :1:1: Premature end of file.
2026-05-05 01:58:48,605 [ERROR] LogOutputStream:75 - [STDERR_REDIRECT] 
2026-05-05 01:58:49,614 [ERROR] LogOutputStream:75 - [STDERR_REDIRECT] [Fatal Error] :1:1: Premature end of file.
2026-05-05 01:58:49,615 [ERROR] LogOutputStream:75 - [STDERR_REDIRECT] 
2026-05-05 01:58:50,612 [ERROR] LogOutputStream:75 - [STDERR_REDIRECT] [Fatal Error] :1:1: Premature end of file.
2026-05-05 01:58:50,612 [ERROR] LogOutputStream:75 - [STDERR_REDIRECT] 
2026-05-05 01:58:51,612 [ERROR] LogOutputStream:75 - [STDERR_REDIRECT] [Fatal Error] :1:1: Premature end of file.
2026-05-05 01:58:51,613 [ERROR] LogOutputStream:75 - [STDERR_REDIRECT] 
2026-05-05 01:58:52,612 [ERROR] LogOutputStream:75 - [STDERR_REDIRECT] [Fatal Error] :1:1: Premature end of file.
2026-05-05 01:58:52,612 [ERROR] LogOutputStream:75 - [STDERR_REDIRECT] 
2026-05-05 01:58:53,609 [ERROR] LogOutputStream:75 - [STDERR_REDIRECT] [Fatal Error] :1:1: Premature end of file.
2026-05-05 01:58:53,610 [ERROR] LogOutputStream:75 - [STDERR_REDIRECT] 
2026-05-05 01:58:54,606 [ERROR] LogOutputStream:75 - [STDERR_REDIRECT] [Fatal Error] :1:1: Premature end of file.
2026-05-05 01:58:54,606 [ERROR] LogOutputStream:75 - [STDERR_REDIRECT] 
2026-05-05 01:58:55,603 [ERROR] LogOutputStream:75 - [STDERR_REDIRECT] [Fatal Error] :1:1: Premature end of file.
2026-05-05 01:58:55,603 [ERROR] LogOutputStream:75 - [STDERR_REDIRECT] 
2026-05-05 01:58:56,611 [ERROR] LogOutputStream:75 - [STDERR_REDIRECT] [Fatal Error] :1:1: Premature end of file.
2026-05-05 01:58:56,611 [ERROR] LogOutputStream:75 - [STDERR_REDIRECT] 
2026-05-05 01:58:57,610 [ERROR] LogOutputStream:75 - [STDERR_REDIRECT] [Fatal Error] :1:1: Premature end of file.
2026-05-05 01:58:57,610 [ERROR] LogOutputStream:75 - [STDERR_REDIRECT] 
2026-05-05 01:58:58,612 [ERROR] LogOutputStream:75 - [STDERR_REDIRECT] [Fatal Error] :1:1: Premature end of file.
2026-05-05 01:58:58,612 [ERROR] LogOutputStream:75 - [STDERR_REDIRECT] 
2026-05-05 01:58:59,606 [ERROR] LogOutputStream:75 - [STDERR_REDIRECT] [Fatal Error] :1:1: Premature end of file.
2026-05-05 01:58:59,606 [ERROR] LogOutputStream:75 - [STDERR_REDIRECT] 
2026-05-05 01:59:00,604 [ERROR] LogOutputStream:75 - [STDERR_REDIRECT] [Fatal Error] :1:1: Premature end of file.
2026-05-05 01:59:00,604 [ERROR] LogOutputStream:75 - [STDERR_REDIRECT] 
2026-05-05 01:59:01,611 [ERROR] LogOutputStream:75 - [STDERR_REDIRECT] [Fatal Error] :1:1: Premature end of file.
2026-05-05 01:59:01,611 [ERROR] LogOutputStream:75 - [STDERR_REDIRECT] 
2026-05-05 01:59:02,609 [ERROR] LogOutputStream:75 - [STDERR_REDIRECT] [Fatal Error] :1:1: Premature end of file.
2026-05-05 01:59:02,609 [ERROR] LogOutputStream:75 - [STDERR_REDIRECT] 
2026-05-05 01:59:03,607 [ERROR] LogOutputStream:75 - [STDERR_REDIRECT] [Fatal Error] :1:1: Premature end of file.
2026-05-05 01:59:03,607 [ERROR] LogOutputStream:75 - [STDERR_REDIRECT] 
2026-05-05 01:59:04,606 [ERROR] LogOutputStream:75 - [STDERR_REDIRECT] [Fatal Error] :1:1: Premature end of file.
2026-05-05 01:59:04,606 [ERROR] LogOutputStream:75 - [STDERR_REDIRECT] 
2026-05-05 01:59:05,608 [ERROR] LogOutputStream:75 - [STDERR_REDIRECT] [Fatal Error] :1:1: Premature end of file.
2026-05-05 01:59:05,608 [ERROR] LogOutputStream:75 - [STDERR_REDIRECT] 
2026-05-05 01:59:06,607 [ERROR] LogOutputStream:75 - [STDERR_REDIRECT] [Fatal Error] :1:1: Premature end of file.
2026-05-05 01:59:06,607 [ERROR] LogOutputStream:75 - [STDERR_REDIRECT] 
2026-05-05 01:59:07,603 [ERROR] LogOutputStream:75 - [STDERR_REDIRECT] [Fatal Error] :1:1: Premature end of file.
2026-05-05 01:59:07,603 [ERROR] LogOutputStream:75 - [STDERR_REDIRECT] 
2026-05-05 01:59:08,603 [ERROR] LogOutputStream:75 - [STDERR_REDIRECT] [Fatal Error] :1:1: Premature end of file.
2026-05-05 01:59:08,603 [ERROR] LogOutputStream:75 - [STDERR_REDIRECT] 
2026-05-05 01:59:09,616 [ERROR] LogOutputStream:75 - [STDERR_REDIRECT] [Fatal Error] :1:1: Premature end of file.
2026-05-05 01:59:09,616 [ERROR] LogOutputStream:75 - [STDERR_REDIRECT] 
2026-05-05 01:59:10,606 [ERROR] LogOutputStream:75 - [STDERR_REDIRECT] [Fatal Error] :1:1: Premature end of file.
2026-05-05 01:59:10,606 [ERROR] LogOutputStream:75 - [STDERR_REDIRECT] 
2026-05-05 01:59:11,611 [ERROR] LogOutputStream:75 - [STDERR_REDIRECT] [Fatal Error] :1:1: Premature end of file.
2026-05-05 01:59:11,611 [ERROR] LogOutputStream:75 - [STDERR_REDIRECT] 
2026-05-05 01:59:12,610 [ERROR] LogOutputStream:75 - [STDERR_REDIRECT] [Fatal Error] :1:1: Premature end of file.
2026-05-05 01:59:12,611 [ERROR] LogOutputStream:75 - [STDERR_REDIRECT] 
2026-05-05 01:59:13,607 [ERROR] LogOutputStream:75 - [STDERR_REDIRECT] [Fatal Error] :1:1: Premature end of file.
2026-05-05 01:59:13,607 [ERROR] LogOutputStream:75 - [STDERR_REDIRECT] 
2026-05-05 01:59:14,605 [ERROR] LogOutputStream:75 - [STDERR_REDIRECT] [Fatal Error] :1:1: Premature end of file.
2026-05-05 01:59:14,605 [ERROR] LogOutputStream:75 - [STDERR_REDIRECT] 
2026-05-05 01:59:15,605 [ERROR] LogOutputStream:75 - [STDERR_REDIRECT] [Fatal Error] :1:1: Premature end of file.
2026-05-05 01:59:15,606 [ERROR] LogOutputStream:75 - [STDERR_REDIRECT] 
2026-05-05 01:59:16,603 [ERROR] LogOutputStream:75 - [STDERR_REDIRECT] [Fatal Error] :1:1: Premature end of file.
2026-05-05 01:59:16,603 [ERROR] LogOutputStream:75 - [STDERR_REDIRECT] 
2026-05-05 01:59:17,599 [ERROR] LogOutputStream:75 - [STDERR_REDIRECT] [Fatal Error] :1:1: Premature end of file.
2026-05-05 01:59:17,599 [ERROR] LogOutputStream:75 - [STDERR_REDIRECT] 
2026-05-05 01:59:18,612 [ERROR] LogOutputStream:75 - [STDERR_REDIRECT] [Fatal Error] :1:1: Premature end of file.
2026-05-05 01:59:18,612 [ERROR] LogOutputStream:75 - [STDERR_REDIRECT] 
2026-05-05 01:59:19,614 [ERROR] LogOutputStream:75 - [STDERR_REDIRECT] [Fatal Error] :1:1: Premature end of file.
2026-05-05 01:59:19,614 [ERROR] LogOutputStream:75 - [STDERR_REDIRECT] 
2026-05-05 01:59:20,612 [ERROR] LogOutputStream:75 - [STDERR_REDIRECT] [Fatal Error] :1:1: Premature end of file.
2026-05-05 01:59:20,612 [ERROR] LogOutputStream:75 - [STDERR_REDIRECT] 
2026-05-05 01:59:21,612 [ERROR] LogOutputStream:75 - [STDERR_REDIRECT] [Fatal Error] :1:1: Premature end of file.
2026-05-05 01:59:21,612 [ERROR] LogOutputStream:75 - [STDERR_REDIRECT] 
2026-05-05 01:59:22,604 [ERROR] LogOutputStream:75 - [STDERR_REDIRECT] [Fatal Error] :1:1: Premature end of file.
2026-05-05 01:59:22,604 [ERROR] LogOutputStream:75 - [STDERR_REDIRECT] 
2026-05-05 01:59:23,606 [ERROR] LogOutputStream:75 - [STDERR_REDIRECT] [Fatal Error] :1:1: Premature end of file.
2026-05-05 01:59:23,606 [ERROR] LogOutputStream:75 - [STDERR_REDIRECT] 
2026-05-05 01:59:24,598 [ERROR] LogOutputStream:75 - [STDERR_REDIRECT] [Fatal Error] :1:1: Premature end of file.
2026-05-05 01:59:24,599 [ERROR] LogOutputStream:75 - [STDERR_REDIRECT] 
2026-05-05 01:59:25,617 [ERROR] LogOutputStream:75 - [STDERR_REDIRECT] [Fatal Error] :1:1: Premature end of file.
2026-05-05 01:59:25,617 [ERROR] LogOutputStream:75 - [STDERR_REDIRECT] 
2026-05-05 01:59:26,608 [ERROR] LogOutputStream:75 - [STDERR_REDIRECT] [Fatal Error] :1:1: Premature end of file.
2026-05-05 01:59:26,608 [ERROR] LogOutputStream:75 - [STDERR_REDIRECT] 
2026-05-05 01:59:27,612 [ERROR] LogOutputStream:75 - [STDERR_REDIRECT] [Fatal Error] :1:1: Premature end of file.
2026-05-05 01:59:27,612 [ERROR] LogOutputStream:75 - [STDERR_REDIRECT] 
2026-05-05 01:59:28,609 [ERROR] LogOutputStream:75 - [STDERR_REDIRECT] [Fatal Error] :1:1: Premature end of file.
2026-05-05 01:59:28,609 [ERROR] LogOutputStream:75 - [STDERR_REDIRECT] 
2026-05-05 01:59:29,607 [ERROR] LogOutputStream:75 - [STDERR_REDIRECT] [Fatal Error] :1:1: Premature end of file.
2026-05-05 01:59:29,607 [ERROR] LogOutputStream:75 - [STDERR_REDIRECT] 
2026-05-05 01:59:30,617 [ERROR] LogOutputStream:75 - [STDERR_REDIRECT] [Fatal Error] :1:1: Premature end of file.
2026-05-05 01:59:30,618 [ERROR] LogOutputStream:75 - [STDERR_REDIRECT] 
2026-05-05 01:59:31,606 [ERROR] LogOutputStream:75 - [STDERR_REDIRECT] [Fatal Error] :1:1: Premature end of file.
2026-05-05 01:59:31,606 [ERROR] LogOutputStream:75 - [STDERR_REDIRECT] 
2026-05-05 01:59:32,604 [ERROR] LogOutputStream:75 - [STDERR_REDIRECT] [Fatal Error] :1:1: Premature end of file.
2026-05-05 01:59:32,604 [ERROR] LogOutputStream:75 - [STDERR_REDIRECT] 
2026-05-05 01:59:33,609 [ERROR] LogOutputStream:75 - [STDERR_REDIRECT] [Fatal Error] :1:1: Premature end of file.
2026-05-05 01:59:33,609 [ERROR] LogOutputStream:75 - [STDERR_REDIRECT] 
2026-05-05 01:59:34,611 [ERROR] LogOutputStream:75 - [STDERR_REDIRECT] [Fatal Error] :1:1: Premature end of file.
2026-05-05 01:59:34,611 [ERROR] LogOutputStream:75 - [STDERR_REDIRECT] 
2026-05-05 01:59:35,609 [ERROR] LogOutputStream:75 - [STDERR_REDIRECT] [Fatal Error] :1:1: Premature end of file.
2026-05-05 01:59:35,609 [ERROR] LogOutputStream:75 - [STDERR_REDIRECT] 
2026-05-05 01:59:36,605 [ERROR] LogOutputStream:75 - [STDERR_REDIRECT] [Fatal Error] :1:1: Premature end of file.
2026-05-05 01:59:36,605 [ERROR] LogOutputStream:75 - [STDERR_REDIRECT] 
2026-05-05 01:59:37,605 [ERROR] LogOutputStream:75 - [STDERR_REDIRECT] [Fatal Error] :1:1: Premature end of file.
2026-05-05 01:59:37,605 [ERROR] LogOutputStream:75 - [STDERR_REDIRECT] 
2026-05-05 01:59:38,598 [ERROR] LogOutputStream:75 - [STDERR_REDIRECT] [Fatal Error] :1:1: Premature end of file.
2026-05-05 01:59:38,599 [ERROR] LogOutputStream:75 - [STDERR_REDIRECT] 
2026-05-05 01:59:39,606 [ERROR] LogOutputStream:75 - [STDERR_REDIRECT] [Fatal Error] :1:1: Premature end of file.
2026-05-05 01:59:39,606 [ERROR] LogOutputStream:75 - [STDERR_REDIRECT] 
2026-05-05 01:59:40,608 [ERROR] LogOutputStream:75 - [STDERR_REDIRECT] [Fatal Error] :1:1: Premature end of file.
2026-05-05 01:59:40,608 [ERROR] LogOutputStream:75 - [STDERR_REDIRECT] 
2026-05-05 01:59:41,612 [ERROR] LogOutputStream:75 - [STDERR_REDIRECT] [Fatal Error] :1:1: Premature end of file.
2026-05-05 01:59:41,613 [ERROR] LogOutputStream:75 - [STDERR_REDIRECT] 
2026-05-05 01:59:42,616 [ERROR] LogOutputStream:75 - [STDERR_REDIRECT] [Fatal Error] :1:1: Premature end of file.
2026-05-05 01:59:42,616 [ERROR] LogOutputStream:75 - [STDERR_REDIRECT] 
2026-05-05 01:59:43,611 [ERROR] LogOutputStream:75 - [STDERR_REDIRECT] [Fatal Error] :1:1: Premature end of file.
2026-05-05 01:59:43,611 [ERROR] LogOutputStream:75 - [STDERR_REDIRECT] 
2026-05-05 01:59:44,612 [ERROR] LogOutputStream:75 - [STDERR_REDIRECT] [Fatal Error] :1:1: Premature end of file.
2026-05-05 01:59:44,612 [ERROR] LogOutputStream:75 - [STDERR_REDIRECT] 
2026-05-05 01:59:45,612 [ERROR] LogOutputStream:75 - [STDERR_REDIRECT] [Fatal Error] :1:1: Premature end of file.
2026-05-05 01:59:45,612 [ERROR] LogOutputStream:75 - [STDERR_REDIRECT] 
2026-05-05 01:59:46,608 [ERROR] LogOutputStream:75 - [STDERR_REDIRECT] [Fatal Error] :1:1: Premature end of file.
2026-05-05 01:59:46,608 [ERROR] LogOutputStream:75 - [STDERR_REDIRECT] 
2026-05-05 01:59:47,611 [ERROR] LogOutputStream:75 - [STDERR_REDIRECT] [Fatal Error] :1:1: Premature end of file.
2026-05-05 01:59:47,611 [ERROR] LogOutputStream:75 - [STDERR_REDIRECT] 
2026-05-05 01:59:48,605 [ERROR] LogOutputStream:75 - [STDERR_REDIRECT] [Fatal Error] :1:1: Premature end of file.
2026-05-05 01:59:48,605 [ERROR] LogOutputStream:75 - [STDERR_REDIRECT] 
2026-05-05 01:59:49,605 [ERROR] LogOutputStream:75 - [STDERR_REDIRECT] [Fatal Error] :1:1: Premature end of file.
2026-05-05 01:59:49,606 [ERROR] LogOutputStream:75 - [STDERR_REDIRECT] 
2026-05-05 01:59:50,601 [ERROR] LogOutputStream:75 - [STDERR_REDIRECT] [Fatal Error] :1:1: Premature end of file.
2026-05-05 01:59:50,601 [ERROR] LogOutputStream:75 - [STDERR_REDIRECT] 
2026-05-05 01:59:51,604 [ERROR] LogOutputStream:75 - [STDERR_REDIRECT] [Fatal Error] :1:1: Premature end of file.
2026-05-05 01:59:51,604 [ERROR] LogOutputStream:75 - [STDERR_REDIRECT] 
2026-05-05 01:59:52,614 [ERROR] LogOutputStream:75 - [STDERR_REDIRECT] [Fatal Error] :1:1: Premature end of file.
2026-05-05 01:59:52,614 [ERROR] LogOutputStream:75 - [STDERR_REDIRECT] 
2026-05-05 01:59:53,601 [ERROR] LogOutputStream:75 - [STDERR_REDIRECT] [Fatal Error] :1:1: Premature end of file.
2026-05-05 01:59:53,601 [ERROR] LogOutputStream:75 - [STDERR_REDIRECT] 
2026-05-05 01:59:54,600 [ERROR] LogOutputStream:75 - [STDERR_REDIRECT] [Fatal Error] :1:1: Premature end of file.
2026-05-05 01:59:54,600 [ERROR] LogOutputStream:75 - [STDERR_REDIRECT] 
2026-05-05 01:59:55,609 [ERROR] LogOutputStream:75 - [STDERR_REDIRECT] [Fatal Error] :1:1: Premature end of file.
2026-05-05 01:59:55,609 [ERROR] LogOutputStream:75 - [STDERR_REDIRECT] 
2026-05-05 01:59:56,603 [ERROR] LogOutputStream:75 - [STDERR_REDIRECT] [Fatal Error] :1:1: Premature end of file.
2026-05-05 01:59:56,603 [ERROR] LogOutputStream:75 - [STDERR_REDIRECT] 
2026-05-05 01:59:57,604 [ERROR] LogOutputStream:75 - [STDERR_REDIRECT] [Fatal Error] :1:1: Premature end of file.
2026-05-05 01:59:57,604 [ERROR] LogOutputStream:75 - [STDERR_REDIRECT] 
2026-05-05 01:59:58,602 [ERROR] LogOutputStream:75 - [STDERR_REDIRECT] [Fatal Error] :1:1: Premature end of file.
2026-05-05 01:59:58,602 [ERROR] LogOutputStream:75 - [STDERR_REDIRECT] 
2026-05-05 01:59:59,596 [ERROR] LogOutputStream:75 - [STDERR_REDIRECT] [Fatal Error] :1:1: Premature end of file.
2026-05-05 01:59:59,596 [ERROR] LogOutputStream:75 - [STDERR_REDIRECT] 
2026-05-05 02:00:00,607 [ERROR] LogOutputStream:75 - [STDERR_REDIRECT] [Fatal Error] :1:1: Premature end of file.
2026-05-05 02:00:00,607 [ERROR] LogOutputStream:75 - [STDERR_REDIRECT] 
2026-05-05 02:00:01,605 [ERROR] LogOutputStream:75 - [STDERR_REDIRECT] [Fatal Error] :1:1: Premature end of file.
2026-05-05 02:00:01,605 [ERROR] LogOutputStream:75 - [STDERR_REDIRECT] 
2026-05-05 02:00:02,611 [ERROR] LogOutputStream:75 - [STDERR_REDIRECT] [Fatal Error] :1:1: Premature end of file.
2026-05-05 02:00:02,611 [ERROR] LogOutputStream:75 - [STDERR_REDIRECT] 
2026-05-05 02:00:03,616 [ERROR] LogOutputStream:75 - [STDERR_REDIRECT] [Fatal Error] :1:1: Premature end of file.
2026-05-05 02:00:03,616 [ERROR] LogOutputStream:75 - [STDERR_REDIRECT] 
2026-05-05 02:00:04,613 [ERROR] LogOutputStream:75 - [STDERR_REDIRECT] [Fatal Error] :1:1: Premature end of file.
2026-05-05 02:00:04,613 [ERROR] LogOutputStream:75 - [STDERR_REDIRECT] 
2026-05-05 02:00:05,603 [ERROR] LogOutputStream:75 - [STDERR_REDIRECT] [Fatal Error] :1:1: Premature end of file.
2026-05-05 02:00:05,603 [ERROR] LogOutputStream:75 - [STDERR_REDIRECT] 
2026-05-05 02:00:06,615 [ERROR] LogOutputStream:75 - [STDERR_REDIRECT] [Fatal Error] :1:1: Premature end of file.
2026-05-05 02:00:06,615 [ERROR] LogOutputStream:75 - [STDERR_REDIRECT] 
2026-05-05 02:00:07,616 [ERROR] LogOutputStream:75 - [STDERR_REDIRECT] [Fatal Error] :1:1: Premature end of file.
2026-05-05 02:00:07,616 [ERROR] LogOutputStream:75 - [STDERR_REDIRECT] 
2026-05-05 02:00:08,611 [ERROR] LogOutputStream:75 - [STDERR_REDIRECT] [Fatal Error] :1:1: Premature end of file.
2026-05-05 02:00:08,611 [ERROR] LogOutputStream:75 - [STDERR_REDIRECT] 
2026-05-05 02:00:09,619 [ERROR] LogOutputStream:75 - [STDERR_REDIRECT] [Fatal Error] :1:1: Premature end of file.
2026-05-05 02:00:09,619 [ERROR] LogOutputStream:75 - [STDERR_REDIRECT] 
2026-05-05 02:00:10,600 [ERROR] LogOutputStream:75 - [STDERR_REDIRECT] [Fatal Error] :1:1: Premature end of file.
2026-05-05 02:00:10,600 [ERROR] LogOutputStream:75 - [STDERR_REDIRECT] 
2026-05-05 02:00:11,609 [ERROR] LogOutputStream:75 - [STDERR_REDIRECT] [Fatal Error] :1:1: Premature end of file.
2026-05-05 02:00:11,609 [ERROR] LogOutputStream:75 - [STDERR_REDIRECT] 
2026-05-05 02:00:12,607 [ERROR] LogOutputStream:75 - [STDERR_REDIRECT] [Fatal Error] :1:1: Premature end of file.
2026-05-05 02:00:12,608 [ERROR] LogOutputStream:75 - [STDERR_REDIRECT] 
2026-05-05 02:00:13,618 [ERROR] LogOutputStream:75 - [STDERR_REDIRECT] [Fatal Error] :1:1: Premature end of file.
2026-05-05 02:00:13,618 [ERROR] LogOutputStream:75 - [STDERR_REDIRECT] 
2026-05-05 02:00:14,608 [ERROR] LogOutputStream:75 - [STDERR_REDIRECT] [Fatal Error] :1:1: Premature end of file.
2026-05-05 02:00:14,608 [ERROR] LogOutputStream:75 - [STDERR_REDIRECT] 
2026-05-05 02:00:15,600 [ERROR] LogOutputStream:75 - [STDERR_REDIRECT] [Fatal Error] :1:1: Premature end of file.
2026-05-05 02:00:15,600 [ERROR] LogOutputStream:75 - [STDERR_REDIRECT] 
2026-05-05 02:00:16,611 [ERROR] LogOutputStream:75 - [STDERR_REDIRECT] [Fatal Error] :1:1: Premature end of file.
2026-05-05 02:00:16,611 [ERROR] LogOutputStream:75 - [STDERR_REDIRECT] 
2026-05-05 02:00:17,600 [ERROR] LogOutputStream:75 - [STDERR_REDIRECT] [Fatal Error] :1:1: Premature end of file.
2026-05-05 02:00:17,600 [ERROR] LogOutputStream:75 - [STDERR_REDIRECT] 
2026-05-05 02:00:18,606 [ERROR] LogOutputStream:75 - [STDERR_REDIRECT] [Fatal Error] :1:1: Premature end of file.
2026-05-05 02:00:18,606 [ERROR] LogOutputStream:75 - [STDERR_REDIRECT] 
2026-05-05 02:00:19,613 [ERROR] LogOutputStream:75 - [STDERR_REDIRECT] [Fatal Error] :1:1: Premature end of file.
2026-05-05 02:00:19,613 [ERROR] LogOutputStream:75 - [STDERR_REDIRECT] 
2026-05-05 02:00:20,609 [ERROR] LogOutputStream:75 - [STDERR_REDIRECT] [Fatal Error] :1:1: Premature end of file.
2026-05-05 02:00:20,609 [ERROR] LogOutputStream:75 - [STDERR_REDIRECT] 
2026-05-05 02:00:21,605 [ERROR] LogOutputStream:75 - [STDERR_REDIRECT] [Fatal Error] :1:1: Premature end of file.
2026-05-05 02:00:21,606 [ERROR] LogOutputStream:75 - [STDERR_REDIRECT] 
2026-05-05 02:00:22,615 [ERROR] LogOutputStream:75 - [STDERR_REDIRECT] [Fatal Error] :1:1: Premature end of file.
2026-05-05 02:00:22,615 [ERROR] LogOutputStream:75 - [STDERR_REDIRECT] 
2026-05-05 02:00:23,608 [ERROR] LogOutputStream:75 - [STDERR_REDIRECT] [Fatal Error] :1:1: Premature end of file.
2026-05-05 02:00:23,608 [ERROR] LogOutputStream:75 - [STDERR_REDIRECT] 
2026-05-05 02:00:24,603 [ERROR] LogOutputStream:75 - [STDERR_REDIRECT] [Fatal Error] :1:1: Premature end of file.
2026-05-05 02:00:24,603 [ERROR] LogOutputStream:75 - [STDERR_REDIRECT] 
2026-05-05 02:00:25,608 [ERROR] LogOutputStream:75 - [STDERR_REDIRECT] [Fatal Error] :1:1: Premature end of file.
2026-05-05 02:00:25,608 [ERROR] LogOutputStream:75 - [STDERR_REDIRECT] 
2026-05-05 02:00:26,615 [ERROR] LogOutputStream:75 - [STDERR_REDIRECT] [Fatal Error] :1:1: Premature end of file.
2026-05-05 02:00:26,615 [ERROR] LogOutputStream:75 - [STDERR_REDIRECT] 
2026-05-05 02:00:27,609 [ERROR] LogOutputStream:75 - [STDERR_REDIRECT] [Fatal Error] :1:1: Premature end of file.
2026-05-05 02:00:27,609 [ERROR] LogOutputStream:75 - [STDERR_REDIRECT] 
2026-05-05 02:00:28,609 [ERROR] LogOutputStream:75 - [STDERR_REDIRECT] [Fatal Error] :1:1: Premature end of file.
2026-05-05 02:00:28,610 [ERROR] LogOutputStream:75 - [STDERR_REDIRECT] 
2026-05-05 02:00:29,630 [ERROR] LogOutputStream:75 - [STDERR_REDIRECT] [Fatal Error] :1:1: Premature end of file.
2026-05-05 02:00:29,630 [ERROR] LogOutputStream:75 - [STDERR_REDIRECT] 
2026-05-05 02:00:30,605 [ERROR] LogOutputStream:75 - [STDERR_REDIRECT] [Fatal Error] :1:1: Premature end of file.
2026-05-05 02:00:30,605 [ERROR] LogOutputStream:75 - [STDERR_REDIRECT] 
2026-05-05 02:00:31,602 [ERROR] LogOutputStream:75 - [STDERR_REDIRECT] [Fatal Error] :1:1: Premature end of file.
2026-05-05 02:00:31,602 [ERROR] LogOutputStream:75 - [STDERR_REDIRECT] 
2026-05-05 02:00:32,612 [ERROR] LogOutputStream:75 - [STDERR_REDIRECT] [Fatal Error] :1:1: Premature end of file.
2026-05-05 02:00:32,612 [ERROR] LogOutputStream:75 - [STDERR_REDIRECT] 
2026-05-05 02:00:33,612 [ERROR] LogOutputStream:75 - [STDERR_REDIRECT] [Fatal Error] :1:1: Premature end of file.
2026-05-05 02:00:33,612 [ERROR] LogOutputStream:75 - [STDERR_REDIRECT] 
2026-05-05 02:00:34,627 [ERROR] LogOutputStream:75 - [STDERR_REDIRECT] [Fatal Error] :1:1: Premature end of file.
2026-05-05 02:00:34,627 [ERROR] LogOutputStream:75 - [STDERR_REDIRECT] 
2026-05-05 02:00:35,614 [ERROR] LogOutputStream:75 - [STDERR_REDIRECT] [Fatal Error] :1:1: Premature end of file.
2026-05-05 02:00:35,614 [ERROR] LogOutputStream:75 - [STDERR_REDIRECT] 
2026-05-05 02:00:36,609 [ERROR] LogOutputStream:75 - [STDERR_REDIRECT] [Fatal Error] :1:1: Premature end of file.
2026-05-05 02:00:36,609 [ERROR] LogOutputStream:75 - [STDERR_REDIRECT] 
2026-05-05 02:00:37,610 [ERROR] LogOutputStream:75 - [STDERR_REDIRECT] [Fatal Error] :1:1: Premature end of file.
2026-05-05 02:00:37,610 [ERROR] LogOutputStream:75 - [STDERR_REDIRECT] 
2026-05-05 02:00:38,602 [ERROR] LogOutputStream:75 - [STDERR_REDIRECT] [Fatal Error] :1:1: Premature end of file.
2026-05-05 02:00:38,602 [ERROR] LogOutputStream:75 - [STDERR_REDIRECT] 
2026-05-05 02:00:39,611 [ERROR] LogOutputStream:75 - [STDERR_REDIRECT] [Fatal Error] :1:1: Premature end of file.
2026-05-05 02:00:39,611 [ERROR] LogOutputStream:75 - [STDERR_REDIRECT] 
2026-05-05 02:00:40,605 [ERROR] LogOutputStream:75 - [STDERR_REDIRECT] [Fatal Error] :1:1: Premature end of file.
2026-05-05 02:00:40,605 [ERROR] LogOutputStream:75 - [STDERR_REDIRECT] 
2026-05-05 02:00:41,599 [ERROR] LogOutputStream:75 - [STDERR_REDIRECT] [Fatal Error] :1:1: Premature end of file.
2026-05-05 02:00:41,599 [ERROR] LogOutputStream:75 - [STDERR_REDIRECT] 
2026-05-05 02:00:42,612 [ERROR] LogOutputStream:75 - [STDERR_REDIRECT] [Fatal Error] :1:1: Premature end of file.
2026-05-05 02:00:42,612 [ERROR] LogOutputStream:75 - [STDERR_REDIRECT] 
2026-05-05 02:00:43,603 [ERROR] LogOutputStream:75 - [STDERR_REDIRECT] [Fatal Error] :1:1: Premature end of file.
2026-05-05 02:00:43,603 [ERROR] LogOutputStream:75 - [STDERR_REDIRECT] 
2026-05-05 02:00:44,615 [ERROR] LogOutputStream:75 - [STDERR_REDIRECT] [Fatal Error] :1:1: Premature end of file.
2026-05-05 02:00:44,615 [ERROR] LogOutputStream:75 - [STDERR_REDIRECT] 
2026-05-05 02:00:45,613 [ERROR] LogOutputStream:75 - [STDERR_REDIRECT] [Fatal Error] :1:1: Premature end of file.
2026-05-05 02:00:45,613 [ERROR] LogOutputStream:75 - [STDERR_REDIRECT] 
2026-05-05 02:00:46,609 [ERROR] LogOutputStream:75 - [STDERR_REDIRECT] [Fatal Error] :1:1: Premature end of file.
2026-05-05 02:00:46,609 [ERROR] LogOutputStream:75 - [STDERR_REDIRECT] 
2026-05-05 02:00:47,611 [ERROR] LogOutputStream:75 - [STDERR_REDIRECT] [Fatal Error] :1:1: Premature end of file.
2026-05-05 02:00:47,611 [ERROR] LogOutputStream:75 - [STDERR_REDIRECT] 
2026-05-05 02:00:48,613 [ERROR] LogOutputStream:75 - [STDERR_REDIRECT] [Fatal Error] :1:1: Premature end of file.
2026-05-05 02:00:48,613 [ERROR] LogOutputStream:75 - [STDERR_REDIRECT] 
2026-05-05 02:00:49,606 [ERROR] LogOutputStream:75 - [STDERR_REDIRECT] [Fatal Error] :1:1: Premature end of file.
2026-05-05 02:00:49,606 [ERROR] LogOutputStream:75 - [STDERR_REDIRECT] 
2026-05-05 02:00:50,613 [ERROR] LogOutputStream:75 - [STDERR_REDIRECT] [Fatal Error] :1:1: Premature end of file.
2026-05-05 02:00:50,613 [ERROR] LogOutputStream:75 - [STDERR_REDIRECT] 
2026-05-05 02:00:51,623 [ERROR] LogOutputStream:75 - [STDERR_REDIRECT] [Fatal Error] :1:1: Premature end of file.
2026-05-05 02:00:51,623 [ERROR] LogOutputStream:75 - [STDERR_REDIRECT] 
2026-05-05 02:00:52,611 [ERROR] LogOutputStream:75 - [STDERR_REDIRECT] [Fatal Error] :1:1: Premature end of file.
2026-05-05 02:00:52,611 [ERROR] LogOutputStream:75 - [STDERR_REDIRECT] 
2026-05-05 02:00:53,605 [ERROR] LogOutputStream:75 - [STDERR_REDIRECT] [Fatal Error] :1:1: Premature end of file.
2026-05-05 02:00:53,605 [ERROR] LogOutputStream:75 - [STDERR_REDIRECT] 
2026-05-05 02:00:54,603 [ERROR] LogOutputStream:75 - [STDERR_REDIRECT] [Fatal Error] :1:1: Premature end of file.
2026-05-05 02:00:54,603 [ERROR] LogOutputStream:75 - [STDERR_REDIRECT] 
2026-05-05 02:00:55,600 [ERROR] LogOutputStream:75 - [STDERR_REDIRECT] [Fatal Error] :1:1: Premature end of file.
2026-05-05 02:00:55,600 [ERROR] LogOutputStream:75 - [STDERR_REDIRECT] 
2026-05-05 02:00:56,605 [ERROR] LogOutputStream:75 - [STDERR_REDIRECT] [Fatal Error] :1:1: Premature end of file.
2026-05-05 02:00:56,605 [ERROR] LogOutputStream:75 - [STDERR_REDIRECT] 
2026-05-05 02:00:57,616 [ERROR] LogOutputStream:75 - [STDERR_REDIRECT] [Fatal Error] :1:1: Premature end of file.
2026-05-05 02:00:57,616 [ERROR] LogOutputStream:75 - [STDERR_REDIRECT] 
2026-05-05 02:00:58,612 [ERROR] LogOutputStream:75 - [STDERR_REDIRECT] [Fatal Error] :1:1: Premature end of file.
2026-05-05 02:00:58,612 [ERROR] LogOutputStream:75 - [STDERR_REDIRECT] 
2026-05-05 02:00:59,608 [ERROR] LogOutputStream:75 - [STDERR_REDIRECT] [Fatal Error] :1:1: Premature end of file.
2026-05-05 02:00:59,608 [ERROR] LogOutputStream:75 - [STDERR_REDIRECT] 
2026-05-05 02:01:00,614 [ERROR] LogOutputStream:75 - [STDERR_REDIRECT] [Fatal Error] :1:1: Premature end of file.
2026-05-05 02:01:00,614 [ERROR] LogOutputStream:75 - [STDERR_REDIRECT] 
2026-05-05 02:01:01,608 [ERROR] LogOutputStream:75 - [STDERR_REDIRECT] [Fatal Error] :1:1: Premature end of file.
2026-05-05 02:01:01,608 [ERROR] LogOutputStream:75 - [STDERR_REDIRECT] 
2026-05-05 02:01:02,615 [ERROR] LogOutputStream:75 - [STDERR_REDIRECT] [Fatal Error] :1:1: Premature end of file.
2026-05-05 02:01:02,615 [ERROR] LogOutputStream:75 - [STDERR_REDIRECT] 
2026-05-05 02:01:03,610 [ERROR] LogOutputStream:75 - [STDERR_REDIRECT] [Fatal Error] :1:1: Premature end of file.
2026-05-05 02:01:03,610 [ERROR] LogOutputStream:75 - [STDERR_REDIRECT] 
2026-05-05 02:01:04,611 [ERROR] LogOutputStream:75 - [STDERR_REDIRECT] [Fatal Error] :1:1: Premature end of file.
2026-05-05 02:01:04,611 [ERROR] LogOutputStream:75 - [STDERR_REDIRECT] 
2026-05-05 02:01:05,613 [ERROR] LogOutputStream:75 - [STDERR_REDIRECT] [Fatal Error] :1:1: Premature end of file.
2026-05-05 02:01:05,613 [ERROR] LogOutputStream:75 - [STDERR_REDIRECT] 
2026-05-05 02:01:06,608 [ERROR] LogOutputStream:75 - [STDERR_REDIRECT] [Fatal Error] :1:1: Premature end of file.
2026-05-05 02:01:06,609 [ERROR] LogOutputStream:75 - [STDERR_REDIRECT] 
2026-05-05 02:01:07,604 [ERROR] LogOutputStream:75 - [STDERR_REDIRECT] [Fatal Error] :1:1: Premature end of file.
2026-05-05 02:01:07,604 [ERROR] LogOutputStream:75 - [STDERR_REDIRECT] 
2026-05-05 02:01:08,603 [ERROR] LogOutputStream:75 - [STDERR_REDIRECT] [Fatal Error] :1:1: Premature end of file.
2026-05-05 02:01:08,604 [ERROR] LogOutputStream:75 - [STDERR_REDIRECT] 
2026-05-05 02:01:09,613 [ERROR] LogOutputStream:75 - [STDERR_REDIRECT] [Fatal Error] :1:1: Premature end of file.
2026-05-05 02:01:09,614 [ERROR] LogOutputStream:75 - [STDERR_REDIRECT] 
2026-05-05 02:01:10,613 [ERROR] LogOutputStream:75 - [STDERR_REDIRECT] [Fatal Error] :1:1: Premature end of file.
2026-05-05 02:01:10,613 [ERROR] LogOutputStream:75 - [STDERR_REDIRECT] 
2026-05-05 02:01:11,612 [ERROR] LogOutputStream:75 - [STDERR_REDIRECT] [Fatal Error] :1:1: Premature end of file.
2026-05-05 02:01:11,612 [ERROR] LogOutputStream:75 - [STDERR_REDIRECT] 
2026-05-05 02:01:12,602 [ERROR] LogOutputStream:75 - [STDERR_REDIRECT] [Fatal Error] :1:1: Premature end of file.
2026-05-05 02:01:12,602 [ERROR] LogOutputStream:75 - [STDERR_REDIRECT] 
2026-05-05 02:01:13,600 [ERROR] LogOutputStream:75 - [STDERR_REDIRECT] [Fatal Error] :1:1: Premature end of file.
2026-05-05 02:01:13,600 [ERROR] LogOutputStream:75 - [STDERR_REDIRECT] 
2026-05-05 02:01:14,613 [ERROR] LogOutputStream:75 - [STDERR_REDIRECT] [Fatal Error] :1:1: Premature end of file.
2026-05-05 02:01:14,613 [ERROR] LogOutputStream:75 - [STDERR_REDIRECT] 
2026-05-05 02:01:15,615 [ERROR] LogOutputStream:75 - [STDERR_REDIRECT] [Fatal Error] :1:1: Premature end of file.
2026-05-05 02:01:15,615 [ERROR] LogOutputStream:75 - [STDERR_REDIRECT] 
2026-05-05 02:01:16,619 [ERROR] LogOutputStream:75 - [STDERR_REDIRECT] [Fatal Error] :1:1: Premature end of file.
2026-05-05 02:01:16,619 [ERROR] LogOutputStream:75 - [STDERR_REDIRECT] 
2026-05-05 02:01:17,610 [ERROR] LogOutputStream:75 - [STDERR_REDIRECT] [Fatal Error] :1:1: Premature end of file.
2026-05-05 02:01:17,610 [ERROR] LogOutputStream:75 - [STDERR_REDIRECT] 
2026-05-05 02:01:18,617 [ERROR] LogOutputStream:75 - [STDERR_REDIRECT] [Fatal Error] :1:1: Premature end of file.
2026-05-05 02:01:18,617 [ERROR] LogOutputStream:75 - [STDERR_REDIRECT] 
2026-05-05 02:01:19,604 [ERROR] LogOutputStream:75 - [STDERR_REDIRECT] [Fatal Error] :1:1: Premature end of file.
2026-05-05 02:01:19,604 [ERROR] LogOutputStream:75 - [STDERR_REDIRECT] 
2026-05-05 02:01:20,603 [ERROR] LogOutputStream:75 - [STDERR_REDIRECT] [Fatal Error] :1:1: Premature end of file.
2026-05-05 02:01:20,603 [ERROR] LogOutputStream:75 - [STDERR_REDIRECT] 
2026-05-05 02:01:21,610 [ERROR] LogOutputStream:75 - [STDERR_REDIRECT] [Fatal Error] :1:1: Premature end of file.
2026-05-05 02:01:21,611 [ERROR] LogOutputStream:75 - [STDERR_REDIRECT] 
2026-05-05 02:01:22,606 [ERROR] LogOutputStream:75 - [STDERR_REDIRECT] [Fatal Error] :1:1: Premature end of file.
2026-05-05 02:01:22,606 [ERROR] LogOutputStream:75 - [STDERR_REDIRECT] 
2026-05-05 02:01:23,604 [ERROR] LogOutputStream:75 - [STDERR_REDIRECT] [Fatal Error] :1:1: Premature end of file.
2026-05-05 02:01:23,604 [ERROR] LogOutputStream:75 - [STDERR_REDIRECT] 
2026-05-05 02:01:24,606 [ERROR] LogOutputStream:75 - [STDERR_REDIRECT] [Fatal Error] :1:1: Premature end of file.
2026-05-05 02:01:24,606 [ERROR] LogOutputStream:75 - [STDERR_REDIRECT] 
2026-05-05 02:01:25,614 [ERROR] LogOutputStream:75 - [STDERR_REDIRECT] [Fatal Error] :1:1: Premature end of file.
2026-05-05 02:01:25,614 [ERROR] LogOutputStream:75 - [STDERR_REDIRECT] 
2026-05-05 02:01:26,603 [ERROR] LogOutputStream:75 - [STDERR_REDIRECT] [Fatal Error] :1:1: Premature end of file.
2026-05-05 02:01:26,603 [ERROR] LogOutputStream:75 - [STDERR_REDIRECT] 
2026-05-05 02:01:27,599 [ERROR] LogOutputStream:75 - [STDERR_REDIRECT] [Fatal Error] :1:1: Premature end of file.
2026-05-05 02:01:27,599 [ERROR] LogOutputStream:75 - [STDERR_REDIRECT] 
2026-05-05 02:01:28,608 [ERROR] LogOutputStream:75 - [STDERR_REDIRECT] [Fatal Error] :1:1: Premature end of file.
2026-05-05 02:01:28,608 [ERROR] LogOutputStream:75 - [STDERR_REDIRECT] 
2026-05-05 02:01:29,607 [ERROR] LogOutputStream:75 - [STDERR_REDIRECT] [Fatal Error] :1:1: Premature end of file.
2026-05-05 02:01:29,607 [ERROR] LogOutputStream:75 - [STDERR_REDIRECT] 
2026-05-05 02:01:30,603 [ERROR] LogOutputStream:75 - [STDERR_REDIRECT] [Fatal Error] :1:1: Premature end of file.
2026-05-05 02:01:30,603 [ERROR] LogOutputStream:75 - [STDERR_REDIRECT] 
2026-05-05 02:01:31,610 [ERROR] LogOutputStream:75 - [STDERR_REDIRECT] [Fatal Error] :1:1: Premature end of file.
2026-05-05 02:01:31,610 [ERROR] LogOutputStream:75 - [STDERR_REDIRECT] 
2026-05-05 02:01:32,610 [ERROR] LogOutputStream:75 - [STDERR_REDIRECT] [Fatal Error] :1:1: Premature end of file.
2026-05-05 02:01:32,610 [ERROR] LogOutputStream:75 - [STDERR_REDIRECT] 
2026-05-05 02:01:33,612 [ERROR] LogOutputStream:75 - [STDERR_REDIRECT] [Fatal Error] :1:1: Premature end of file.
2026-05-05 02:01:33,612 [ERROR] LogOutputStream:75 - [STDERR_REDIRECT] 
2026-05-05 02:01:34,608 [ERROR] LogOutputStream:75 - [STDERR_REDIRECT] [Fatal Error] :1:1: Premature end of file.
2026-05-05 02:01:34,608 [ERROR] LogOutputStream:75 - [STDERR_REDIRECT] 
2026-05-05 02:01:35,608 [ERROR] LogOutputStream:75 - [STDERR_REDIRECT] [Fatal Error] :1:1: Premature end of file.
2026-05-05 02:01:35,608 [ERROR] LogOutputStream:75 - [STDERR_REDIRECT] 
2026-05-05 02:01:36,611 [ERROR] LogOutputStream:75 - [STDERR_REDIRECT] [Fatal Error] :1:1: Premature end of file.
2026-05-05 02:01:36,611 [ERROR] LogOutputStream:75 - [STDERR_REDIRECT] 
2026-05-05 02:01:37,600 [ERROR] LogOutputStream:75 - [STDERR_REDIRECT] [Fatal Error] :1:1: Premature end of file.
2026-05-05 02:01:37,601 [ERROR] LogOutputStream:75 - [STDERR_REDIRECT] 
2026-05-05 02:01:38,602 [ERROR] LogOutputStream:75 - [STDERR_REDIRECT] [Fatal Error] :1:1: Premature end of file.
2026-05-05 02:01:38,603 [ERROR] LogOutputStream:75 - [STDERR_REDIRECT] 
2026-05-05 02:01:39,598 [ERROR] LogOutputStream:75 - [STDERR_REDIRECT] [Fatal Error] :1:1: Premature end of file.
2026-05-05 02:01:39,598 [ERROR] LogOutputStream:75 - [STDERR_REDIRECT] 
2026-05-05 02:01:40,620 [ERROR] LogOutputStream:75 - [STDERR_REDIRECT] [Fatal Error] :1:1: Premature end of file.
2026-05-05 02:01:40,620 [ERROR] LogOutputStream:75 - [STDERR_REDIRECT] 
2026-05-05 02:01:41,606 [ERROR] LogOutputStream:75 - [STDERR_REDIRECT] [Fatal Error] :1:1: Premature end of file.
2026-05-05 02:01:41,607 [ERROR] LogOutputStream:75 - [STDERR_REDIRECT] 
2026-05-05 02:01:43,595 [ERROR] LogOutputStream:75 - [STDERR_REDIRECT] [Fatal Error] :1:1: Premature end of file.
2026-05-05 02:01:43,595 [ERROR] LogOutputStream:75 - [STDERR_REDIRECT] 
2026-05-05 02:01:43,621 [ERROR] LogOutputStream:75 - [STDERR_REDIRECT] [Fatal Error] :1:1: Premature end of file.
2026-05-05 02:01:43,621 [ERROR] LogOutputStream:75 - [STDERR_REDIRECT] 
2026-05-05 02:01:44,609 [ERROR] LogOutputStream:75 - [STDERR_REDIRECT] [Fatal Error] :1:1: Premature end of file.
2026-05-05 02:01:44,609 [ERROR] LogOutputStream:75 - [STDERR_REDIRECT] 
2026-05-05 02:01:45,602 [ERROR] LogOutputStream:75 - [STDERR_REDIRECT] [Fatal Error] :1:1: Premature end of file.
2026-05-05 02:01:45,602 [ERROR] LogOutputStream:75 - [STDERR_REDIRECT] 
2026-05-05 02:01:46,598 [ERROR] LogOutputStream:75 - [STDERR_REDIRECT] [Fatal Error] :1:1: Premature end of file.
2026-05-05 02:01:46,598 [ERROR] LogOutputStream:75 - [STDERR_REDIRECT] 
2026-05-05 02:01:47,604 [ERROR] LogOutputStream:75 - [STDERR_REDIRECT] [Fatal Error] :1:1: Premature end of file.
2026-05-05 02:01:47,604 [ERROR] LogOutputStream:75 - [STDERR_REDIRECT] 
2026-05-05 02:01:48,605 [ERROR] LogOutputStream:75 - [STDERR_REDIRECT] [Fatal Error] :1:1: Premature end of file.
2026-05-05 02:01:48,605 [ERROR] LogOutputStream:75 - [STDERR_REDIRECT] 
2026-05-05 02:01:49,609 [ERROR] LogOutputStream:75 - [STDERR_REDIRECT] [Fatal Error] :1:1: Premature end of file.
2026-05-05 02:01:49,609 [ERROR] LogOutputStream:75 - [STDERR_REDIRECT] 
2026-05-05 02:01:50,608 [ERROR] LogOutputStream:75 - [STDERR_REDIRECT] [Fatal Error] :1:1: Premature end of file.
2026-05-05 02:01:50,609 [ERROR] LogOutputStream:75 - [STDERR_REDIRECT] 
2026-05-05 02:01:51,615 [ERROR] LogOutputStream:75 - [STDERR_REDIRECT] [Fatal Error] :1:1: Premature end of file.
2026-05-05 02:01:51,615 [ERROR] LogOutputStream:75 - [STDERR_REDIRECT] 
2026-05-05 02:01:52,613 [ERROR] LogOutputStream:75 - [STDERR_REDIRECT] [Fatal Error] :1:1: Premature end of file.
2026-05-05 02:01:52,613 [ERROR] LogOutputStream:75 - [STDERR_REDIRECT] 
2026-05-05 02:01:53,599 [ERROR] LogOutputStream:75 - [STDERR_REDIRECT] [Fatal Error] :1:1: Premature end of file.
2026-05-05 02:01:53,599 [ERROR] LogOutputStream:75 - [STDERR_REDIRECT] 
2026-05-05 02:01:54,607 [ERROR] LogOutputStream:75 - [STDERR_REDIRECT] [Fatal Error] :1:1: Premature end of file.
2026-05-05 02:01:54,607 [ERROR] LogOutputStream:75 - [STDERR_REDIRECT] 
2026-05-05 02:01:55,604 [ERROR] LogOutputStream:75 - [STDERR_REDIRECT] [Fatal Error] :1:1: Premature end of file.
2026-05-05 02:01:55,604 [ERROR] LogOutputStream:75 - [STDERR_REDIRECT] 
2026-05-05 02:01:56,614 [ERROR] LogOutputStream:75 - [STDERR_REDIRECT] [Fatal Error] :1:1: Premature end of file.
2026-05-05 02:01:56,614 [ERROR] LogOutputStream:75 - [STDERR_REDIRECT] 
2026-05-05 02:01:57,607 [ERROR] LogOutputStream:75 - [STDERR_REDIRECT] [Fatal Error] :1:1: Premature end of file.
2026-05-05 02:01:57,607 [ERROR] LogOutputStream:75 - [STDERR_REDIRECT] 
2026-05-05 02:01:58,605 [ERROR] LogOutputStream:75 - [STDERR_REDIRECT] [Fatal Error] :1:1: Premature end of file.
2026-05-05 02:01:58,605 [ERROR] LogOutputStream:75 - [STDERR_REDIRECT] 
2026-05-05 02:01:59,606 [ERROR] LogOutputStream:75 - [STDERR_REDIRECT] [Fatal Error] :1:1: Premature end of file.
2026-05-05 02:01:59,606 [ERROR] LogOutputStream:75 - [STDERR_REDIRECT] 
2026-05-05 02:02:00,607 [ERROR] LogOutputStream:75 - [STDERR_REDIRECT] [Fatal Error] :1:1: Premature end of file.
2026-05-05 02:02:00,607 [ERROR] LogOutputStream:75 - [STDERR_REDIRECT] 
2026-05-05 02:02:01,604 [ERROR] LogOutputStream:75 - [STDERR_REDIRECT] [Fatal Error] :1:1: Premature end of file.
2026-05-05 02:02:01,604 [ERROR] LogOutputStream:75 - [STDERR_REDIRECT] 
2026-05-05 02:02:02,613 [ERROR] LogOutputStream:75 - [STDERR_REDIRECT] [Fatal Error] :1:1: Premature end of file.
2026-05-05 02:02:02,613 [ERROR] LogOutputStream:75 - [STDERR_REDIRECT] 
2026-05-05 02:02:03,605 [ERROR] LogOutputStream:75 - [STDERR_REDIRECT] [Fatal Error] :1:1: Premature end of file.
2026-05-05 02:02:03,605 [ERROR] LogOutputStream:75 - [STDERR_REDIRECT] 
2026-05-05 02:02:04,609 [ERROR] LogOutputStream:75 - [STDERR_REDIRECT] [Fatal Error] :1:1: Premature end of file.
2026-05-05 02:02:04,609 [ERROR] LogOutputStream:75 - [STDERR_REDIRECT] 
2026-05-05 02:02:05,604 [ERROR] LogOutputStream:75 - [STDERR_REDIRECT] [Fatal Error] :1:1: Premature end of file.
2026-05-05 02:02:05,604 [ERROR] LogOutputStream:75 - [STDERR_REDIRECT] 
2026-05-05 02:02:06,601 [ERROR] LogOutputStream:75 - [STDERR_REDIRECT] [Fatal Error] :1:1: Premature end of file.
2026-05-05 02:02:06,601 [ERROR] LogOutputStream:75 - [STDERR_REDIRECT] 
2026-05-05 02:02:07,608 [ERROR] LogOutputStream:75 - [STDERR_REDIRECT] [Fatal Error] :1:1: Premature end of file.
2026-05-05 02:02:07,608 [ERROR] LogOutputStream:75 - [STDERR_REDIRECT] 
2026-05-05 02:02:08,602 [ERROR] LogOutputStream:75 - [STDERR_REDIRECT] [Fatal Error] :1:1: Premature end of file.
2026-05-05 02:02:08,602 [ERROR] LogOutputStream:75 - [STDERR_REDIRECT] 
2026-05-05 02:02:09,630 [ERROR] LogOutputStream:75 - [STDERR_REDIRECT] [Fatal Error] :1:1: Premature end of file.
2026-05-05 02:02:09,631 [ERROR] LogOutputStream:75 - [STDERR_REDIRECT] 
2026-05-05 02:02:10,608 [ERROR] LogOutputStream:75 - [STDERR_REDIRECT] [Fatal Error] :1:1: Premature end of file.
2026-05-05 02:02:10,608 [ERROR] LogOutputStream:75 - [STDERR_REDIRECT] 
2026-05-05 02:02:11,602 [ERROR] LogOutputStream:75 - [STDERR_REDIRECT] [Fatal Error] :1:1: Premature end of file.
2026-05-05 02:02:11,602 [ERROR] LogOutputStream:75 - [STDERR_REDIRECT] 
2026-05-05 02:02:12,603 [ERROR] LogOutputStream:75 - [STDERR_REDIRECT] [Fatal Error] :1:1: Premature end of file.
2026-05-05 02:02:12,603 [ERROR] LogOutputStream:75 - [STDERR_REDIRECT] 
2026-05-05 02:02:13,604 [ERROR] LogOutputStream:75 - [STDERR_REDIRECT] [Fatal Error] :1:1: Premature end of file.
2026-05-05 02:02:13,604 [ERROR] LogOutputStream:75 - [STDERR_REDIRECT] 
2026-05-05 02:02:14,607 [ERROR] LogOutputStream:75 - [STDERR_REDIRECT] [Fatal Error] :1:1: Premature end of file.
2026-05-05 02:02:14,607 [ERROR] LogOutputStream:75 - [STDERR_REDIRECT] 
2026-05-05 02:02:15,605 [ERROR] LogOutputStream:75 - [STDERR_REDIRECT] [Fatal Error] :1:1: Premature end of file.
2026-05-05 02:02:15,605 [ERROR] LogOutputStream:75 - [STDERR_REDIRECT] 
2026-05-05 02:02:16,608 [ERROR] LogOutputStream:75 - [STDERR_REDIRECT] [Fatal Error] :1:1: Premature end of file.
2026-05-05 02:02:16,608 [ERROR] LogOutputStream:75 - [STDERR_REDIRECT] 
2026-05-05 02:02:17,603 [ERROR] LogOutputStream:75 - [STDERR_REDIRECT] [Fatal Error] :1:1: Premature end of file.
2026-05-05 02:02:17,603 [ERROR] LogOutputStream:75 - [STDERR_REDIRECT] 
2026-05-05 02:02:18,602 [ERROR] LogOutputStream:75 - [STDERR_REDIRECT] [Fatal Error] :1:1: Premature end of file.
2026-05-05 02:02:18,602 [ERROR] LogOutputStream:75 - [STDERR_REDIRECT] 
2026-05-05 02:02:19,614 [ERROR] LogOutputStream:75 - [STDERR_REDIRECT] [Fatal Error] :1:1: Premature end of file.
2026-05-05 02:02:19,614 [ERROR] LogOutputStream:75 - [STDERR_REDIRECT] 
2026-05-05 02:02:20,601 [ERROR] LogOutputStream:75 - [STDERR_REDIRECT] [Fatal Error] :1:1: Premature end of file.
2026-05-05 02:02:20,601 [ERROR] LogOutputStream:75 - [STDERR_REDIRECT] 
2026-05-05 02:02:21,605 [ERROR] LogOutputStream:75 - [STDERR_REDIRECT] [Fatal Error] :1:1: Premature end of file.
2026-05-05 02:02:21,605 [ERROR] LogOutputStream:75 - [STDERR_REDIRECT] 
2026-05-05 02:02:22,612 [ERROR] LogOutputStream:75 - [STDERR_REDIRECT] [Fatal Error] :1:1: Premature end of file.
2026-05-05 02:02:22,612 [ERROR] LogOutputStream:75 - [STDERR_REDIRECT] 
2026-05-05 02:02:23,612 [ERROR] LogOutputStream:75 - [STDERR_REDIRECT] [Fatal Error] :1:1: Premature end of file.
2026-05-05 02:02:23,612 [ERROR] LogOutputStream:75 - [STDERR_REDIRECT] 
2026-05-05 02:02:24,615 [ERROR] LogOutputStream:75 - [STDERR_REDIRECT] [Fatal Error] :1:1: Premature end of file.
2026-05-05 02:02:24,615 [ERROR] LogOutputStream:75 - [STDERR_REDIRECT] 
2026-05-05 02:02:25,602 [ERROR] LogOutputStream:75 - [STDERR_REDIRECT] [Fatal Error] :1:1: Premature end of file.
2026-05-05 02:02:25,602 [ERROR] LogOutputStream:75 - [STDERR_REDIRECT] 
2026-05-05 02:02:26,601 [ERROR] LogOutputStream:75 - [STDERR_REDIRECT] [Fatal Error] :1:1: Premature end of file.
2026-05-05 02:02:26,601 [ERROR] LogOutputStream:75 - [STDERR_REDIRECT] 
2026-05-05 02:02:27,611 [ERROR] LogOutputStream:75 - [STDERR_REDIRECT] [Fatal Error] :1:1: Premature end of file.
2026-05-05 02:02:27,611 [ERROR] LogOutputStream:75 - [STDERR_REDIRECT] 
2026-05-05 02:02:28,609 [ERROR] LogOutputStream:75 - [STDERR_REDIRECT] [Fatal Error] :1:1: Premature end of file.
2026-05-05 02:02:28,609 [ERROR] LogOutputStream:75 - [STDERR_REDIRECT] 
2026-05-05 02:02:29,612 [ERROR] LogOutputStream:75 - [STDERR_REDIRECT] [Fatal Error] :1:1: Premature end of file.
2026-05-05 02:02:29,612 [ERROR] LogOutputStream:75 - [STDERR_REDIRECT] 
2026-05-05 02:02:30,612 [ERROR] LogOutputStream:75 - [STDERR_REDIRECT] [Fatal Error] :1:1: Premature end of file.
2026-05-05 02:02:30,612 [ERROR] LogOutputStream:75 - [STDERR_REDIRECT] 
2026-05-05 02:02:31,614 [ERROR] LogOutputStream:75 - [STDERR_REDIRECT] [Fatal Error] :1:1: Premature end of file.
2026-05-05 02:02:31,614 [ERROR] LogOutputStream:75 - [STDERR_REDIRECT] 
2026-05-05 02:02:32,610 [ERROR] LogOutputStream:75 - [STDERR_REDIRECT] [Fatal Error] :1:1: Premature end of file.
2026-05-05 02:02:32,611 [ERROR] LogOutputStream:75 - [STDERR_REDIRECT] 
2026-05-05 02:02:33,608 [ERROR] LogOutputStream:75 - [STDERR_REDIRECT] [Fatal Error] :1:1: Premature end of file.
2026-05-05 02:02:33,609 [ERROR] LogOutputStream:75 - [STDERR_REDIRECT] 
2026-05-05 02:02:34,607 [ERROR] LogOutputStream:75 - [STDERR_REDIRECT] [Fatal Error] :1:1: Premature end of file.
2026-05-05 02:02:34,607 [ERROR] LogOutputStream:75 - [STDERR_REDIRECT] 
2026-05-05 02:02:35,604 [ERROR] LogOutputStream:75 - [STDERR_REDIRECT] [Fatal Error] :1:1: Premature end of file.
2026-05-05 02:02:35,604 [ERROR] LogOutputStream:75 - [STDERR_REDIRECT] 
2026-05-05 02:02:36,606 [ERROR] LogOutputStream:75 - [STDERR_REDIRECT] [Fatal Error] :1:1: Premature end of file.
2026-05-05 02:02:36,606 [ERROR] LogOutputStream:75 - [STDERR_REDIRECT] 
2026-05-05 02:02:37,606 [ERROR] LogOutputStream:75 - [STDERR_REDIRECT] [Fatal Error] :1:1: Premature end of file.
2026-05-05 02:02:37,606 [ERROR] LogOutputStream:75 - [STDERR_REDIRECT] 
2026-05-05 02:02:38,604 [ERROR] LogOutputStream:75 - [STDERR_REDIRECT] [Fatal Error] :1:1: Premature end of file.
2026-05-05 02:02:38,604 [ERROR] LogOutputStream:75 - [STDERR_REDIRECT] 
2026-05-05 02:02:39,600 [ERROR] LogOutputStream:75 - [STDERR_REDIRECT] [Fatal Error] :1:1: Premature end of file.
2026-05-05 02:02:39,601 [ERROR] LogOutputStream:75 - [STDERR_REDIRECT] 
2026-05-05 02:02:40,607 [ERROR] LogOutputStream:75 - [STDERR_REDIRECT] [Fatal Error] :1:1: Premature end of file.
2026-05-05 02:02:40,607 [ERROR] LogOutputStream:75 - [STDERR_REDIRECT] 
2026-05-05 02:02:41,602 [ERROR] LogOutputStream:75 - [STDERR_REDIRECT] [Fatal Error] :1:1: Premature end of file.
2026-05-05 02:02:41,602 [ERROR] LogOutputStream:75 - [STDERR_REDIRECT] 
2026-05-05 02:02:42,611 [ERROR] LogOutputStream:75 - [STDERR_REDIRECT] [Fatal Error] :1:1: Premature end of file.
2026-05-05 02:02:42,611 [ERROR] LogOutputStream:75 - [STDERR_REDIRECT] 
2026-05-05 02:02:43,602 [ERROR] LogOutputStream:75 - [STDERR_REDIRECT] [Fatal Error] :1:1: Premature end of file.
2026-05-05 02:02:43,602 [ERROR] LogOutputStream:75 - [STDERR_REDIRECT] 
2026-05-05 02:02:44,606 [ERROR] LogOutputStream:75 - [STDERR_REDIRECT] [Fatal Error] :1:1: Premature end of file.
2026-05-05 02:02:44,606 [ERROR] LogOutputStream:75 - [STDERR_REDIRECT] 
2026-05-05 02:02:45,605 [ERROR] LogOutputStream:75 - [STDERR_REDIRECT] [Fatal Error] :1:1: Premature end of file.
2026-05-05 02:02:45,605 [ERROR] LogOutputStream:75 - [STDERR_REDIRECT] 
2026-05-05 02:02:46,604 [ERROR] LogOutputStream:75 - [STDERR_REDIRECT] [Fatal Error] :1:1: Premature end of file.
2026-05-05 02:02:46,605 [ERROR] LogOutputStream:75 - [STDERR_REDIRECT] 
2026-05-05 02:02:47,610 [ERROR] LogOutputStream:75 - [STDERR_REDIRECT] [Fatal Error] :1:1: Premature end of file.
2026-05-05 02:02:47,610 [ERROR] LogOutputStream:75 - [STDERR_REDIRECT] 
2026-05-05 02:02:48,601 [ERROR] LogOutputStream:75 - [STDERR_REDIRECT] [Fatal Error] :1:1: Premature end of file.
2026-05-05 02:02:48,601 [ERROR] LogOutputStream:75 - [STDERR_REDIRECT] 
2026-05-05 02:02:49,604 [ERROR] LogOutputStream:75 - [STDERR_REDIRECT] [Fatal Error] :1:1: Premature end of file.
2026-05-05 02:02:49,604 [ERROR] LogOutputStream:75 - [STDERR_REDIRECT] 
2026-05-05 02:02:51,591 [ERROR] LogOutputStream:75 - [STDERR_REDIRECT] [Fatal Error] :1:1: Premature end of file.
2026-05-05 02:02:51,591 [ERROR] LogOutputStream:75 - [STDERR_REDIRECT] 
2026-05-05 02:02:51,612 [ERROR] LogOutputStream:75 - [STDERR_REDIRECT] [Fatal Error] :1:1: Premature end of file.
2026-05-05 02:02:51,612 [ERROR] LogOutputStream:75 - [STDERR_REDIRECT] 
2026-05-05 02:48:58,883 [ERROR] LogOutputStream:75 - [STDERR_REDIRECT] [Fatal Error] :1:1: Premature end of file.
2026-05-05 02:48:58,883 [ERROR] LogOutputStream:75 - [STDERR_REDIRECT] 
2026-05-05 02:48:58,899 [ERROR] LogOutputStream:75 - [STDERR_REDIRECT] [Fatal Error] :1:1: Premature end of file.
2026-05-05 02:48:58,899 [ERROR] LogOutputStream:75 - [STDERR_REDIRECT] 
2026-05-05 02:48:58,912 [ERROR] LogOutputStream:75 - [STDERR_REDIRECT] [Fatal Error] :1:1: Premature end of file.
2026-05-05 02:48:58,912 [ERROR] LogOutputStream:75 - [STDERR_REDIRECT] 
2026-05-05 02:48:58,924 [ERROR] LogOutputStream:75 - [STDERR_REDIRECT] [Fatal Error] :1:1: Premature end of file.
2026-05-05 02:48:58,924 [ERROR] LogOutputStream:75 - [STDERR_REDIRECT] 
2026-05-05 02:48:59,001 [ERROR] LogOutputStream:75 - [STDERR_REDIRECT] [Fatal Error] :1:1: Premature end of file.
2026-05-05 02:48:59,001 [ERROR] LogOutputStream:75 - [STDERR_REDIRECT] 
2026-05-05 02:48:59,015 [ERROR] LogOutputStream:75 - [STDERR_REDIRECT] [Fatal Error] :1:1: Premature end of file.
2026-05-05 02:48:59,015 [ERROR] LogOutputStream:75 - [STDERR_REDIRECT] 
2026-05-05 02:48:59,049 [ERROR] LogOutputStream:75 - [STDERR_REDIRECT] [Fatal Error] :1:1: Premature end of file.
2026-05-05 02:48:59,049 [ERROR] LogOutputStream:75 - [STDERR_REDIRECT] 
2026-05-05 02:48:59,198 [ERROR] LogOutputStream:75 - [STDERR_REDIRECT] [Fatal Error] :1:1: Premature end of file.
2026-05-05 02:48:59,198 [ERROR] LogOutputStream:75 - [STDERR_REDIRECT] 
2026-05-05 02:48:59,288 [ERROR] LogOutputStream:75 - [STDERR_REDIRECT] [Fatal Error] :1:1: Premature end of file.
2026-05-05 02:48:59,288 [ERROR] LogOutputStream:75 - [STDERR_REDIRECT] 
2026-05-05 02:48:59,308 [ERROR] LogOutputStream:75 - [STDERR_REDIRECT] [Fatal Error] :1:1: Premature end of file.
2026-05-05 02:48:59,308 [ERROR] LogOutputStream:75 - [STDERR_REDIRECT] 
2026-05-05 02:48:59,373 [ERROR] LogOutputStream:75 - [STDERR_REDIRECT] [Fatal Error] :1:1: Premature end of file.
2026-05-05 02:48:59,373 [ERROR] LogOutputStream:75 - [STDERR_REDIRECT] 
2026-05-05 02:48:59,501 [ERROR] LogOutputStream:75 - [STDERR_REDIRECT] [Fatal Error] :1:1: Premature end of file.
2026-05-05 02:48:59,501 [ERROR] LogOutputStream:75 - [STDERR_REDIRECT] 
2026-05-05 02:48:59,524 [ERROR] LogOutputStream:75 - [STDERR_REDIRECT] [Fatal Error] :1:1: Premature end of file.
2026-05-05 02:48:59,524 [ERROR] LogOutputStream:75 - [STDERR_REDIRECT] 
2026-05-05 02:48:59,541 [ERROR] LogOutputStream:75 - [STDERR_REDIRECT] [Fatal Error] :1:1: Premature end of file.
2026-05-05 02:48:59,541 [ERROR] LogOutputStream:75 - [STDERR_REDIRECT] 
2026-05-05 02:48:59,555 [ERROR] LogOutputStream:75 - [STDERR_REDIRECT] [Fatal Error] :1:1: Premature end of file.
2026-05-05 02:48:59,556 [ERROR] LogOutputStream:75 - [STDERR_REDIRECT] 
2026-05-05 02:48:59,572 [ERROR] LogOutputStream:75 - [STDERR_REDIRECT] [Fatal Error] :1:1: Premature end of file.
2026-05-05 02:48:59,572 [ERROR] LogOutputStream:75 - [STDERR_REDIRECT] 
2026-05-05 02:48:59,589 [ERROR] LogOutputStream:75 - [STDERR_REDIRECT] [Fatal Error] :1:1: Premature end of file.
2026-05-05 02:48:59,589 [ERROR] LogOutputStream:75 - [STDERR_REDIRECT] 
2026-05-05 02:48:59,604 [ERROR] LogOutputStream:75 - [STDERR_REDIRECT] [Fatal Error] :1:1: Premature end of file.
2026-05-05 02:48:59,604 [ERROR] LogOutputStream:75 - [STDERR_REDIRECT] 
2026-05-05 02:48:59,617 [ERROR] LogOutputStream:75 - [STDERR_REDIRECT] [Fatal Error] :1:1: Premature end of file.
2026-05-05 02:48:59,617 [ERROR] LogOutputStream:75 - [STDERR_REDIRECT] 
2026-05-05 02:48:59,632 [ERROR] LogOutputStream:75 - [STDERR_REDIRECT] [Fatal Error] :1:1: Premature end of file.
2026-05-05 02:48:59,632 [ERROR] LogOutputStream:75 - [STDERR_REDIRECT] 
2026-05-05 02:48:59,645 [ERROR] LogOutputStream:75 - [STDERR_REDIRECT] [Fatal Error] :1:1: Premature end of file.
2026-05-05 02:48:59,645 [ERROR] LogOutputStream:75 - [STDERR_REDIRECT] 
2026-05-05 02:48:59,659 [ERROR] LogOutputStream:75 - [STDERR_REDIRECT] [Fatal Error] :1:1: Premature end of file.
2026-05-05 02:48:59,659 [ERROR] LogOutputStream:75 - [STDERR_REDIRECT] 
2026-05-05 02:48:59,672 [ERROR] LogOutputStream:75 - [STDERR_REDIRECT] [Fatal Error] :1:1: Premature end of file.
2026-05-05 02:48:59,672 [ERROR] LogOutputStream:75 - [STDERR_REDIRECT] 
2026-05-05 02:48:59,686 [ERROR] LogOutputStream:75 - [STDERR_REDIRECT] [Fatal Error] :1:1: Premature end of file.
2026-05-05 02:48:59,686 [ERROR] LogOutputStream:75 - [STDERR_REDIRECT] 
2026-05-05 02:48:59,701 [ERROR] LogOutputStream:75 - [STDERR_REDIRECT] [Fatal Error] :1:1: Premature end of file.
2026-05-05 02:48:59,701 [ERROR] LogOutputStream:75 - [STDERR_REDIRECT] 
2026-05-05 02:48:59,716 [ERROR] LogOutputStream:75 - [STDERR_REDIRECT] [Fatal Error] :1:1: Premature end of file.
2026-05-05 02:48:59,716 [ERROR] LogOutputStream:75 - [STDERR_REDIRECT] 
2026-05-05 02:48:59,730 [ERROR] LogOutputStream:75 - [STDERR_REDIRECT] [Fatal Error] :1:1: Premature end of file.
2026-05-05 02:48:59,730 [ERROR] LogOutputStream:75 - [STDERR_REDIRECT] 
2026-05-05 02:48:59,747 [ERROR] LogOutputStream:75 - [STDERR_REDIRECT] [Fatal Error] :1:1: Premature end of file.
2026-05-05 02:48:59,747 [ERROR] LogOutputStream:75 - [STDERR_REDIRECT] 
2026-05-05 02:48:59,766 [ERROR] LogOutputStream:75 - [STDERR_REDIRECT] [Fatal Error] :1:1: Premature end of file.
2026-05-05 02:48:59,766 [ERROR] LogOutputStream:75 - [STDERR_REDIRECT] 
2026-05-05 02:48:59,781 [ERROR] LogOutputStream:75 - [STDERR_REDIRECT] [Fatal Error] :1:1: Premature end of file.
2026-05-05 02:48:59,781 [ERROR] LogOutputStream:75 - [STDERR_REDIRECT] 
2026-05-05 02:48:59,795 [ERROR] LogOutputStream:75 - [STDERR_REDIRECT] [Fatal Error] :1:1: Premature end of file.
2026-05-05 02:48:59,795 [ERROR] LogOutputStream:75 - [STDERR_REDIRECT] 
2026-05-05 02:48:59,809 [ERROR] LogOutputStream:75 - [STDERR_REDIRECT] [Fatal Error] :1:1: Premature end of file.
2026-05-05 02:48:59,809 [ERROR] LogOutputStream:75 - [STDERR_REDIRECT] 
2026-05-05 02:48:59,822 [ERROR] LogOutputStream:75 - [STDERR_REDIRECT] [Fatal Error] :1:1: Premature end of file.
2026-05-05 02:48:59,822 [ERROR] LogOutputStream:75 - [STDERR_REDIRECT] 
2026-05-05 02:48:59,837 [ERROR] LogOutputStream:75 - [STDERR_REDIRECT] [Fatal Error] :1:1: Premature end of file.
2026-05-05 02:48:59,837 [ERROR] LogOutputStream:75 - [STDERR_REDIRECT] 
2026-05-05 02:48:59,850 [ERROR] LogOutputStream:75 - [STDERR_REDIRECT] [Fatal Error] :1:1: Premature end of file.
2026-05-05 02:48:59,850 [ERROR] LogOutputStream:75 - [STDERR_REDIRECT] 
2026-05-05 02:48:59,863 [ERROR] LogOutputStream:75 - [STDERR_REDIRECT] [Fatal Error] :1:1: Premature end of file.
2026-05-05 02:48:59,863 [ERROR] LogOutputStream:75 - [STDERR_REDIRECT] 
2026-05-05 02:48:59,937 [ERROR] LogOutputStream:75 - [STDERR_REDIRECT] [Fatal Error] :1:1: Premature end of file.
2026-05-05 02:48:59,937 [ERROR] LogOutputStream:75 - [STDERR_REDIRECT] 
2026-05-05 02:48:59,952 [ERROR] LogOutputStream:75 - [STDERR_REDIRECT] [Fatal Error] :1:1: Premature end of file.
2026-05-05 02:48:59,952 [ERROR] LogOutputStream:75 - [STDERR_REDIRECT] 
2026-05-05 02:49:00,001 [ERROR] LogOutputStream:75 - [STDERR_REDIRECT] [Fatal Error] :1:1: Premature end of file.
2026-05-05 02:49:00,001 [ERROR] LogOutputStream:75 - [STDERR_REDIRECT] 
2026-05-05 02:49:00,014 [ERROR] LogOutputStream:75 - [STDERR_REDIRECT] [Fatal Error] :1:1: Premature end of file.
2026-05-05 02:49:00,014 [ERROR] LogOutputStream:75 - [STDERR_REDIRECT] 
2026-05-05 02:49:00,026 [ERROR] LogOutputStream:75 - [STDERR_REDIRECT] [Fatal Error] :1:1: Premature end of file.
2026-05-05 02:49:00,027 [ERROR] LogOutputStream:75 - [STDERR_REDIRECT] 
2026-05-05 02:49:00,039 [ERROR] LogOutputStream:75 - [STDERR_REDIRECT] [Fatal Error] :1:1: Premature end of file.
2026-05-05 02:49:00,039 [ERROR] LogOutputStream:75 - [STDERR_REDIRECT] 
2026-05-05 02:49:00,053 [ERROR] LogOutputStream:75 - [STDERR_REDIRECT] [Fatal Error] :1:1: Premature end of file.
2026-05-05 02:49:00,053 [ERROR] LogOutputStream:75 - [STDERR_REDIRECT] 
2026-05-05 02:49:00,067 [ERROR] LogOutputStream:75 - [STDERR_REDIRECT] [Fatal Error] :1:1: Premature end of file.
2026-05-05 02:49:00,067 [ERROR] LogOutputStream:75 - [STDERR_REDIRECT] 
2026-05-05 02:49:00,081 [ERROR] LogOutputStream:75 - [STDERR_REDIRECT] [Fatal Error] :1:1: Premature end of file.
2026-05-05 02:49:00,081 [ERROR] LogOutputStream:75 - [STDERR_REDIRECT] 
2026-05-05 02:49:00,096 [ERROR] LogOutputStream:75 - [STDERR_REDIRECT] [Fatal Error] :1:1: Premature end of file.
2026-05-05 02:49:00,096 [ERROR] LogOutputStream:75 - [STDERR_REDIRECT] 
2026-05-05 02:49:00,109 [ERROR] LogOutputStream:75 - [STDERR_REDIRECT] [Fatal Error] :1:1: Premature end of file.
2026-05-05 02:49:00,109 [ERROR] LogOutputStream:75 - [STDERR_REDIRECT] 
2026-05-05 02:49:00,122 [ERROR] LogOutputStream:75 - [STDERR_REDIRECT] [Fatal Error] :1:1: Premature end of file.
2026-05-05 02:49:00,122 [ERROR] LogOutputStream:75 - [STDERR_REDIRECT] 
2026-05-05 02:49:00,136 [ERROR] LogOutputStream:75 - [STDERR_REDIRECT] [Fatal Error] :1:1: Premature end of file.
2026-05-05 02:49:00,136 [ERROR] LogOutputStream:75 - [STDERR_REDIRECT] 
2026-05-05 02:49:00,149 [ERROR] LogOutputStream:75 - [STDERR_REDIRECT] [Fatal Error] :1:1: Premature end of file.
2026-05-05 02:49:00,149 [ERROR] LogOutputStream:75 - [STDERR_REDIRECT] 
2026-05-05 02:49:00,162 [ERROR] LogOutputStream:75 - [STDERR_REDIRECT] [Fatal Error] :1:1: Premature end of file.
2026-05-05 02:49:00,162 [ERROR] LogOutputStream:75 - [STDERR_REDIRECT] 
2026-05-05 02:49:00,176 [ERROR] LogOutputStream:75 - [STDERR_REDIRECT] [Fatal Error] :1:1: Premature end of file.
2026-05-05 02:49:00,176 [ERROR] LogOutputStream:75 - [STDERR_REDIRECT] 
2026-05-05 02:49:00,190 [ERROR] LogOutputStream:75 - [STDERR_REDIRECT] [Fatal Error] :1:1: Premature end of file.
2026-05-05 02:49:00,190 [ERROR] LogOutputStream:75 - [STDERR_REDIRECT] 
2026-05-05 02:49:00,203 [ERROR] LogOutputStream:75 - [STDERR_REDIRECT] [Fatal Error] :1:1: Premature end of file.
2026-05-05 02:49:00,203 [ERROR] LogOutputStream:75 - [STDERR_REDIRECT] 
2026-05-05 02:49:00,218 [ERROR] LogOutputStream:75 - [STDERR_REDIRECT] [Fatal Error] :1:1: Premature end of file.
2026-05-05 02:49:00,218 [ERROR] LogOutputStream:75 - [STDERR_REDIRECT] 
2026-05-05 02:49:00,232 [ERROR] LogOutputStream:75 - [STDERR_REDIRECT] [Fatal Error] :1:1: Premature end of file.
2026-05-05 02:49:00,232 [ERROR] LogOutputStream:75 - [STDERR_REDIRECT] 
2026-05-05 02:49:00,245 [ERROR] LogOutputStream:75 - [STDERR_REDIRECT] [Fatal Error] :1:1: Premature end of file.
2026-05-05 02:49:00,245 [ERROR] LogOutputStream:75 - [STDERR_REDIRECT] 
2026-05-05 02:49:00,259 [ERROR] LogOutputStream:75 - [STDERR_REDIRECT] [Fatal Error] :1:1: Premature end of file.
2026-05-05 02:49:00,259 [ERROR] LogOutputStream:75 - [STDERR_REDIRECT] 
2026-05-05 02:49:00,272 [ERROR] LogOutputStream:75 - [STDERR_REDIRECT] [Fatal Error] :1:1: Premature end of file.
2026-05-05 02:49:00,272 [ERROR] LogOutputStream:75 - [STDERR_REDIRECT] 
2026-05-05 02:49:00,286 [ERROR] LogOutputStream:75 - [STDERR_REDIRECT] [Fatal Error] :1:1: Premature end of file.
2026-05-05 02:49:00,286 [ERROR] LogOutputStream:75 - [STDERR_REDIRECT] 
2026-05-05 02:49:00,302 [ERROR] LogOutputStream:75 - [STDERR_REDIRECT] [Fatal Error] :1:1: Premature end of file.
2026-05-05 02:49:00,302 [ERROR] LogOutputStream:75 - [STDERR_REDIRECT] 
2026-05-05 02:49:00,319 [ERROR] LogOutputStream:75 - [STDERR_REDIRECT] [Fatal Error] :1:1: Premature end of file.
2026-05-05 02:49:00,319 [ERROR] LogOutputStream:75 - [STDERR_REDIRECT] 
2026-05-05 02:49:00,339 [ERROR] LogOutputStream:75 - [STDERR_REDIRECT] [Fatal Error] :1:1: Premature end of file.
2026-05-05 02:49:00,339 [ERROR] LogOutputStream:75 - [STDERR_REDIRECT] 
2026-05-05 02:49:00,353 [ERROR] LogOutputStream:75 - [STDERR_REDIRECT] [Fatal Error] :1:1: Premature end of file.
2026-05-05 02:49:00,353 [ERROR] LogOutputStream:75 - [STDERR_REDIRECT] 
2026-05-05 02:49:00,366 [ERROR] LogOutputStream:75 - [STDERR_REDIRECT] [Fatal Error] :1:1: Premature end of file.
2026-05-05 02:49:00,366 [ERROR] LogOutputStream:75 - [STDERR_REDIRECT] 
2026-05-05 02:49:00,380 [ERROR] LogOutputStream:75 - [STDERR_REDIRECT] [Fatal Error] :1:1: Premature end of file.
2026-05-05 02:49:00,381 [ERROR] LogOutputStream:75 - [STDERR_REDIRECT] 
2026-05-05 02:49:00,397 [ERROR] LogOutputStream:75 - [STDERR_REDIRECT] [Fatal Error] :1:1: Premature end of file.
2026-05-05 02:49:00,397 [ERROR] LogOutputStream:75 - [STDERR_REDIRECT] 
2026-05-05 02:49:00,410 [ERROR] LogOutputStream:75 - [STDERR_REDIRECT] [Fatal Error] :1:1: Premature end of file.
2026-05-05 02:49:00,410 [ERROR] LogOutputStream:75 - [STDERR_REDIRECT] 
2026-05-05 02:49:00,424 [ERROR] LogOutputStream:75 - [STDERR_REDIRECT] [Fatal Error] :1:1: Premature end of file.
2026-05-05 02:49:00,424 [ERROR] LogOutputStream:75 - [STDERR_REDIRECT] 
2026-05-05 02:49:00,438 [ERROR] LogOutputStream:75 - [STDERR_REDIRECT] [Fatal Error] :1:1: Premature end of file.
2026-05-05 02:49:00,439 [ERROR] LogOutputStream:75 - [STDERR_REDIRECT] 
2026-05-05 02:49:00,452 [ERROR] LogOutputStream:75 - [STDERR_REDIRECT] [Fatal Error] :1:1: Premature end of file.
2026-05-05 02:49:00,452 [ERROR] LogOutputStream:75 - [STDERR_REDIRECT] 
2026-05-05 02:49:00,467 [ERROR] LogOutputStream:75 - [STDERR_REDIRECT] [Fatal Error] :1:1: Premature end of file.
2026-05-05 02:49:00,468 [ERROR] LogOutputStream:75 - [STDERR_REDIRECT] 
2026-05-05 02:49:00,482 [ERROR] LogOutputStream:75 - [STDERR_REDIRECT] [Fatal Error] :1:1: Premature end of file.
2026-05-05 02:49:00,482 [ERROR] LogOutputStream:75 - [STDERR_REDIRECT] 
2026-05-05 02:49:00,497 [ERROR] LogOutputStream:75 - [STDERR_REDIRECT] [Fatal Error] :1:1: Premature end of file.
2026-05-05 02:49:00,497 [ERROR] LogOutputStream:75 - [STDERR_REDIRECT] 
2026-05-05 02:49:00,512 [ERROR] LogOutputStream:75 - [STDERR_REDIRECT] [Fatal Error] :1:1: Premature end of file.
2026-05-05 02:49:00,512 [ERROR] LogOutputStream:75 - [STDERR_REDIRECT] 
2026-05-05 02:49:00,525 [ERROR] LogOutputStream:75 - [STDERR_REDIRECT] [Fatal Error] :1:1: Premature end of file.
2026-05-05 02:49:00,525 [ERROR] LogOutputStream:75 - [STDERR_REDIRECT] 
2026-05-05 02:49:00,540 [ERROR] LogOutputStream:75 - [STDERR_REDIRECT] [Fatal Error] :1:1: Premature end of file.
2026-05-05 02:49:00,540 [ERROR] LogOutputStream:75 - [STDERR_REDIRECT] 
2026-05-05 02:49:00,557 [ERROR] LogOutputStream:75 - [STDERR_REDIRECT] [Fatal Error] :1:1: Premature end of file.
2026-05-05 02:49:00,558 [ERROR] LogOutputStream:75 - [STDERR_REDIRECT] 
2026-05-05 02:49:00,572 [ERROR] LogOutputStream:75 - [STDERR_REDIRECT] [Fatal Error] :1:1: Premature end of file.
2026-05-05 02:49:00,572 [ERROR] LogOutputStream:75 - [STDERR_REDIRECT] 
2026-05-05 02:49:00,586 [ERROR] LogOutputStream:75 - [STDERR_REDIRECT] [Fatal Error] :1:1: Premature end of file.
2026-05-05 02:49:00,586 [ERROR] LogOutputStream:75 - [STDERR_REDIRECT] 
2026-05-05 02:49:00,599 [ERROR] LogOutputStream:75 - [STDERR_REDIRECT] [Fatal Error] :1:1: Premature end of file.
2026-05-05 02:49:00,599 [ERROR] LogOutputStream:75 - [STDERR_REDIRECT] 
2026-05-05 02:49:00,616 [ERROR] LogOutputStream:75 - [STDERR_REDIRECT] [Fatal Error] :1:1: Premature end of file.
2026-05-05 02:49:00,616 [ERROR] LogOutputStream:75 - [STDERR_REDIRECT] 
2026-05-05 02:49:00,630 [ERROR] LogOutputStream:75 - [STDERR_REDIRECT] [Fatal Error] :1:1: Premature end of file.
2026-05-05 02:49:00,630 [ERROR] LogOutputStream:75 - [STDERR_REDIRECT] 
2026-05-05 02:49:00,644 [ERROR] LogOutputStream:75 - [STDERR_REDIRECT] [Fatal Error] :1:1: Premature end of file.
2026-05-05 02:49:00,644 [ERROR] LogOutputStream:75 - [STDERR_REDIRECT] 
2026-05-05 02:49:00,656 [ERROR] LogOutputStream:75 - [STDERR_REDIRECT] [Fatal Error] :1:1: Premature end of file.
2026-05-05 02:49:00,656 [ERROR] LogOutputStream:75 - [STDERR_REDIRECT] 
2026-05-05 02:49:00,671 [ERROR] LogOutputStream:75 - [STDERR_REDIRECT] [Fatal Error] :1:1: Premature end of file.
2026-05-05 02:49:00,671 [ERROR] LogOutputStream:75 - [STDERR_REDIRECT] 
2026-05-05 02:49:00,685 [ERROR] LogOutputStream:75 - [STDERR_REDIRECT] [Fatal Error] :1:1: Premature end of file.
2026-05-05 02:49:00,685 [ERROR] LogOutputStream:75 - [STDERR_REDIRECT] 
2026-05-05 02:49:00,698 [ERROR] LogOutputStream:75 - [STDERR_REDIRECT] [Fatal Error] :1:1: Premature end of file.
2026-05-05 02:49:00,698 [ERROR] LogOutputStream:75 - [STDERR_REDIRECT] 
2026-05-05 02:49:00,712 [ERROR] LogOutputStream:75 - [STDERR_REDIRECT] [Fatal Error] :1:1: Premature end of file.
2026-05-05 02:49:00,712 [ERROR] LogOutputStream:75 - [STDERR_REDIRECT] 
2026-05-05 02:49:00,724 [ERROR] LogOutputStream:75 - [STDERR_REDIRECT] [Fatal Error] :1:1: Premature end of file.
2026-05-05 02:49:00,725 [ERROR] LogOutputStream:75 - [STDERR_REDIRECT] 
2026-05-05 02:49:00,739 [ERROR] LogOutputStream:75 - [STDERR_REDIRECT] [Fatal Error] :1:1: Premature end of file.
2026-05-05 02:49:00,739 [ERROR] LogOutputStream:75 - [STDERR_REDIRECT] 
2026-05-05 02:49:00,751 [ERROR] LogOutputStream:75 - [STDERR_REDIRECT] [Fatal Error] :1:1: Premature end of file.
2026-05-05 02:49:00,751 [ERROR] LogOutputStream:75 - [STDERR_REDIRECT] 
2026-05-05 02:49:00,766 [ERROR] LogOutputStream:75 - [STDERR_REDIRECT] [Fatal Error] :1:1: Premature end of file.
2026-05-05 02:49:00,767 [ERROR] LogOutputStream:75 - [STDERR_REDIRECT] 
2026-05-05 02:49:00,779 [ERROR] LogOutputStream:75 - [STDERR_REDIRECT] [Fatal Error] :1:1: Premature end of file.
2026-05-05 02:49:00,780 [ERROR] LogOutputStream:75 - [STDERR_REDIRECT] 
2026-05-05 02:49:00,796 [ERROR] LogOutputStream:75 - [STDERR_REDIRECT] [Fatal Error] :1:1: Premature end of file.
2026-05-05 02:49:00,796 [ERROR] LogOutputStream:75 - [STDERR_REDIRECT] 
2026-05-05 02:49:00,812 [ERROR] LogOutputStream:75 - [STDERR_REDIRECT] [Fatal Error] :1:1: Premature end of file.
2026-05-05 02:49:00,812 [ERROR] LogOutputStream:75 - [STDERR_REDIRECT] 
2026-05-05 02:49:00,828 [ERROR] LogOutputStream:75 - [STDERR_REDIRECT] [Fatal Error] :1:1: Premature end of file.
2026-05-05 02:49:00,828 [ERROR] LogOutputStream:75 - [STDERR_REDIRECT] 
2026-05-05 02:49:00,846 [ERROR] LogOutputStream:75 - [STDERR_REDIRECT] [Fatal Error] :1:1: Premature end of file.
2026-05-05 02:49:00,846 [ERROR] LogOutputStream:75 - [STDERR_REDIRECT] 
2026-05-05 02:49:00,871 [ERROR] LogOutputStream:75 - [STDERR_REDIRECT] [Fatal Error] :1:1: Premature end of file.
2026-05-05 02:49:00,871 [ERROR] LogOutputStream:75 - [STDERR_REDIRECT] 
2026-05-05 02:49:00,884 [ERROR] LogOutputStream:75 - [STDERR_REDIRECT] [Fatal Error] :1:1: Premature end of file.
2026-05-05 02:49:00,884 [ERROR] LogOutputStream:75 - [STDERR_REDIRECT] 
2026-05-05 02:49:00,908 [ERROR] LogOutputStream:75 - [STDERR_REDIRECT] [Fatal Error] :1:1: Premature end of file.
2026-05-05 02:49:00,908 [ERROR] LogOutputStream:75 - [STDERR_REDIRECT] 
2026-05-05 02:49:00,920 [ERROR] LogOutputStream:75 - [STDERR_REDIRECT] [Fatal Error] :1:1: Premature end of file.
2026-05-05 02:49:00,921 [ERROR] LogOutputStream:75 - [STDERR_REDIRECT] 
2026-05-05 02:49:00,934 [ERROR] LogOutputStream:75 - [STDERR_REDIRECT] [Fatal Error] :1:1: Premature end of file.
2026-05-05 02:49:00,934 [ERROR] LogOutputStream:75 - [STDERR_REDIRECT] 
2026-05-05 02:49:00,948 [ERROR] LogOutputStream:75 - [STDERR_REDIRECT] [Fatal Error] :1:1: Premature end of file.
2026-05-05 02:49:00,948 [ERROR] LogOutputStream:75 - [STDERR_REDIRECT] 
2026-05-05 02:49:00,962 [ERROR] LogOutputStream:75 - [STDERR_REDIRECT] [Fatal Error] :1:1: Premature end of file.
2026-05-05 02:49:00,963 [ERROR] LogOutputStream:75 - [STDERR_REDIRECT] 
2026-05-05 02:49:00,977 [ERROR] LogOutputStream:75 - [STDERR_REDIRECT] [Fatal Error] :1:1: Premature end of file.
2026-05-05 02:49:00,977 [ERROR] LogOutputStream:75 - [STDERR_REDIRECT] 
2026-05-05 02:49:00,991 [ERROR] LogOutputStream:75 - [STDERR_REDIRECT] [Fatal Error] :1:1: Premature end of file.
2026-05-05 02:49:00,991 [ERROR] LogOutputStream:75 - [STDERR_REDIRECT] 
2026-05-05 02:49:01,012 [ERROR] LogOutputStream:75 - [STDERR_REDIRECT] [Fatal Error] :1:1: Premature end of file.
2026-05-05 02:49:01,012 [ERROR] LogOutputStream:75 - [STDERR_REDIRECT] 
2026-05-05 02:49:01,026 [ERROR] LogOutputStream:75 - [STDERR_REDIRECT] [Fatal Error] :1:1: Premature end of file.
2026-05-05 02:49:01,026 [ERROR] LogOutputStream:75 - [STDERR_REDIRECT] 
2026-05-05 02:49:01,039 [ERROR] LogOutputStream:75 - [STDERR_REDIRECT] [Fatal Error] :1:1: Premature end of file.
2026-05-05 02:49:01,040 [ERROR] LogOutputStream:75 - [STDERR_REDIRECT] 
2026-05-05 02:49:01,054 [ERROR] LogOutputStream:75 - [STDERR_REDIRECT] [Fatal Error] :1:1: Premature end of file.
2026-05-05 02:49:01,054 [ERROR] LogOutputStream:75 - [STDERR_REDIRECT] 
2026-05-05 02:49:01,068 [ERROR] LogOutputStream:75 - [STDERR_REDIRECT] [Fatal Error] :1:1: Premature end of file.
2026-05-05 02:49:01,068 [ERROR] LogOutputStream:75 - [STDERR_REDIRECT] 
2026-05-05 02:49:01,081 [ERROR] LogOutputStream:75 - [STDERR_REDIRECT] [Fatal Error] :1:1: Premature end of file.
2026-05-05 02:49:01,081 [ERROR] LogOutputStream:75 - [STDERR_REDIRECT] 
2026-05-05 02:49:01,094 [ERROR] LogOutputStream:75 - [STDERR_REDIRECT] [Fatal Error] :1:1: Premature end of file.
2026-05-05 02:49:01,094 [ERROR] LogOutputStream:75 - [STDERR_REDIRECT] 
2026-05-05 02:49:01,109 [ERROR] LogOutputStream:75 - [STDERR_REDIRECT] [Fatal Error] :1:1: Premature end of file.
2026-05-05 02:49:01,109 [ERROR] LogOutputStream:75 - [STDERR_REDIRECT] 
2026-05-05 02:49:01,122 [ERROR] LogOutputStream:75 - [STDERR_REDIRECT] [Fatal Error] :1:1: Premature end of file.
2026-05-05 02:49:01,123 [ERROR] LogOutputStream:75 - [STDERR_REDIRECT] 
2026-05-05 02:49:01,136 [ERROR] LogOutputStream:75 - [STDERR_REDIRECT] [Fatal Error] :1:1: Premature end of file.
2026-05-05 02:49:01,136 [ERROR] LogOutputStream:75 - [STDERR_REDIRECT] 
2026-05-05 02:49:01,150 [ERROR] LogOutputStream:75 - [STDERR_REDIRECT] [Fatal Error] :1:1: Premature end of file.
2026-05-05 02:49:01,150 [ERROR] LogOutputStream:75 - [STDERR_REDIRECT] 
2026-05-05 02:49:01,164 [ERROR] LogOutputStream:75 - [STDERR_REDIRECT] [Fatal Error] :1:1: Premature end of file.
2026-05-05 02:49:01,166 [ERROR] LogOutputStream:75 - [STDERR_REDIRECT] 
2026-05-05 02:49:01,179 [ERROR] LogOutputStream:75 - [STDERR_REDIRECT] [Fatal Error] :1:1: Premature end of file.
2026-05-05 02:49:01,179 [ERROR] LogOutputStream:75 - [STDERR_REDIRECT] 
2026-05-05 02:49:01,196 [ERROR] LogOutputStream:75 - [STDERR_REDIRECT] [Fatal Error] :1:1: Premature end of file.
2026-05-05 02:49:01,196 [ERROR] LogOutputStream:75 - [STDERR_REDIRECT] 
2026-05-05 02:49:01,210 [ERROR] LogOutputStream:75 - [STDERR_REDIRECT] [Fatal Error] :1:1: Premature end of file.
2026-05-05 02:49:01,210 [ERROR] LogOutputStream:75 - [STDERR_REDIRECT] 
2026-05-05 02:49:01,224 [ERROR] LogOutputStream:75 - [STDERR_REDIRECT] [Fatal Error] :1:1: Premature end of file.
2026-05-05 02:49:01,224 [ERROR] LogOutputStream:75 - [STDERR_REDIRECT] 
2026-05-05 02:49:01,238 [ERROR] LogOutputStream:75 - [STDERR_REDIRECT] [Fatal Error] :1:1: Premature end of file.
2026-05-05 02:49:01,238 [ERROR] LogOutputStream:75 - [STDERR_REDIRECT] 
2026-05-05 02:49:01,252 [ERROR] LogOutputStream:75 - [STDERR_REDIRECT] [Fatal Error] :1:1: Premature end of file.
2026-05-05 02:49:01,253 [ERROR] LogOutputStream:75 - [STDERR_REDIRECT] 
2026-05-05 02:49:01,267 [ERROR] LogOutputStream:75 - [STDERR_REDIRECT] [Fatal Error] :1:1: Premature end of file.
2026-05-05 02:49:01,267 [ERROR] LogOutputStream:75 - [STDERR_REDIRECT] 
2026-05-05 02:49:01,281 [ERROR] LogOutputStream:75 - [STDERR_REDIRECT] [Fatal Error] :1:1: Premature end of file.
2026-05-05 02:49:01,281 [ERROR] LogOutputStream:75 - [STDERR_REDIRECT] 
2026-05-05 02:49:01,295 [ERROR] LogOutputStream:75 - [STDERR_REDIRECT] [Fatal Error] :1:1: Premature end of file.
2026-05-05 02:49:01,295 [ERROR] LogOutputStream:75 - [STDERR_REDIRECT] 
2026-05-05 02:49:01,309 [ERROR] LogOutputStream:75 - [STDERR_REDIRECT] [Fatal Error] :1:1: Premature end of file.
2026-05-05 02:49:01,309 [ERROR] LogOutputStream:75 - [STDERR_REDIRECT] 
2026-05-05 02:49:01,324 [ERROR] LogOutputStream:75 - [STDERR_REDIRECT] [Fatal Error] :1:1: Premature end of file.
2026-05-05 02:49:01,324 [ERROR] LogOutputStream:75 - [STDERR_REDIRECT] 
2026-05-05 02:49:01,338 [ERROR] LogOutputStream:75 - [STDERR_REDIRECT] [Fatal Error] :1:1: Premature end of file.
2026-05-05 02:49:01,338 [ERROR] LogOutputStream:75 - [STDERR_REDIRECT] 
2026-05-05 02:49:01,353 [ERROR] LogOutputStream:75 - [STDERR_REDIRECT] [Fatal Error] :1:1: Premature end of file.
2026-05-05 02:49:01,353 [ERROR] LogOutputStream:75 - [STDERR_REDIRECT] 
2026-05-05 02:49:01,367 [ERROR] LogOutputStream:75 - [STDERR_REDIRECT] [Fatal Error] :1:1: Premature end of file.
2026-05-05 02:49:01,367 [ERROR] LogOutputStream:75 - [STDERR_REDIRECT] 
2026-05-05 02:49:01,382 [ERROR] LogOutputStream:75 - [STDERR_REDIRECT] [Fatal Error] :1:1: Premature end of file.
2026-05-05 02:49:01,382 [ERROR] LogOutputStream:75 - [STDERR_REDIRECT] 
2026-05-05 02:49:01,395 [ERROR] LogOutputStream:75 - [STDERR_REDIRECT] [Fatal Error] :1:1: Premature end of file.
2026-05-05 02:49:01,396 [ERROR] LogOutputStream:75 - [STDERR_REDIRECT] 
2026-05-05 02:49:01,409 [ERROR] LogOutputStream:75 - [STDERR_REDIRECT] [Fatal Error] :1:1: Premature end of file.
2026-05-05 02:49:01,409 [ERROR] LogOutputStream:75 - [STDERR_REDIRECT] 
2026-05-05 02:49:01,422 [ERROR] LogOutputStream:75 - [STDERR_REDIRECT] [Fatal Error] :1:1: Premature end of file.
2026-05-05 02:49:01,422 [ERROR] LogOutputStream:75 - [STDERR_REDIRECT] 
2026-05-05 02:49:01,436 [ERROR] LogOutputStream:75 - [STDERR_REDIRECT] [Fatal Error] :1:1: Premature end of file.
2026-05-05 02:49:01,437 [ERROR] LogOutputStream:75 - [STDERR_REDIRECT] 
2026-05-05 02:49:01,450 [ERROR] LogOutputStream:75 - [STDERR_REDIRECT] [Fatal Error] :1:1: Premature end of file.
2026-05-05 02:49:01,450 [ERROR] LogOutputStream:75 - [STDERR_REDIRECT] 
2026-05-05 02:49:01,464 [ERROR] LogOutputStream:75 - [STDERR_REDIRECT] [Fatal Error] :1:1: Premature end of file.
2026-05-05 02:49:01,465 [ERROR] LogOutputStream:75 - [STDERR_REDIRECT] 
2026-05-05 02:49:01,478 [ERROR] LogOutputStream:75 - [STDERR_REDIRECT] [Fatal Error] :1:1: Premature end of file.
2026-05-05 02:49:01,478 [ERROR] LogOutputStream:75 - [STDERR_REDIRECT] 
2026-05-05 02:49:01,491 [ERROR] LogOutputStream:75 - [STDERR_REDIRECT] [Fatal Error] :1:1: Premature end of file.
2026-05-05 02:49:01,491 [ERROR] LogOutputStream:75 - [STDERR_REDIRECT] 
2026-05-05 02:49:01,504 [ERROR] LogOutputStream:75 - [STDERR_REDIRECT] [Fatal Error] :1:1: Premature end of file.
2026-05-05 02:49:01,504 [ERROR] LogOutputStream:75 - [STDERR_REDIRECT] 
2026-05-05 02:49:01,518 [ERROR] LogOutputStream:75 - [STDERR_REDIRECT] [Fatal Error] :1:1: Premature end of file.
2026-05-05 02:49:01,518 [ERROR] LogOutputStream:75 - [STDERR_REDIRECT] 
2026-05-05 02:49:01,533 [ERROR] LogOutputStream:75 - [STDERR_REDIRECT] [Fatal Error] :1:1: Premature end of file.
2026-05-05 02:49:01,533 [ERROR] LogOutputStream:75 - [STDERR_REDIRECT] 
2026-05-05 02:49:01,549 [ERROR] LogOutputStream:75 - [STDERR_REDIRECT] [Fatal Error] :1:1: Premature end of file.
2026-05-05 02:49:01,550 [ERROR] LogOutputStream:75 - [STDERR_REDIRECT] 
2026-05-05 02:49:01,565 [ERROR] LogOutputStream:75 - [STDERR_REDIRECT] [Fatal Error] :1:1: Premature end of file.
2026-05-05 02:49:01,565 [ERROR] LogOutputStream:75 - [STDERR_REDIRECT] 
2026-05-05 02:49:01,582 [ERROR] LogOutputStream:75 - [STDERR_REDIRECT] [Fatal Error] :1:1: Premature end of file.
2026-05-05 02:49:01,582 [ERROR] LogOutputStream:75 - [STDERR_REDIRECT] 
2026-05-05 02:49:01,596 [ERROR] LogOutputStream:75 - [STDERR_REDIRECT] [Fatal Error] :1:1: Premature end of file.
2026-05-05 02:49:01,596 [ERROR] LogOutputStream:75 - [STDERR_REDIRECT] 
2026-05-05 02:49:01,611 [ERROR] LogOutputStream:75 - [STDERR_REDIRECT] [Fatal Error] :1:1: Premature end of file.
2026-05-05 02:49:01,611 [ERROR] LogOutputStream:75 - [STDERR_REDIRECT] 
2026-05-05 02:49:01,624 [ERROR] LogOutputStream:75 - [STDERR_REDIRECT] [Fatal Error] :1:1: Premature end of file.
2026-05-05 02:49:01,624 [ERROR] LogOutputStream:75 - [STDERR_REDIRECT] 
2026-05-05 02:49:01,637 [ERROR] LogOutputStream:75 - [STDERR_REDIRECT] [Fatal Error] :1:1: Premature end of file.
2026-05-05 02:49:01,637 [ERROR] LogOutputStream:75 - [STDERR_REDIRECT] 
2026-05-05 02:49:01,650 [ERROR] LogOutputStream:75 - [STDERR_REDIRECT] [Fatal Error] :1:1: Premature end of file.
2026-05-05 02:49:01,650 [ERROR] LogOutputStream:75 - [STDERR_REDIRECT] 
2026-05-05 02:49:01,664 [ERROR] LogOutputStream:75 - [STDERR_REDIRECT] [Fatal Error] :1:1: Premature end of file.
2026-05-05 02:49:01,664 [ERROR] LogOutputStream:75 - [STDERR_REDIRECT] 
2026-05-05 02:49:01,678 [ERROR] LogOutputStream:75 - [STDERR_REDIRECT] [Fatal Error] :1:1: Premature end of file.
2026-05-05 02:49:01,678 [ERROR] LogOutputStream:75 - [STDERR_REDIRECT] 
2026-05-05 02:49:01,691 [ERROR] LogOutputStream:75 - [STDERR_REDIRECT] [Fatal Error] :1:1: Premature end of file.
2026-05-05 02:49:01,691 [ERROR] LogOutputStream:75 - [STDERR_REDIRECT] 
2026-05-05 02:49:01,705 [ERROR] LogOutputStream:75 - [STDERR_REDIRECT] [Fatal Error] :1:1: Premature end of file.
2026-05-05 02:49:01,705 [ERROR] LogOutputStream:75 - [STDERR_REDIRECT] 
2026-05-05 02:49:01,718 [ERROR] LogOutputStream:75 - [STDERR_REDIRECT] [Fatal Error] :1:1: Premature end of file.
2026-05-05 02:49:01,718 [ERROR] LogOutputStream:75 - [STDERR_REDIRECT] 
2026-05-05 02:49:01,731 [ERROR] LogOutputStream:75 - [STDERR_REDIRECT] [Fatal Error] :1:1: Premature end of file.
2026-05-05 02:49:01,731 [ERROR] LogOutputStream:75 - [STDERR_REDIRECT] 
2026-05-05 02:49:01,745 [ERROR] LogOutputStream:75 - [STDERR_REDIRECT] [Fatal Error] :1:1: Premature end of file.
2026-05-05 02:49:01,745 [ERROR] LogOutputStream:75 - [STDERR_REDIRECT] 
2026-05-05 02:49:01,769 [ERROR] LogOutputStream:75 - [STDERR_REDIRECT] [Fatal Error] :1:1: Premature end of file.
2026-05-05 02:49:01,769 [ERROR] LogOutputStream:75 - [STDERR_REDIRECT] 
2026-05-05 02:49:01,782 [ERROR] LogOutputStream:75 - [STDERR_REDIRECT] [Fatal Error] :1:1: Premature end of file.
2026-05-05 02:49:01,782 [ERROR] LogOutputStream:75 - [STDERR_REDIRECT] 
2026-05-05 02:49:01,797 [ERROR] LogOutputStream:75 - [STDERR_REDIRECT] [Fatal Error] :1:1: Premature end of file.
2026-05-05 02:49:01,797 [ERROR] LogOutputStream:75 - [STDERR_REDIRECT] 
2026-05-05 02:49:01,809 [ERROR] LogOutputStream:75 - [STDERR_REDIRECT] [Fatal Error] :1:1: Premature end of file.
2026-05-05 02:49:01,809 [ERROR] LogOutputStream:75 - [STDERR_REDIRECT] 
2026-05-05 02:49:01,824 [ERROR] LogOutputStream:75 - [STDERR_REDIRECT] [Fatal Error] :1:1: Premature end of file.
2026-05-05 02:49:01,824 [ERROR] LogOutputStream:75 - [STDERR_REDIRECT] 
2026-05-05 02:49:01,839 [ERROR] LogOutputStream:75 - [STDERR_REDIRECT] [Fatal Error] :1:1: Premature end of file.
2026-05-05 02:49:01,839 [ERROR] LogOutputStream:75 - [STDERR_REDIRECT] 
2026-05-05 02:49:01,853 [ERROR] LogOutputStream:75 - [STDERR_REDIRECT] [Fatal Error] :1:1: Premature end of file.
2026-05-05 02:49:01,853 [ERROR] LogOutputStream:75 - [STDERR_REDIRECT] 
2026-05-05 02:49:01,871 [ERROR] LogOutputStream:75 - [STDERR_REDIRECT] [Fatal Error] :1:1: Premature end of file.
2026-05-05 02:49:01,871 [ERROR] LogOutputStream:75 - [STDERR_REDIRECT] 
2026-05-05 02:49:01,883 [ERROR] LogOutputStream:75 - [STDERR_REDIRECT] [Fatal Error] :1:1: Premature end of file.
2026-05-05 02:49:01,883 [ERROR] LogOutputStream:75 - [STDERR_REDIRECT] 
2026-05-05 02:49:01,896 [ERROR] LogOutputStream:75 - [STDERR_REDIRECT] [Fatal Error] :1:1: Premature end of file.
2026-05-05 02:49:01,896 [ERROR] LogOutputStream:75 - [STDERR_REDIRECT] 
2026-05-05 02:49:01,910 [ERROR] LogOutputStream:75 - [STDERR_REDIRECT] [Fatal Error] :1:1: Premature end of file.
2026-05-05 02:49:01,910 [ERROR] LogOutputStream:75 - [STDERR_REDIRECT] 
2026-05-05 02:49:01,924 [ERROR] LogOutputStream:75 - [STDERR_REDIRECT] [Fatal Error] :1:1: Premature end of file.
2026-05-05 02:49:01,924 [ERROR] LogOutputStream:75 - [STDERR_REDIRECT] 
2026-05-05 02:49:01,938 [ERROR] LogOutputStream:75 - [STDERR_REDIRECT] [Fatal Error] :1:1: Premature end of file.
2026-05-05 02:49:01,938 [ERROR] LogOutputStream:75 - [STDERR_REDIRECT] 
2026-05-05 02:49:01,953 [ERROR] LogOutputStream:75 - [STDERR_REDIRECT] [Fatal Error] :1:1: Premature end of file.
2026-05-05 02:49:01,953 [ERROR] LogOutputStream:75 - [STDERR_REDIRECT] 
2026-05-05 02:49:01,967 [ERROR] LogOutputStream:75 - [STDERR_REDIRECT] [Fatal Error] :1:1: Premature end of file.
2026-05-05 02:49:01,967 [ERROR] LogOutputStream:75 - [STDERR_REDIRECT] 
2026-05-05 02:49:01,980 [ERROR] LogOutputStream:75 - [STDERR_REDIRECT] [Fatal Error] :1:1: Premature end of file.
2026-05-05 02:49:01,981 [ERROR] LogOutputStream:75 - [STDERR_REDIRECT] 
2026-05-05 02:49:01,994 [ERROR] LogOutputStream:75 - [STDERR_REDIRECT] [Fatal Error] :1:1: Premature end of file.
2026-05-05 02:49:01,995 [ERROR] LogOutputStream:75 - [STDERR_REDIRECT] 
2026-05-05 02:49:02,008 [ERROR] LogOutputStream:75 - [STDERR_REDIRECT] [Fatal Error] :1:1: Premature end of file.
2026-05-05 02:49:02,009 [ERROR] LogOutputStream:75 - [STDERR_REDIRECT] 
2026-05-05 02:49:02,022 [ERROR] LogOutputStream:75 - [STDERR_REDIRECT] [Fatal Error] :1:1: Premature end of file.
2026-05-05 02:49:02,022 [ERROR] LogOutputStream:75 - [STDERR_REDIRECT] 
2026-05-05 02:49:02,034 [ERROR] LogOutputStream:75 - [STDERR_REDIRECT] [Fatal Error] :1:1: Premature end of file.
2026-05-05 02:49:02,035 [ERROR] LogOutputStream:75 - [STDERR_REDIRECT] 
2026-05-05 02:49:02,050 [ERROR] LogOutputStream:75 - [STDERR_REDIRECT] [Fatal Error] :1:1: Premature end of file.
2026-05-05 02:49:02,050 [ERROR] LogOutputStream:75 - [STDERR_REDIRECT] 
2026-05-05 02:49:02,064 [ERROR] LogOutputStream:75 - [STDERR_REDIRECT] [Fatal Error] :1:1: Premature end of file.
2026-05-05 02:49:02,064 [ERROR] LogOutputStream:75 - [STDERR_REDIRECT] 
2026-05-05 02:49:02,078 [ERROR] LogOutputStream:75 - [STDERR_REDIRECT] [Fatal Error] :1:1: Premature end of file.
2026-05-05 02:49:02,078 [ERROR] LogOutputStream:75 - [STDERR_REDIRECT] 
2026-05-05 02:49:02,091 [ERROR] LogOutputStream:75 - [STDERR_REDIRECT] [Fatal Error] :1:1: Premature end of file.
2026-05-05 02:49:02,092 [ERROR] LogOutputStream:75 - [STDERR_REDIRECT] 
2026-05-05 02:49:02,105 [ERROR] LogOutputStream:75 - [STDERR_REDIRECT] [Fatal Error] :1:1: Premature end of file.
2026-05-05 02:49:02,105 [ERROR] LogOutputStream:75 - [STDERR_REDIRECT] 
2026-05-05 02:49:02,119 [ERROR] LogOutputStream:75 - [STDERR_REDIRECT] [Fatal Error] :1:1: Premature end of file.
2026-05-05 02:49:02,119 [ERROR] LogOutputStream:75 - [STDERR_REDIRECT] 
2026-05-05 02:49:02,133 [ERROR] LogOutputStream:75 - [STDERR_REDIRECT] [Fatal Error] :1:1: Premature end of file.
2026-05-05 02:49:02,133 [ERROR] LogOutputStream:75 - [STDERR_REDIRECT] 
2026-05-05 02:49:02,146 [ERROR] LogOutputStream:75 - [STDERR_REDIRECT] [Fatal Error] :1:1: Premature end of file.
2026-05-05 02:49:02,146 [ERROR] LogOutputStream:75 - [STDERR_REDIRECT] 
2026-05-05 02:49:02,158 [ERROR] LogOutputStream:75 - [STDERR_REDIRECT] [Fatal Error] :1:1: Premature end of file.
2026-05-05 02:49:02,158 [ERROR] LogOutputStream:75 - [STDERR_REDIRECT] 
2026-05-05 02:49:02,173 [ERROR] LogOutputStream:75 - [STDERR_REDIRECT] [Fatal Error] :1:1: Premature end of file.
2026-05-05 02:49:02,173 [ERROR] LogOutputStream:75 - [STDERR_REDIRECT] 
2026-05-05 02:49:02,186 [ERROR] LogOutputStream:75 - [STDERR_REDIRECT] [Fatal Error] :1:1: Premature end of file.
2026-05-05 02:49:02,186 [ERROR] LogOutputStream:75 - [STDERR_REDIRECT] 
2026-05-05 02:49:02,199 [ERROR] LogOutputStream:75 - [STDERR_REDIRECT] [Fatal Error] :1:1: Premature end of file.
2026-05-05 02:49:02,199 [ERROR] LogOutputStream:75 - [STDERR_REDIRECT] 
2026-05-05 02:49:02,214 [ERROR] LogOutputStream:75 - [STDERR_REDIRECT] [Fatal Error] :1:1: Premature end of file.
2026-05-05 02:49:02,214 [ERROR] LogOutputStream:75 - [STDERR_REDIRECT] 
2026-05-05 02:49:02,241 [ERROR] LogOutputStream:75 - [STDERR_REDIRECT] [Fatal Error] :1:1: Premature end of file.
2026-05-05 02:49:02,241 [ERROR] LogOutputStream:75 - [STDERR_REDIRECT] 
2026-05-05 02:49:02,259 [ERROR] LogOutputStream:75 - [STDERR_REDIRECT] [Fatal Error] :1:1: Premature end of file.
2026-05-05 02:49:02,259 [ERROR] LogOutputStream:75 - [STDERR_REDIRECT] 
2026-05-05 02:49:02,275 [ERROR] LogOutputStream:75 - [STDERR_REDIRECT] [Fatal Error] :1:1: Premature end of file.
2026-05-05 02:49:02,275 [ERROR] LogOutputStream:75 - [STDERR_REDIRECT] 
2026-05-05 02:49:02,294 [ERROR] LogOutputStream:75 - [STDERR_REDIRECT] [Fatal Error] :1:1: Premature end of file.
2026-05-05 02:49:02,294 [ERROR] LogOutputStream:75 - [STDERR_REDIRECT] 
2026-05-05 02:49:02,314 [ERROR] LogOutputStream:75 - [STDERR_REDIRECT] [Fatal Error] :1:1: Premature end of file.
2026-05-05 02:49:02,314 [ERROR] LogOutputStream:75 - [STDERR_REDIRECT] 
2026-05-05 02:49:02,329 [ERROR] LogOutputStream:75 - [STDERR_REDIRECT] [Fatal Error] :1:1: Premature end of file.
2026-05-05 02:49:02,329 [ERROR] LogOutputStream:75 - [STDERR_REDIRECT] 
2026-05-05 02:49:02,343 [ERROR] LogOutputStream:75 - [STDERR_REDIRECT] [Fatal Error] :1:1: Premature end of file.
2026-05-05 02:49:02,343 [ERROR] LogOutputStream:75 - [STDERR_REDIRECT] 
2026-05-05 02:49:02,358 [ERROR] LogOutputStream:75 - [STDERR_REDIRECT] [Fatal Error] :1:1: Premature end of file.
2026-05-05 02:49:02,358 [ERROR] LogOutputStream:75 - [STDERR_REDIRECT] 
2026-05-05 02:49:02,372 [ERROR] LogOutputStream:75 - [STDERR_REDIRECT] [Fatal Error] :1:1: Premature end of file.
2026-05-05 02:49:02,372 [ERROR] LogOutputStream:75 - [STDERR_REDIRECT] 
2026-05-05 02:49:02,388 [ERROR] LogOutputStream:75 - [STDERR_REDIRECT] [Fatal Error] :1:1: Premature end of file.
2026-05-05 02:49:02,388 [ERROR] LogOutputStream:75 - [STDERR_REDIRECT] 
2026-05-05 02:49:02,407 [ERROR] LogOutputStream:75 - [STDERR_REDIRECT] [Fatal Error] :1:1: Premature end of file.
2026-05-05 02:49:02,407 [ERROR] LogOutputStream:75 - [STDERR_REDIRECT] 
2026-05-05 02:49:02,425 [ERROR] LogOutputStream:75 - [STDERR_REDIRECT] [Fatal Error] :1:1: Premature end of file.
2026-05-05 02:49:02,425 [ERROR] LogOutputStream:75 - [STDERR_REDIRECT] 
2026-05-05 02:49:02,440 [ERROR] LogOutputStream:75 - [STDERR_REDIRECT] [Fatal Error] :1:1: Premature end of file.
2026-05-05 02:49:02,440 [ERROR] LogOutputStream:75 - [STDERR_REDIRECT] 
2026-05-05 02:49:02,455 [ERROR] LogOutputStream:75 - [STDERR_REDIRECT] [Fatal Error] :1:1: Premature end of file.
2026-05-05 02:49:02,455 [ERROR] LogOutputStream:75 - [STDERR_REDIRECT] 
2026-05-05 02:49:02,469 [ERROR] LogOutputStream:75 - [STDERR_REDIRECT] [Fatal Error] :1:1: Premature end of file.
2026-05-05 02:49:02,469 [ERROR] LogOutputStream:75 - [STDERR_REDIRECT] 
2026-05-05 02:49:02,483 [ERROR] LogOutputStream:75 - [STDERR_REDIRECT] [Fatal Error] :1:1: Premature end of file.
2026-05-05 02:49:02,483 [ERROR] LogOutputStream:75 - [STDERR_REDIRECT] 
2026-05-05 02:49:02,499 [ERROR] LogOutputStream:75 - [STDERR_REDIRECT] [Fatal Error] :1:1: Premature end of file.
2026-05-05 02:49:02,499 [ERROR] LogOutputStream:75 - [STDERR_REDIRECT] 
2026-05-05 02:49:02,513 [ERROR] LogOutputStream:75 - [STDERR_REDIRECT] [Fatal Error] :1:1: Premature end of file.
2026-05-05 02:49:02,513 [ERROR] LogOutputStream:75 - [STDERR_REDIRECT] 
2026-05-05 02:49:02,526 [ERROR] LogOutputStream:75 - [STDERR_REDIRECT] [Fatal Error] :1:1: Premature end of file.
2026-05-05 02:49:02,526 [ERROR] LogOutputStream:75 - [STDERR_REDIRECT] 
2026-05-05 02:49:02,540 [ERROR] LogOutputStream:75 - [STDERR_REDIRECT] [Fatal Error] :1:1: Premature end of file.
2026-05-05 02:49:02,541 [ERROR] LogOutputStream:75 - [STDERR_REDIRECT] 
2026-05-05 02:49:02,555 [ERROR] LogOutputStream:75 - [STDERR_REDIRECT] [Fatal Error] :1:1: Premature end of file.
2026-05-05 02:49:02,555 [ERROR] LogOutputStream:75 - [STDERR_REDIRECT] 
2026-05-05 02:49:02,568 [ERROR] LogOutputStream:75 - [STDERR_REDIRECT] [Fatal Error] :1:1: Premature end of file.
2026-05-05 02:49:02,568 [ERROR] LogOutputStream:75 - [STDERR_REDIRECT] 
2026-05-05 02:49:02,581 [ERROR] LogOutputStream:75 - [STDERR_REDIRECT] [Fatal Error] :1:1: Premature end of file.
2026-05-05 02:49:02,581 [ERROR] LogOutputStream:75 - [STDERR_REDIRECT] 
2026-05-05 02:49:02,596 [ERROR] LogOutputStream:75 - [STDERR_REDIRECT] [Fatal Error] :1:1: Premature end of file.
2026-05-05 02:49:02,596 [ERROR] LogOutputStream:75 - [STDERR_REDIRECT] 
2026-05-05 02:49:02,610 [ERROR] LogOutputStream:75 - [STDERR_REDIRECT] [Fatal Error] :1:1: Premature end of file.
2026-05-05 02:49:02,610 [ERROR] LogOutputStream:75 - [STDERR_REDIRECT] 
2026-05-05 02:49:02,624 [ERROR] LogOutputStream:75 - [STDERR_REDIRECT] [Fatal Error] :1:1: Premature end of file.
2026-05-05 02:49:02,624 [ERROR] LogOutputStream:75 - [STDERR_REDIRECT] 
2026-05-05 02:49:02,638 [ERROR] LogOutputStream:75 - [STDERR_REDIRECT] [Fatal Error] :1:1: Premature end of file.
2026-05-05 02:49:02,638 [ERROR] LogOutputStream:75 - [STDERR_REDIRECT] 
2026-05-05 02:49:02,654 [ERROR] LogOutputStream:75 - [STDERR_REDIRECT] [Fatal Error] :1:1: Premature end of file.
2026-05-05 02:49:02,654 [ERROR] LogOutputStream:75 - [STDERR_REDIRECT] 
2026-05-05 02:49:02,687 [ERROR] LogOutputStream:75 - [STDERR_REDIRECT] [Fatal Error] :1:1: Premature end of file.
2026-05-05 02:49:02,687 [ERROR] LogOutputStream:75 - [STDERR_REDIRECT] 
2026-05-05 02:49:02,701 [ERROR] LogOutputStream:75 - [STDERR_REDIRECT] [Fatal Error] :1:1: Premature end of file.
2026-05-05 02:49:02,701 [ERROR] LogOutputStream:75 - [STDERR_REDIRECT] 
2026-05-05 02:49:02,716 [ERROR] LogOutputStream:75 - [STDERR_REDIRECT] [Fatal Error] :1:1: Premature end of file.
2026-05-05 02:49:02,716 [ERROR] LogOutputStream:75 - [STDERR_REDIRECT] 
2026-05-05 02:49:02,729 [ERROR] LogOutputStream:75 - [STDERR_REDIRECT] [Fatal Error] :1:1: Premature end of file.
2026-05-05 02:49:02,729 [ERROR] LogOutputStream:75 - [STDERR_REDIRECT] 
2026-05-05 02:49:02,745 [ERROR] LogOutputStream:75 - [STDERR_REDIRECT] [Fatal Error] :1:1: Premature end of file.
2026-05-05 02:49:02,745 [ERROR] LogOutputStream:75 - [STDERR_REDIRECT] 
2026-05-05 02:49:02,758 [ERROR] LogOutputStream:75 - [STDERR_REDIRECT] [Fatal Error] :1:1: Premature end of file.
2026-05-05 02:49:02,759 [ERROR] LogOutputStream:75 - [STDERR_REDIRECT] 
2026-05-05 02:49:02,774 [ERROR] LogOutputStream:75 - [STDERR_REDIRECT] [Fatal Error] :1:1: Premature end of file.
2026-05-05 02:49:02,774 [ERROR] LogOutputStream:75 - [STDERR_REDIRECT] 
2026-05-05 02:49:02,788 [ERROR] LogOutputStream:75 - [STDERR_REDIRECT] [Fatal Error] :1:1: Premature end of file.
2026-05-05 02:49:02,788 [ERROR] LogOutputStream:75 - [STDERR_REDIRECT] 
2026-05-05 02:49:02,802 [ERROR] LogOutputStream:75 - [STDERR_REDIRECT] [Fatal Error] :1:1: Premature end of file.
2026-05-05 02:49:02,802 [ERROR] LogOutputStream:75 - [STDERR_REDIRECT] 
2026-05-05 02:49:02,816 [ERROR] LogOutputStream:75 - [STDERR_REDIRECT] [Fatal Error] :1:1: Premature end of file.
2026-05-05 02:49:02,816 [ERROR] LogOutputStream:75 - [STDERR_REDIRECT] 
2026-05-05 02:49:02,831 [ERROR] LogOutputStream:75 - [STDERR_REDIRECT] [Fatal Error] :1:1: Premature end of file.
2026-05-05 02:49:02,831 [ERROR] LogOutputStream:75 - [STDERR_REDIRECT] 
2026-05-05 02:49:02,844 [ERROR] LogOutputStream:75 - [STDERR_REDIRECT] [Fatal Error] :1:1: Premature end of file.
2026-05-05 02:49:02,844 [ERROR] LogOutputStream:75 - [STDERR_REDIRECT] 
2026-05-05 02:49:02,856 [ERROR] LogOutputStream:75 - [STDERR_REDIRECT] [Fatal Error] :1:1: Premature end of file.
2026-05-05 02:49:02,857 [ERROR] LogOutputStream:75 - [STDERR_REDIRECT] 
2026-05-05 02:49:02,871 [ERROR] LogOutputStream:75 - [STDERR_REDIRECT] [Fatal Error] :1:1: Premature end of file.
2026-05-05 02:49:02,871 [ERROR] LogOutputStream:75 - [STDERR_REDIRECT] 
2026-05-05 02:49:02,884 [ERROR] LogOutputStream:75 - [STDERR_REDIRECT] [Fatal Error] :1:1: Premature end of file.
2026-05-05 02:49:02,884 [ERROR] LogOutputStream:75 - [STDERR_REDIRECT] 
2026-05-05 02:49:02,898 [ERROR] LogOutputStream:75 - [STDERR_REDIRECT] [Fatal Error] :1:1: Premature end of file.
2026-05-05 02:49:02,898 [ERROR] LogOutputStream:75 - [STDERR_REDIRECT] 
2026-05-05 02:49:02,911 [ERROR] LogOutputStream:75 - [STDERR_REDIRECT] [Fatal Error] :1:1: Premature end of file.
2026-05-05 02:49:02,911 [ERROR] LogOutputStream:75 - [STDERR_REDIRECT] 
2026-05-05 02:49:02,924 [ERROR] LogOutputStream:75 - [STDERR_REDIRECT] [Fatal Error] :1:1: Premature end of file.
2026-05-05 02:49:02,924 [ERROR] LogOutputStream:75 - [STDERR_REDIRECT] 
2026-05-05 02:49:02,938 [ERROR] LogOutputStream:75 - [STDERR_REDIRECT] [Fatal Error] :1:1: Premature end of file.
2026-05-05 02:49:02,938 [ERROR] LogOutputStream:75 - [STDERR_REDIRECT] 
2026-05-05 02:49:02,952 [ERROR] LogOutputStream:75 - [STDERR_REDIRECT] [Fatal Error] :1:1: Premature end of file.
2026-05-05 02:49:02,952 [ERROR] LogOutputStream:75 - [STDERR_REDIRECT] 
2026-05-05 02:49:02,965 [ERROR] LogOutputStream:75 - [STDERR_REDIRECT] [Fatal Error] :1:1: Premature end of file.
2026-05-05 02:49:02,965 [ERROR] LogOutputStream:75 - [STDERR_REDIRECT] 
2026-05-05 02:49:02,979 [ERROR] LogOutputStream:75 - [STDERR_REDIRECT] [Fatal Error] :1:1: Premature end of file.
2026-05-05 02:49:02,979 [ERROR] LogOutputStream:75 - [STDERR_REDIRECT] 
2026-05-05 02:49:02,992 [ERROR] LogOutputStream:75 - [STDERR_REDIRECT] [Fatal Error] :1:1: Premature end of file.
2026-05-05 02:49:02,992 [ERROR] LogOutputStream:75 - [STDERR_REDIRECT] 
2026-05-05 02:49:03,006 [ERROR] LogOutputStream:75 - [STDERR_REDIRECT] [Fatal Error] :1:1: Premature end of file.
2026-05-05 02:49:03,006 [ERROR] LogOutputStream:75 - [STDERR_REDIRECT] 
2026-05-05 02:49:03,020 [ERROR] LogOutputStream:75 - [STDERR_REDIRECT] [Fatal Error] :1:1: Premature end of file.
2026-05-05 02:49:03,020 [ERROR] LogOutputStream:75 - [STDERR_REDIRECT] 
2026-05-05 02:49:03,032 [ERROR] LogOutputStream:75 - [STDERR_REDIRECT] [Fatal Error] :1:1: Premature end of file.
2026-05-05 02:49:03,033 [ERROR] LogOutputStream:75 - [STDERR_REDIRECT] 
2026-05-05 02:49:03,047 [ERROR] LogOutputStream:75 - [STDERR_REDIRECT] [Fatal Error] :1:1: Premature end of file.
2026-05-05 02:49:03,047 [ERROR] LogOutputStream:75 - [STDERR_REDIRECT] 
2026-05-05 02:49:03,060 [ERROR] LogOutputStream:75 - [STDERR_REDIRECT] [Fatal Error] :1:1: Premature end of file.
2026-05-05 02:49:03,060 [ERROR] LogOutputStream:75 - [STDERR_REDIRECT] 
2026-05-05 02:49:03,074 [ERROR] LogOutputStream:75 - [STDERR_REDIRECT] [Fatal Error] :1:1: Premature end of file.
2026-05-05 02:49:03,074 [ERROR] LogOutputStream:75 - [STDERR_REDIRECT] 
2026-05-05 02:49:03,087 [ERROR] LogOutputStream:75 - [STDERR_REDIRECT] [Fatal Error] :1:1: Premature end of file.
2026-05-05 02:49:03,087 [ERROR] LogOutputStream:75 - [STDERR_REDIRECT] 
2026-05-05 02:49:03,101 [ERROR] LogOutputStream:75 - [STDERR_REDIRECT] [Fatal Error] :1:1: Premature end of file.
2026-05-05 02:49:03,101 [ERROR] LogOutputStream:75 - [STDERR_REDIRECT] 
2026-05-05 02:49:03,114 [ERROR] LogOutputStream:75 - [STDERR_REDIRECT] [Fatal Error] :1:1: Premature end of file.
2026-05-05 02:49:03,114 [ERROR] LogOutputStream:75 - [STDERR_REDIRECT] 
2026-05-05 02:49:03,127 [ERROR] LogOutputStream:75 - [STDERR_REDIRECT] [Fatal Error] :1:1: Premature end of file.
2026-05-05 02:49:03,127 [ERROR] LogOutputStream:75 - [STDERR_REDIRECT] 
2026-05-05 02:49:03,140 [ERROR] LogOutputStream:75 - [STDERR_REDIRECT] [Fatal Error] :1:1: Premature end of file.
2026-05-05 02:49:03,140 [ERROR] LogOutputStream:75 - [STDERR_REDIRECT] 
2026-05-05 02:49:03,154 [ERROR] LogOutputStream:75 - [STDERR_REDIRECT] [Fatal Error] :1:1: Premature end of file.
2026-05-05 02:49:03,154 [ERROR] LogOutputStream:75 - [STDERR_REDIRECT] 
2026-05-05 02:49:03,168 [ERROR] LogOutputStream:75 - [STDERR_REDIRECT] [Fatal Error] :1:1: Premature end of file.
2026-05-05 02:49:03,168 [ERROR] LogOutputStream:75 - [STDERR_REDIRECT] 
2026-05-05 02:49:03,181 [ERROR] LogOutputStream:75 - [STDERR_REDIRECT] [Fatal Error] :1:1: Premature end of file.
2026-05-05 02:49:03,181 [ERROR] LogOutputStream:75 - [STDERR_REDIRECT] 
2026-05-05 02:49:03,196 [ERROR] LogOutputStream:75 - [STDERR_REDIRECT] [Fatal Error] :1:1: Premature end of file.
2026-05-05 02:49:03,196 [ERROR] LogOutputStream:75 - [STDERR_REDIRECT] 
2026-05-05 02:49:03,209 [ERROR] LogOutputStream:75 - [STDERR_REDIRECT] [Fatal Error] :1:1: Premature end of file.
2026-05-05 02:49:03,209 [ERROR] LogOutputStream:75 - [STDERR_REDIRECT] 
2026-05-05 02:49:03,222 [ERROR] LogOutputStream:75 - [STDERR_REDIRECT] [Fatal Error] :1:1: Premature end of file.
2026-05-05 02:49:03,224 [ERROR] LogOutputStream:75 - [STDERR_REDIRECT] 
2026-05-05 02:49:03,237 [ERROR] LogOutputStream:75 - [STDERR_REDIRECT] [Fatal Error] :1:1: Premature end of file.
2026-05-05 02:49:03,237 [ERROR] LogOutputStream:75 - [STDERR_REDIRECT] 
2026-05-05 02:49:03,251 [ERROR] LogOutputStream:75 - [STDERR_REDIRECT] [Fatal Error] :1:1: Premature end of file.
2026-05-05 02:49:03,251 [ERROR] LogOutputStream:75 - [STDERR_REDIRECT] 
2026-05-05 02:49:03,264 [ERROR] LogOutputStream:75 - [STDERR_REDIRECT] [Fatal Error] :1:1: Premature end of file.
2026-05-05 02:49:03,264 [ERROR] LogOutputStream:75 - [STDERR_REDIRECT] 
2026-05-05 02:49:03,277 [ERROR] LogOutputStream:75 - [STDERR_REDIRECT] [Fatal Error] :1:1: Premature end of file.
2026-05-05 02:49:03,278 [ERROR] LogOutputStream:75 - [STDERR_REDIRECT] 
2026-05-05 02:49:03,292 [ERROR] LogOutputStream:75 - [STDERR_REDIRECT] [Fatal Error] :1:1: Premature end of file.
2026-05-05 02:49:03,292 [ERROR] LogOutputStream:75 - [STDERR_REDIRECT] 
2026-05-05 02:49:03,305 [ERROR] LogOutputStream:75 - [STDERR_REDIRECT] [Fatal Error] :1:1: Premature end of file.
2026-05-05 02:49:03,305 [ERROR] LogOutputStream:75 - [STDERR_REDIRECT] 
2026-05-05 02:49:03,320 [ERROR] LogOutputStream:75 - [STDERR_REDIRECT] [Fatal Error] :1:1: Premature end of file.
2026-05-05 02:49:03,320 [ERROR] LogOutputStream:75 - [STDERR_REDIRECT] 
2026-05-05 02:49:03,336 [ERROR] LogOutputStream:75 - [STDERR_REDIRECT] [Fatal Error] :1:1: Premature end of file.
2026-05-05 02:49:03,336 [ERROR] LogOutputStream:75 - [STDERR_REDIRECT] 
2026-05-05 02:49:03,350 [ERROR] LogOutputStream:75 - [STDERR_REDIRECT] [Fatal Error] :1:1: Premature end of file.
2026-05-05 02:49:03,350 [ERROR] LogOutputStream:75 - [STDERR_REDIRECT] 
2026-05-05 02:49:03,364 [ERROR] LogOutputStream:75 - [STDERR_REDIRECT] [Fatal Error] :1:1: Premature end of file.
2026-05-05 02:49:03,364 [ERROR] LogOutputStream:75 - [STDERR_REDIRECT] 
2026-05-05 02:49:03,378 [ERROR] LogOutputStream:75 - [STDERR_REDIRECT] [Fatal Error] :1:1: Premature end of file.
2026-05-05 02:49:03,378 [ERROR] LogOutputStream:75 - [STDERR_REDIRECT] 
2026-05-05 02:49:03,392 [ERROR] LogOutputStream:75 - [STDERR_REDIRECT] [Fatal Error] :1:1: Premature end of file.
2026-05-05 02:49:03,392 [ERROR] LogOutputStream:75 - [STDERR_REDIRECT] 
2026-05-05 02:49:03,406 [ERROR] LogOutputStream:75 - [STDERR_REDIRECT] [Fatal Error] :1:1: Premature end of file.
2026-05-05 02:49:03,406 [ERROR] LogOutputStream:75 - [STDERR_REDIRECT] 
2026-05-05 02:49:03,419 [ERROR] LogOutputStream:75 - [STDERR_REDIRECT] [Fatal Error] :1:1: Premature end of file.
2026-05-05 02:49:03,419 [ERROR] LogOutputStream:75 - [STDERR_REDIRECT] 
2026-05-05 02:49:03,432 [ERROR] LogOutputStream:75 - [STDERR_REDIRECT] [Fatal Error] :1:1: Premature end of file.
2026-05-05 02:49:03,432 [ERROR] LogOutputStream:75 - [STDERR_REDIRECT] 
2026-05-05 02:49:03,445 [ERROR] LogOutputStream:75 - [STDERR_REDIRECT] [Fatal Error] :1:1: Premature end of file.
2026-05-05 02:49:03,445 [ERROR] LogOutputStream:75 - [STDERR_REDIRECT] 
2026-05-05 02:49:03,461 [ERROR] LogOutputStream:75 - [STDERR_REDIRECT] [Fatal Error] :1:1: Premature end of file.
2026-05-05 02:49:03,461 [ERROR] LogOutputStream:75 - [STDERR_REDIRECT] 
2026-05-05 02:49:03,474 [ERROR] LogOutputStream:75 - [STDERR_REDIRECT] [Fatal Error] :1:1: Premature end of file.
2026-05-05 02:49:03,474 [ERROR] LogOutputStream:75 - [STDERR_REDIRECT] 
2026-05-05 02:49:03,490 [ERROR] LogOutputStream:75 - [STDERR_REDIRECT] [Fatal Error] :1:1: Premature end of file.
2026-05-05 02:49:03,490 [ERROR] LogOutputStream:75 - [STDERR_REDIRECT] 
2026-05-05 02:49:03,503 [ERROR] LogOutputStream:75 - [STDERR_REDIRECT] [Fatal Error] :1:1: Premature end of file.
2026-05-05 02:49:03,503 [ERROR] LogOutputStream:75 - [STDERR_REDIRECT] 
2026-05-05 02:49:03,516 [ERROR] LogOutputStream:75 - [STDERR_REDIRECT] [Fatal Error] :1:1: Premature end of file.
2026-05-05 02:49:03,516 [ERROR] LogOutputStream:75 - [STDERR_REDIRECT] 
2026-05-05 02:49:03,531 [ERROR] LogOutputStream:75 - [STDERR_REDIRECT] [Fatal Error] :1:1: Premature end of file.
2026-05-05 02:49:03,531 [ERROR] LogOutputStream:75 - [STDERR_REDIRECT] 
2026-05-05 02:49:03,544 [ERROR] LogOutputStream:75 - [STDERR_REDIRECT] [Fatal Error] :1:1: Premature end of file.
2026-05-05 02:49:03,544 [ERROR] LogOutputStream:75 - [STDERR_REDIRECT] 
2026-05-05 02:49:03,558 [ERROR] LogOutputStream:75 - [STDERR_REDIRECT] [Fatal Error] :1:1: Premature end of file.
2026-05-05 02:49:03,558 [ERROR] LogOutputStream:75 - [STDERR_REDIRECT] 
2026-05-05 02:49:03,572 [ERROR] LogOutputStream:75 - [STDERR_REDIRECT] [Fatal Error] :1:1: Premature end of file.
2026-05-05 02:49:03,572 [ERROR] LogOutputStream:75 - [STDERR_REDIRECT] 
2026-05-05 02:49:03,586 [ERROR] LogOutputStream:75 - [STDERR_REDIRECT] [Fatal Error] :1:1: Premature end of file.
2026-05-05 02:49:03,586 [ERROR] LogOutputStream:75 - [STDERR_REDIRECT] 
2026-05-05 02:49:03,601 [ERROR] LogOutputStream:75 - [STDERR_REDIRECT] [Fatal Error] :1:1: Premature end of file.
2026-05-05 02:49:03,601 [ERROR] LogOutputStream:75 - [STDERR_REDIRECT] 
2026-05-05 02:49:03,614 [ERROR] LogOutputStream:75 - [STDERR_REDIRECT] [Fatal Error] :1:1: Premature end of file.
2026-05-05 02:49:03,614 [ERROR] LogOutputStream:75 - [STDERR_REDIRECT] 
2026-05-05 02:49:03,626 [ERROR] LogOutputStream:75 - [STDERR_REDIRECT] [Fatal Error] :1:1: Premature end of file.
2026-05-05 02:49:03,626 [ERROR] LogOutputStream:75 - [STDERR_REDIRECT] 
2026-05-05 02:49:03,639 [ERROR] LogOutputStream:75 - [STDERR_REDIRECT] [Fatal Error] :1:1: Premature end of file.
2026-05-05 02:49:03,640 [ERROR] LogOutputStream:75 - [STDERR_REDIRECT] 
2026-05-05 02:49:03,652 [ERROR] LogOutputStream:75 - [STDERR_REDIRECT] [Fatal Error] :1:1: Premature end of file.
2026-05-05 02:49:03,652 [ERROR] LogOutputStream:75 - [STDERR_REDIRECT] 
2026-05-05 02:49:03,666 [ERROR] LogOutputStream:75 - [STDERR_REDIRECT] [Fatal Error] :1:1: Premature end of file.
2026-05-05 02:49:03,666 [ERROR] LogOutputStream:75 - [STDERR_REDIRECT] 
2026-05-05 02:49:03,681 [ERROR] LogOutputStream:75 - [STDERR_REDIRECT] [Fatal Error] :1:1: Premature end of file.
2026-05-05 02:49:03,682 [ERROR] LogOutputStream:75 - [STDERR_REDIRECT] 
2026-05-05 02:49:03,696 [ERROR] LogOutputStream:75 - [STDERR_REDIRECT] [Fatal Error] :1:1: Premature end of file.
2026-05-05 02:49:03,696 [ERROR] LogOutputStream:75 - [STDERR_REDIRECT] 
2026-05-05 02:49:03,710 [ERROR] LogOutputStream:75 - [STDERR_REDIRECT] [Fatal Error] :1:1: Premature end of file.
2026-05-05 02:49:03,710 [ERROR] LogOutputStream:75 - [STDERR_REDIRECT] 
2026-05-05 02:49:03,725 [ERROR] LogOutputStream:75 - [STDERR_REDIRECT] [Fatal Error] :1:1: Premature end of file.
2026-05-05 02:49:03,725 [ERROR] LogOutputStream:75 - [STDERR_REDIRECT] 
2026-05-05 02:49:03,740 [ERROR] LogOutputStream:75 - [STDERR_REDIRECT] [Fatal Error] :1:1: Premature end of file.
2026-05-05 02:49:03,740 [ERROR] LogOutputStream:75 - [STDERR_REDIRECT] 
2026-05-05 02:49:03,755 [ERROR] LogOutputStream:75 - [STDERR_REDIRECT] [Fatal Error] :1:1: Premature end of file.
2026-05-05 02:49:03,756 [ERROR] LogOutputStream:75 - [STDERR_REDIRECT] 
2026-05-05 02:49:03,769 [ERROR] LogOutputStream:75 - [STDERR_REDIRECT] [Fatal Error] :1:1: Premature end of file.
2026-05-05 02:49:03,769 [ERROR] LogOutputStream:75 - [STDERR_REDIRECT] 
2026-05-05 02:49:03,783 [ERROR] LogOutputStream:75 - [STDERR_REDIRECT] [Fatal Error] :1:1: Premature end of file.
2026-05-05 02:49:03,783 [ERROR] LogOutputStream:75 - [STDERR_REDIRECT] 
2026-05-05 02:49:03,799 [ERROR] LogOutputStream:75 - [STDERR_REDIRECT] [Fatal Error] :1:1: Premature end of file.
2026-05-05 02:49:03,799 [ERROR] LogOutputStream:75 - [STDERR_REDIRECT] 
2026-05-05 02:49:03,812 [ERROR] LogOutputStream:75 - [STDERR_REDIRECT] [Fatal Error] :1:1: Premature end of file.
2026-05-05 02:49:03,812 [ERROR] LogOutputStream:75 - [STDERR_REDIRECT] 
2026-05-05 02:49:03,826 [ERROR] LogOutputStream:75 - [STDERR_REDIRECT] [Fatal Error] :1:1: Premature end of file.
2026-05-05 02:49:03,826 [ERROR] LogOutputStream:75 - [STDERR_REDIRECT] 
2026-05-05 02:49:03,839 [ERROR] LogOutputStream:75 - [STDERR_REDIRECT] [Fatal Error] :1:1: Premature end of file.
2026-05-05 02:49:03,839 [ERROR] LogOutputStream:75 - [STDERR_REDIRECT] 
2026-05-05 02:49:03,854 [ERROR] LogOutputStream:75 - [STDERR_REDIRECT] [Fatal Error] :1:1: Premature end of file.
2026-05-05 02:49:03,855 [ERROR] LogOutputStream:75 - [STDERR_REDIRECT] 
2026-05-05 02:49:03,868 [ERROR] LogOutputStream:75 - [STDERR_REDIRECT] [Fatal Error] :1:1: Premature end of file.
2026-05-05 02:49:03,868 [ERROR] LogOutputStream:75 - [STDERR_REDIRECT] 
2026-05-05 02:49:03,882 [ERROR] LogOutputStream:75 - [STDERR_REDIRECT] [Fatal Error] :1:1: Premature end of file.
2026-05-05 02:49:03,882 [ERROR] LogOutputStream:75 - [STDERR_REDIRECT] 
2026-05-05 02:49:03,896 [ERROR] LogOutputStream:75 - [STDERR_REDIRECT] [Fatal Error] :1:1: Premature end of file.
2026-05-05 02:49:03,897 [ERROR] LogOutputStream:75 - [STDERR_REDIRECT] 
2026-05-05 02:49:03,911 [ERROR] LogOutputStream:75 - [STDERR_REDIRECT] [Fatal Error] :1:1: Premature end of file.
2026-05-05 02:49:03,911 [ERROR] LogOutputStream:75 - [STDERR_REDIRECT] 
2026-05-05 02:49:03,926 [ERROR] LogOutputStream:75 - [STDERR_REDIRECT] [Fatal Error] :1:1: Premature end of file.
2026-05-05 02:49:03,926 [ERROR] LogOutputStream:75 - [STDERR_REDIRECT] 
2026-05-05 02:49:03,939 [ERROR] LogOutputStream:75 - [STDERR_REDIRECT] [Fatal Error] :1:1: Premature end of file.
2026-05-05 02:49:03,939 [ERROR] LogOutputStream:75 - [STDERR_REDIRECT] 
2026-05-05 02:49:03,954 [ERROR] LogOutputStream:75 - [STDERR_REDIRECT] [Fatal Error] :1:1: Premature end of file.
2026-05-05 02:49:03,954 [ERROR] LogOutputStream:75 - [STDERR_REDIRECT] 
2026-05-05 02:49:03,968 [ERROR] LogOutputStream:75 - [STDERR_REDIRECT] [Fatal Error] :1:1: Premature end of file.
2026-05-05 02:49:03,968 [ERROR] LogOutputStream:75 - [STDERR_REDIRECT] 
2026-05-05 02:49:03,982 [ERROR] LogOutputStream:75 - [STDERR_REDIRECT] [Fatal Error] :1:1: Premature end of file.
2026-05-05 02:49:03,982 [ERROR] LogOutputStream:75 - [STDERR_REDIRECT] 
2026-05-05 02:49:03,997 [ERROR] LogOutputStream:75 - [STDERR_REDIRECT] [Fatal Error] :1:1: Premature end of file.
2026-05-05 02:49:03,998 [ERROR] LogOutputStream:75 - [STDERR_REDIRECT] 
2026-05-05 02:49:04,015 [ERROR] LogOutputStream:75 - [STDERR_REDIRECT] [Fatal Error] :1:1: Premature end of file.
2026-05-05 02:49:04,015 [ERROR] LogOutputStream:75 - [STDERR_REDIRECT] 
2026-05-05 02:49:04,029 [ERROR] LogOutputStream:75 - [STDERR_REDIRECT] [Fatal Error] :1:1: Premature end of file.
2026-05-05 02:49:04,029 [ERROR] LogOutputStream:75 - [STDERR_REDIRECT] 
2026-05-05 02:49:04,043 [ERROR] LogOutputStream:75 - [STDERR_REDIRECT] [Fatal Error] :1:1: Premature end of file.
2026-05-05 02:49:04,043 [ERROR] LogOutputStream:75 - [STDERR_REDIRECT] 
2026-05-05 02:49:04,057 [ERROR] LogOutputStream:75 - [STDERR_REDIRECT] [Fatal Error] :1:1: Premature end of file.
2026-05-05 02:49:04,057 [ERROR] LogOutputStream:75 - [STDERR_REDIRECT] 
2026-05-05 02:49:04,071 [ERROR] LogOutputStream:75 - [STDERR_REDIRECT] [Fatal Error] :1:1: Premature end of file.
2026-05-05 02:49:04,071 [ERROR] LogOutputStream:75 - [STDERR_REDIRECT] 
2026-05-05 02:49:04,085 [ERROR] LogOutputStream:75 - [STDERR_REDIRECT] [Fatal Error] :1:1: Premature end of file.
2026-05-05 02:49:04,085 [ERROR] LogOutputStream:75 - [STDERR_REDIRECT] 
2026-05-05 02:49:04,099 [ERROR] LogOutputStream:75 - [STDERR_REDIRECT] [Fatal Error] :1:1: Premature end of file.
2026-05-05 02:49:04,099 [ERROR] LogOutputStream:75 - [STDERR_REDIRECT] 
2026-05-05 02:49:04,112 [ERROR] LogOutputStream:75 - [STDERR_REDIRECT] [Fatal Error] :1:1: Premature end of file.
2026-05-05 02:49:04,112 [ERROR] LogOutputStream:75 - [STDERR_REDIRECT] 
2026-05-05 02:49:04,126 [ERROR] LogOutputStream:75 - [STDERR_REDIRECT] [Fatal Error] :1:1: Premature end of file.
2026-05-05 02:49:04,126 [ERROR] LogOutputStream:75 - [STDERR_REDIRECT] 
2026-05-05 02:49:04,142 [ERROR] LogOutputStream:75 - [STDERR_REDIRECT] [Fatal Error] :1:1: Premature end of file.
2026-05-05 02:49:04,142 [ERROR] LogOutputStream:75 - [STDERR_REDIRECT] 
2026-05-05 02:49:04,155 [ERROR] LogOutputStream:75 - [STDERR_REDIRECT] [Fatal Error] :1:1: Premature end of file.
2026-05-05 02:49:04,155 [ERROR] LogOutputStream:75 - [STDERR_REDIRECT] 
2026-05-05 02:49:04,168 [ERROR] LogOutputStream:75 - [STDERR_REDIRECT] [Fatal Error] :1:1: Premature end of file.
2026-05-05 02:49:04,168 [ERROR] LogOutputStream:75 - [STDERR_REDIRECT] 
2026-05-05 02:49:04,182 [ERROR] LogOutputStream:75 - [STDERR_REDIRECT] [Fatal Error] :1:1: Premature end of file.
2026-05-05 02:49:04,182 [ERROR] LogOutputStream:75 - [STDERR_REDIRECT] 
2026-05-05 02:49:04,196 [ERROR] LogOutputStream:75 - [STDERR_REDIRECT] [Fatal Error] :1:1: Premature end of file.
2026-05-05 02:49:04,196 [ERROR] LogOutputStream:75 - [STDERR_REDIRECT] 
2026-05-05 02:49:04,210 [ERROR] LogOutputStream:75 - [STDERR_REDIRECT] [Fatal Error] :1:1: Premature end of file.
2026-05-05 02:49:04,210 [ERROR] LogOutputStream:75 - [STDERR_REDIRECT] 
2026-05-05 02:49:04,223 [ERROR] LogOutputStream:75 - [STDERR_REDIRECT] [Fatal Error] :1:1: Premature end of file.
2026-05-05 02:49:04,223 [ERROR] LogOutputStream:75 - [STDERR_REDIRECT] 
2026-05-05 02:49:04,236 [ERROR] LogOutputStream:75 - [STDERR_REDIRECT] [Fatal Error] :1:1: Premature end of file.
2026-05-05 02:49:04,236 [ERROR] LogOutputStream:75 - [STDERR_REDIRECT] 
2026-05-05 02:49:04,250 [ERROR] LogOutputStream:75 - [STDERR_REDIRECT] [Fatal Error] :1:1: Premature end of file.
2026-05-05 02:49:04,250 [ERROR] LogOutputStream:75 - [STDERR_REDIRECT] 
2026-05-05 02:49:04,263 [ERROR] LogOutputStream:75 - [STDERR_REDIRECT] [Fatal Error] :1:1: Premature end of file.
2026-05-05 02:49:04,263 [ERROR] LogOutputStream:75 - [STDERR_REDIRECT] 
2026-05-05 02:49:04,277 [ERROR] LogOutputStream:75 - [STDERR_REDIRECT] [Fatal Error] :1:1: Premature end of file.
2026-05-05 02:49:04,278 [ERROR] LogOutputStream:75 - [STDERR_REDIRECT] 
2026-05-05 02:49:04,291 [ERROR] LogOutputStream:75 - [STDERR_REDIRECT] [Fatal Error] :1:1: Premature end of file.
2026-05-05 02:49:04,291 [ERROR] LogOutputStream:75 - [STDERR_REDIRECT] 
2026-05-05 02:49:04,310 [ERROR] LogOutputStream:75 - [STDERR_REDIRECT] [Fatal Error] :1:1: Premature end of file.
2026-05-05 02:49:04,310 [ERROR] LogOutputStream:75 - [STDERR_REDIRECT] 
2026-05-05 02:49:04,323 [ERROR] LogOutputStream:75 - [STDERR_REDIRECT] [Fatal Error] :1:1: Premature end of file.
2026-05-05 02:49:04,323 [ERROR] LogOutputStream:75 - [STDERR_REDIRECT] 
2026-05-05 02:49:04,338 [ERROR] LogOutputStream:75 - [STDERR_REDIRECT] [Fatal Error] :1:1: Premature end of file.
2026-05-05 02:49:04,338 [ERROR] LogOutputStream:75 - [STDERR_REDIRECT] 
2026-05-05 02:49:04,351 [ERROR] LogOutputStream:75 - [STDERR_REDIRECT] [Fatal Error] :1:1: Premature end of file.
2026-05-05 02:49:04,351 [ERROR] LogOutputStream:75 - [STDERR_REDIRECT] 
2026-05-05 02:49:04,365 [ERROR] LogOutputStream:75 - [STDERR_REDIRECT] [Fatal Error] :1:1: Premature end of file.
2026-05-05 02:49:04,365 [ERROR] LogOutputStream:75 - [STDERR_REDIRECT] 
2026-05-05 02:49:04,380 [ERROR] LogOutputStream:75 - [STDERR_REDIRECT] [Fatal Error] :1:1: Premature end of file.
2026-05-05 02:49:04,380 [ERROR] LogOutputStream:75 - [STDERR_REDIRECT] 
2026-05-05 02:49:04,393 [ERROR] LogOutputStream:75 - [STDERR_REDIRECT] [Fatal Error] :1:1: Premature end of file.
2026-05-05 02:49:04,393 [ERROR] LogOutputStream:75 - [STDERR_REDIRECT] 
2026-05-05 02:49:04,407 [ERROR] LogOutputStream:75 - [STDERR_REDIRECT] [Fatal Error] :1:1: Premature end of file.
2026-05-05 02:49:04,407 [ERROR] LogOutputStream:75 - [STDERR_REDIRECT] 
2026-05-05 02:49:04,420 [ERROR] LogOutputStream:75 - [STDERR_REDIRECT] [Fatal Error] :1:1: Premature end of file.
2026-05-05 02:49:04,420 [ERROR] LogOutputStream:75 - [STDERR_REDIRECT] 
2026-05-05 02:49:04,433 [ERROR] LogOutputStream:75 - [STDERR_REDIRECT] [Fatal Error] :1:1: Premature end of file.
2026-05-05 02:49:04,433 [ERROR] LogOutputStream:75 - [STDERR_REDIRECT] 
2026-05-05 02:49:04,447 [ERROR] LogOutputStream:75 - [STDERR_REDIRECT] [Fatal Error] :1:1: Premature end of file.
2026-05-05 02:49:04,447 [ERROR] LogOutputStream:75 - [STDERR_REDIRECT] 
2026-05-05 02:49:04,466 [ERROR] LogOutputStream:75 - [STDERR_REDIRECT] [Fatal Error] :1:1: Premature end of file.
2026-05-05 02:49:04,466 [ERROR] LogOutputStream:75 - [STDERR_REDIRECT] 
2026-05-05 02:49:04,479 [ERROR] LogOutputStream:75 - [STDERR_REDIRECT] [Fatal Error] :1:1: Premature end of file.
2026-05-05 02:49:04,479 [ERROR] LogOutputStream:75 - [STDERR_REDIRECT] 
2026-05-05 02:49:04,492 [ERROR] LogOutputStream:75 - [STDERR_REDIRECT] [Fatal Error] :1:1: Premature end of file.
2026-05-05 02:49:04,493 [ERROR] LogOutputStream:75 - [STDERR_REDIRECT] 
2026-05-05 02:49:04,506 [ERROR] LogOutputStream:75 - [STDERR_REDIRECT] [Fatal Error] :1:1: Premature end of file.
2026-05-05 02:49:04,506 [ERROR] LogOutputStream:75 - [STDERR_REDIRECT] 
2026-05-05 02:49:04,519 [ERROR] LogOutputStream:75 - [STDERR_REDIRECT] [Fatal Error] :1:1: Premature end of file.
2026-05-05 02:49:04,519 [ERROR] LogOutputStream:75 - [STDERR_REDIRECT] 
2026-05-05 02:49:04,533 [ERROR] LogOutputStream:75 - [STDERR_REDIRECT] [Fatal Error] :1:1: Premature end of file.
2026-05-05 02:49:04,533 [ERROR] LogOutputStream:75 - [STDERR_REDIRECT] 
2026-05-05 02:49:04,546 [ERROR] LogOutputStream:75 - [STDERR_REDIRECT] [Fatal Error] :1:1: Premature end of file.
2026-05-05 02:49:04,546 [ERROR] LogOutputStream:75 - [STDERR_REDIRECT] 
2026-05-05 02:49:04,561 [ERROR] LogOutputStream:75 - [STDERR_REDIRECT] [Fatal Error] :1:1: Premature end of file.
2026-05-05 02:49:04,561 [ERROR] LogOutputStream:75 - [STDERR_REDIRECT] 
2026-05-05 02:49:04,578 [ERROR] LogOutputStream:75 - [STDERR_REDIRECT] [Fatal Error] :1:1: Premature end of file.
2026-05-05 02:49:04,579 [ERROR] LogOutputStream:75 - [STDERR_REDIRECT] 
2026-05-05 02:49:04,592 [ERROR] LogOutputStream:75 - [STDERR_REDIRECT] [Fatal Error] :1:1: Premature end of file.
2026-05-05 02:49:04,592 [ERROR] LogOutputStream:75 - [STDERR_REDIRECT] 
2026-05-05 02:49:04,606 [ERROR] LogOutputStream:75 - [STDERR_REDIRECT] [Fatal Error] :1:1: Premature end of file.
2026-05-05 02:49:04,606 [ERROR] LogOutputStream:75 - [STDERR_REDIRECT] 
2026-05-05 02:49:04,625 [ERROR] LogOutputStream:75 - [STDERR_REDIRECT] [Fatal Error] :1:1: Premature end of file.
2026-05-05 02:49:04,625 [ERROR] LogOutputStream:75 - [STDERR_REDIRECT] 
2026-05-05 02:49:04,639 [ERROR] LogOutputStream:75 - [STDERR_REDIRECT] [Fatal Error] :1:1: Premature end of file.
2026-05-05 02:49:04,639 [ERROR] LogOutputStream:75 - [STDERR_REDIRECT] 
2026-05-05 02:49:04,653 [ERROR] LogOutputStream:75 - [STDERR_REDIRECT] [Fatal Error] :1:1: Premature end of file.
2026-05-05 02:49:04,653 [ERROR] LogOutputStream:75 - [STDERR_REDIRECT] 
2026-05-05 02:49:04,667 [ERROR] LogOutputStream:75 - [STDERR_REDIRECT] [Fatal Error] :1:1: Premature end of file.
2026-05-05 02:49:04,667 [ERROR] LogOutputStream:75 - [STDERR_REDIRECT] 
2026-05-05 02:49:04,681 [ERROR] LogOutputStream:75 - [STDERR_REDIRECT] [Fatal Error] :1:1: Premature end of file.
2026-05-05 02:49:04,681 [ERROR] LogOutputStream:75 - [STDERR_REDIRECT] 
2026-05-05 02:49:04,695 [ERROR] LogOutputStream:75 - [STDERR_REDIRECT] [Fatal Error] :1:1: Premature end of file.
2026-05-05 02:49:04,695 [ERROR] LogOutputStream:75 - [STDERR_REDIRECT] 
2026-05-05 02:49:04,710 [ERROR] LogOutputStream:75 - [STDERR_REDIRECT] [Fatal Error] :1:1: Premature end of file.
2026-05-05 02:49:04,710 [ERROR] LogOutputStream:75 - [STDERR_REDIRECT] 
2026-05-05 02:49:04,724 [ERROR] LogOutputStream:75 - [STDERR_REDIRECT] [Fatal Error] :1:1: Premature end of file.
2026-05-05 02:49:04,724 [ERROR] LogOutputStream:75 - [STDERR_REDIRECT] 
2026-05-05 02:49:04,738 [ERROR] LogOutputStream:75 - [STDERR_REDIRECT] [Fatal Error] :1:1: Premature end of file.
2026-05-05 02:49:04,738 [ERROR] LogOutputStream:75 - [STDERR_REDIRECT] 
2026-05-05 02:49:04,752 [ERROR] LogOutputStream:75 - [STDERR_REDIRECT] [Fatal Error] :1:1: Premature end of file.
2026-05-05 02:49:04,752 [ERROR] LogOutputStream:75 - [STDERR_REDIRECT] 
2026-05-05 02:49:04,765 [ERROR] LogOutputStream:75 - [STDERR_REDIRECT] [Fatal Error] :1:1: Premature end of file.
2026-05-05 02:49:04,766 [ERROR] LogOutputStream:75 - [STDERR_REDIRECT] 
2026-05-05 02:49:04,780 [ERROR] LogOutputStream:75 - [STDERR_REDIRECT] [Fatal Error] :1:1: Premature end of file.
2026-05-05 02:49:04,780 [ERROR] LogOutputStream:75 - [STDERR_REDIRECT] 
2026-05-05 02:49:04,793 [ERROR] LogOutputStream:75 - [STDERR_REDIRECT] [Fatal Error] :1:1: Premature end of file.
2026-05-05 02:49:04,793 [ERROR] LogOutputStream:75 - [STDERR_REDIRECT] 
2026-05-05 02:49:04,806 [ERROR] LogOutputStream:75 - [STDERR_REDIRECT] [Fatal Error] :1:1: Premature end of file.
2026-05-05 02:49:04,806 [ERROR] LogOutputStream:75 - [STDERR_REDIRECT] 
2026-05-05 02:49:04,819 [ERROR] LogOutputStream:75 - [STDERR_REDIRECT] [Fatal Error] :1:1: Premature end of file.
2026-05-05 02:49:04,819 [ERROR] LogOutputStream:75 - [STDERR_REDIRECT] 
2026-05-05 02:49:04,833 [ERROR] LogOutputStream:75 - [STDERR_REDIRECT] [Fatal Error] :1:1: Premature end of file.
2026-05-05 02:49:04,833 [ERROR] LogOutputStream:75 - [STDERR_REDIRECT] 
2026-05-05 02:49:04,847 [ERROR] LogOutputStream:75 - [STDERR_REDIRECT] [Fatal Error] :1:1: Premature end of file.
2026-05-05 02:49:04,847 [ERROR] LogOutputStream:75 - [STDERR_REDIRECT] 
2026-05-05 02:49:04,860 [ERROR] LogOutputStream:75 - [STDERR_REDIRECT] [Fatal Error] :1:1: Premature end of file.
2026-05-05 02:49:04,860 [ERROR] LogOutputStream:75 - [STDERR_REDIRECT] 
2026-05-05 02:49:04,874 [ERROR] LogOutputStream:75 - [STDERR_REDIRECT] [Fatal Error] :1:1: Premature end of file.
2026-05-05 02:49:04,874 [ERROR] LogOutputStream:75 - [STDERR_REDIRECT] 
2026-05-05 02:49:04,887 [ERROR] LogOutputStream:75 - [STDERR_REDIRECT] [Fatal Error] :1:1: Premature end of file.
2026-05-05 02:49:04,887 [ERROR] LogOutputStream:75 - [STDERR_REDIRECT] 
2026-05-05 02:49:04,901 [ERROR] LogOutputStream:75 - [STDERR_REDIRECT] [Fatal Error] :1:1: Premature end of file.
2026-05-05 02:49:04,901 [ERROR] LogOutputStream:75 - [STDERR_REDIRECT] 
2026-05-05 02:49:04,914 [ERROR] LogOutputStream:75 - [STDERR_REDIRECT] [Fatal Error] :1:1: Premature end of file.
2026-05-05 02:49:04,914 [ERROR] LogOutputStream:75 - [STDERR_REDIRECT] 
2026-05-05 02:49:04,927 [ERROR] LogOutputStream:75 - [STDERR_REDIRECT] [Fatal Error] :1:1: Premature end of file.
2026-05-05 02:49:04,927 [ERROR] LogOutputStream:75 - [STDERR_REDIRECT] 
2026-05-05 02:49:04,940 [ERROR] LogOutputStream:75 - [STDERR_REDIRECT] [Fatal Error] :1:1: Premature end of file.
2026-05-05 02:49:04,940 [ERROR] LogOutputStream:75 - [STDERR_REDIRECT] 
2026-05-05 02:49:04,953 [ERROR] LogOutputStream:75 - [STDERR_REDIRECT] [Fatal Error] :1:1: Premature end of file.
2026-05-05 02:49:04,953 [ERROR] LogOutputStream:75 - [STDERR_REDIRECT] 
2026-05-05 02:49:04,967 [ERROR] LogOutputStream:75 - [STDERR_REDIRECT] [Fatal Error] :1:1: Premature end of file.
2026-05-05 02:49:04,967 [ERROR] LogOutputStream:75 - [STDERR_REDIRECT] 
2026-05-05 02:49:04,981 [ERROR] LogOutputStream:75 - [STDERR_REDIRECT] [Fatal Error] :1:1: Premature end of file.
2026-05-05 02:49:04,981 [ERROR] LogOutputStream:75 - [STDERR_REDIRECT] 
2026-05-05 02:49:04,994 [ERROR] LogOutputStream:75 - [STDERR_REDIRECT] [Fatal Error] :1:1: Premature end of file.
2026-05-05 02:49:04,995 [ERROR] LogOutputStream:75 - [STDERR_REDIRECT] 
2026-05-05 02:49:05,008 [ERROR] LogOutputStream:75 - [STDERR_REDIRECT] [Fatal Error] :1:1: Premature end of file.
2026-05-05 02:49:05,008 [ERROR] LogOutputStream:75 - [STDERR_REDIRECT] 
2026-05-05 02:49:05,021 [ERROR] LogOutputStream:75 - [STDERR_REDIRECT] [Fatal Error] :1:1: Premature end of file.
2026-05-05 02:49:05,021 [ERROR] LogOutputStream:75 - [STDERR_REDIRECT] 
2026-05-05 02:49:05,035 [ERROR] LogOutputStream:75 - [STDERR_REDIRECT] [Fatal Error] :1:1: Premature end of file.
2026-05-05 02:49:05,035 [ERROR] LogOutputStream:75 - [STDERR_REDIRECT] 
2026-05-05 02:49:05,048 [ERROR] LogOutputStream:75 - [STDERR_REDIRECT] [Fatal Error] :1:1: Premature end of file.
2026-05-05 02:49:05,048 [ERROR] LogOutputStream:75 - [STDERR_REDIRECT] 
2026-05-05 02:49:05,062 [ERROR] LogOutputStream:75 - [STDERR_REDIRECT] [Fatal Error] :1:1: Premature end of file.
2026-05-05 02:49:05,062 [ERROR] LogOutputStream:75 - [STDERR_REDIRECT] 
2026-05-05 02:49:05,075 [ERROR] LogOutputStream:75 - [STDERR_REDIRECT] [Fatal Error] :1:1: Premature end of file.
2026-05-05 02:49:05,075 [ERROR] LogOutputStream:75 - [STDERR_REDIRECT] 
2026-05-05 02:49:05,088 [ERROR] LogOutputStream:75 - [STDERR_REDIRECT] [Fatal Error] :1:1: Premature end of file.
2026-05-05 02:49:05,088 [ERROR] LogOutputStream:75 - [STDERR_REDIRECT] 
2026-05-05 02:49:05,102 [ERROR] LogOutputStream:75 - [STDERR_REDIRECT] [Fatal Error] :1:1: Premature end of file.
2026-05-05 02:49:05,102 [ERROR] LogOutputStream:75 - [STDERR_REDIRECT] 
2026-05-05 02:49:05,115 [ERROR] LogOutputStream:75 - [STDERR_REDIRECT] [Fatal Error] :1:1: Premature end of file.
2026-05-05 02:49:05,115 [ERROR] LogOutputStream:75 - [STDERR_REDIRECT] 
2026-05-05 02:49:05,128 [ERROR] LogOutputStream:75 - [STDERR_REDIRECT] [Fatal Error] :1:1: Premature end of file.
2026-05-05 02:49:05,128 [ERROR] LogOutputStream:75 - [STDERR_REDIRECT] 
2026-05-05 02:49:05,142 [ERROR] LogOutputStream:75 - [STDERR_REDIRECT] [Fatal Error] :1:1: Premature end of file.
2026-05-05 02:49:05,142 [ERROR] LogOutputStream:75 - [STDERR_REDIRECT] 
2026-05-05 02:49:05,155 [ERROR] LogOutputStream:75 - [STDERR_REDIRECT] [Fatal Error] :1:1: Premature end of file.
2026-05-05 02:49:05,155 [ERROR] LogOutputStream:75 - [STDERR_REDIRECT] 
2026-05-05 02:49:05,168 [ERROR] LogOutputStream:75 - [STDERR_REDIRECT] [Fatal Error] :1:1: Premature end of file.
2026-05-05 02:49:05,168 [ERROR] LogOutputStream:75 - [STDERR_REDIRECT] 
2026-05-05 02:49:05,181 [ERROR] LogOutputStream:75 - [STDERR_REDIRECT] [Fatal Error] :1:1: Premature end of file.
2026-05-05 02:49:05,181 [ERROR] LogOutputStream:75 - [STDERR_REDIRECT] 
2026-05-05 02:49:05,194 [ERROR] LogOutputStream:75 - [STDERR_REDIRECT] [Fatal Error] :1:1: Premature end of file.
2026-05-05 02:49:05,194 [ERROR] LogOutputStream:75 - [STDERR_REDIRECT] 
2026-05-05 02:49:05,209 [ERROR] LogOutputStream:75 - [STDERR_REDIRECT] [Fatal Error] :1:1: Premature end of file.
2026-05-05 02:49:05,209 [ERROR] LogOutputStream:75 - [STDERR_REDIRECT] 
2026-05-05 02:49:05,222 [ERROR] LogOutputStream:75 - [STDERR_REDIRECT] [Fatal Error] :1:1: Premature end of file.
2026-05-05 02:49:05,222 [ERROR] LogOutputStream:75 - [STDERR_REDIRECT] 
2026-05-05 02:49:05,235 [ERROR] LogOutputStream:75 - [STDERR_REDIRECT] [Fatal Error] :1:1: Premature end of file.
2026-05-05 02:49:05,235 [ERROR] LogOutputStream:75 - [STDERR_REDIRECT] 
2026-05-05 02:49:05,257 [ERROR] LogOutputStream:75 - [STDERR_REDIRECT] [Fatal Error] :1:1: Premature end of file.
2026-05-05 02:49:05,257 [ERROR] LogOutputStream:75 - [STDERR_REDIRECT] 
2026-05-05 02:49:05,270 [ERROR] LogOutputStream:75 - [STDERR_REDIRECT] [Fatal Error] :1:1: Premature end of file.
2026-05-05 02:49:05,270 [ERROR] LogOutputStream:75 - [STDERR_REDIRECT] 
2026-05-05 02:49:05,283 [ERROR] LogOutputStream:75 - [STDERR_REDIRECT] [Fatal Error] :1:1: Premature end of file.
2026-05-05 02:49:05,283 [ERROR] LogOutputStream:75 - [STDERR_REDIRECT] 
2026-05-05 02:49:05,296 [ERROR] LogOutputStream:75 - [STDERR_REDIRECT] [Fatal Error] :1:1: Premature end of file.
2026-05-05 02:49:05,297 [ERROR] LogOutputStream:75 - [STDERR_REDIRECT] 
2026-05-05 02:49:05,311 [ERROR] LogOutputStream:75 - [STDERR_REDIRECT] [Fatal Error] :1:1: Premature end of file.
2026-05-05 02:49:05,311 [ERROR] LogOutputStream:75 - [STDERR_REDIRECT] 
2026-05-05 02:49:05,324 [ERROR] LogOutputStream:75 - [STDERR_REDIRECT] [Fatal Error] :1:1: Premature end of file.
2026-05-05 02:49:05,324 [ERROR] LogOutputStream:75 - [STDERR_REDIRECT] 
2026-05-05 02:49:05,338 [ERROR] LogOutputStream:75 - [STDERR_REDIRECT] [Fatal Error] :1:1: Premature end of file.
2026-05-05 02:49:05,338 [ERROR] LogOutputStream:75 - [STDERR_REDIRECT] 
2026-05-05 02:49:05,351 [ERROR] LogOutputStream:75 - [STDERR_REDIRECT] [Fatal Error] :1:1: Premature end of file.
2026-05-05 02:49:05,351 [ERROR] LogOutputStream:75 - [STDERR_REDIRECT] 
2026-05-05 02:49:05,367 [ERROR] LogOutputStream:75 - [STDERR_REDIRECT] [Fatal Error] :1:1: Premature end of file.
2026-05-05 02:49:05,367 [ERROR] LogOutputStream:75 - [STDERR_REDIRECT] 
2026-05-05 02:49:05,380 [ERROR] LogOutputStream:75 - [STDERR_REDIRECT] [Fatal Error] :1:1: Premature end of file.
2026-05-05 02:49:05,380 [ERROR] LogOutputStream:75 - [STDERR_REDIRECT] 
2026-05-05 02:49:05,393 [ERROR] LogOutputStream:75 - [STDERR_REDIRECT] [Fatal Error] :1:1: Premature end of file.
2026-05-05 02:49:05,393 [ERROR] LogOutputStream:75 - [STDERR_REDIRECT] 
2026-05-05 02:49:05,406 [ERROR] LogOutputStream:75 - [STDERR_REDIRECT] [Fatal Error] :1:1: Premature end of file.
2026-05-05 02:49:05,406 [ERROR] LogOutputStream:75 - [STDERR_REDIRECT] 
2026-05-05 02:49:05,419 [ERROR] LogOutputStream:75 - [STDERR_REDIRECT] [Fatal Error] :1:1: Premature end of file.
2026-05-05 02:49:05,420 [ERROR] LogOutputStream:75 - [STDERR_REDIRECT] 
2026-05-05 02:49:05,433 [ERROR] LogOutputStream:75 - [STDERR_REDIRECT] [Fatal Error] :1:1: Premature end of file.
2026-05-05 02:49:05,433 [ERROR] LogOutputStream:75 - [STDERR_REDIRECT] 
2026-05-05 02:49:05,447 [ERROR] LogOutputStream:75 - [STDERR_REDIRECT] [Fatal Error] :1:1: Premature end of file.
2026-05-05 02:49:05,447 [ERROR] LogOutputStream:75 - [STDERR_REDIRECT] 
2026-05-05 02:49:05,460 [ERROR] LogOutputStream:75 - [STDERR_REDIRECT] [Fatal Error] :1:1: Premature end of file.
2026-05-05 02:49:05,460 [ERROR] LogOutputStream:75 - [STDERR_REDIRECT] 
2026-05-05 02:49:05,474 [ERROR] LogOutputStream:75 - [STDERR_REDIRECT] [Fatal Error] :1:1: Premature end of file.
2026-05-05 02:49:05,474 [ERROR] LogOutputStream:75 - [STDERR_REDIRECT] 
2026-05-05 02:49:05,488 [ERROR] LogOutputStream:75 - [STDERR_REDIRECT] [Fatal Error] :1:1: Premature end of file.
2026-05-05 02:49:05,488 [ERROR] LogOutputStream:75 - [STDERR_REDIRECT] 
2026-05-05 02:49:05,502 [ERROR] LogOutputStream:75 - [STDERR_REDIRECT] [Fatal Error] :1:1: Premature end of file.
2026-05-05 02:49:05,503 [ERROR] LogOutputStream:75 - [STDERR_REDIRECT] 
2026-05-05 02:49:05,516 [ERROR] LogOutputStream:75 - [STDERR_REDIRECT] [Fatal Error] :1:1: Premature end of file.
2026-05-05 02:49:05,516 [ERROR] LogOutputStream:75 - [STDERR_REDIRECT] 
2026-05-05 02:49:05,530 [ERROR] LogOutputStream:75 - [STDERR_REDIRECT] [Fatal Error] :1:1: Premature end of file.
2026-05-05 02:49:05,530 [ERROR] LogOutputStream:75 - [STDERR_REDIRECT] 
2026-05-05 02:49:05,544 [ERROR] LogOutputStream:75 - [STDERR_REDIRECT] [Fatal Error] :1:1: Premature end of file.
2026-05-05 02:49:05,544 [ERROR] LogOutputStream:75 - [STDERR_REDIRECT] 
2026-05-05 02:49:05,558 [ERROR] LogOutputStream:75 - [STDERR_REDIRECT] [Fatal Error] :1:1: Premature end of file.
2026-05-05 02:49:05,558 [ERROR] LogOutputStream:75 - [STDERR_REDIRECT] 
2026-05-05 02:49:05,571 [ERROR] LogOutputStream:75 - [STDERR_REDIRECT] [Fatal Error] :1:1: Premature end of file.
2026-05-05 02:49:05,571 [ERROR] LogOutputStream:75 - [STDERR_REDIRECT] 
2026-05-05 02:49:05,584 [ERROR] LogOutputStream:75 - [STDERR_REDIRECT] [Fatal Error] :1:1: Premature end of file.
2026-05-05 02:49:05,584 [ERROR] LogOutputStream:75 - [STDERR_REDIRECT] 
2026-05-05 02:49:05,597 [ERROR] LogOutputStream:75 - [STDERR_REDIRECT] [Fatal Error] :1:1: Premature end of file.
2026-05-05 02:49:05,597 [ERROR] LogOutputStream:75 - [STDERR_REDIRECT] 
2026-05-05 02:49:05,611 [ERROR] LogOutputStream:75 - [STDERR_REDIRECT] [Fatal Error] :1:1: Premature end of file.
2026-05-05 02:49:05,611 [ERROR] LogOutputStream:75 - [STDERR_REDIRECT] 
2026-05-05 02:49:05,625 [ERROR] LogOutputStream:75 - [STDERR_REDIRECT] [Fatal Error] :1:1: Premature end of file.
2026-05-05 02:49:05,625 [ERROR] LogOutputStream:75 - [STDERR_REDIRECT] 
2026-05-05 02:49:05,638 [ERROR] LogOutputStream:75 - [STDERR_REDIRECT] [Fatal Error] :1:1: Premature end of file.
2026-05-05 02:49:05,638 [ERROR] LogOutputStream:75 - [STDERR_REDIRECT] 
2026-05-05 02:49:05,651 [ERROR] LogOutputStream:75 - [STDERR_REDIRECT] [Fatal Error] :1:1: Premature end of file.
2026-05-05 02:49:05,651 [ERROR] LogOutputStream:75 - [STDERR_REDIRECT] 
2026-05-05 02:49:05,666 [ERROR] LogOutputStream:75 - [STDERR_REDIRECT] [Fatal Error] :1:1: Premature end of file.
2026-05-05 02:49:05,666 [ERROR] LogOutputStream:75 - [STDERR_REDIRECT] 
2026-05-05 02:49:05,679 [ERROR] LogOutputStream:75 - [STDERR_REDIRECT] [Fatal Error] :1:1: Premature end of file.
2026-05-05 02:49:05,679 [ERROR] LogOutputStream:75 - [STDERR_REDIRECT] 
2026-05-05 02:49:05,692 [ERROR] LogOutputStream:75 - [STDERR_REDIRECT] [Fatal Error] :1:1: Premature end of file.
2026-05-05 02:49:05,692 [ERROR] LogOutputStream:75 - [STDERR_REDIRECT] 
2026-05-05 02:49:05,705 [ERROR] LogOutputStream:75 - [STDERR_REDIRECT] [Fatal Error] :1:1: Premature end of file.
2026-05-05 02:49:05,705 [ERROR] LogOutputStream:75 - [STDERR_REDIRECT] 
2026-05-05 02:49:05,719 [ERROR] LogOutputStream:75 - [STDERR_REDIRECT] [Fatal Error] :1:1: Premature end of file.
2026-05-05 02:49:05,719 [ERROR] LogOutputStream:75 - [STDERR_REDIRECT] 
2026-05-05 02:49:05,734 [ERROR] LogOutputStream:75 - [STDERR_REDIRECT] [Fatal Error] :1:1: Premature end of file.
2026-05-05 02:49:05,734 [ERROR] LogOutputStream:75 - [STDERR_REDIRECT] 
2026-05-05 02:49:05,747 [ERROR] LogOutputStream:75 - [STDERR_REDIRECT] [Fatal Error] :1:1: Premature end of file.
2026-05-05 02:49:05,747 [ERROR] LogOutputStream:75 - [STDERR_REDIRECT] 
2026-05-05 02:49:05,760 [ERROR] LogOutputStream:75 - [STDERR_REDIRECT] [Fatal Error] :1:1: Premature end of file.
2026-05-05 02:49:05,760 [ERROR] LogOutputStream:75 - [STDERR_REDIRECT] 
2026-05-05 02:49:05,774 [ERROR] LogOutputStream:75 - [STDERR_REDIRECT] [Fatal Error] :1:1: Premature end of file.
2026-05-05 02:49:05,774 [ERROR] LogOutputStream:75 - [STDERR_REDIRECT] 
2026-05-05 02:49:05,787 [ERROR] LogOutputStream:75 - [STDERR_REDIRECT] [Fatal Error] :1:1: Premature end of file.
2026-05-05 02:49:05,788 [ERROR] LogOutputStream:75 - [STDERR_REDIRECT] 
2026-05-05 02:49:05,802 [ERROR] LogOutputStream:75 - [STDERR_REDIRECT] [Fatal Error] :1:1: Premature end of file.
2026-05-05 02:49:05,802 [ERROR] LogOutputStream:75 - [STDERR_REDIRECT] 
2026-05-05 02:49:05,815 [ERROR] LogOutputStream:75 - [STDERR_REDIRECT] [Fatal Error] :1:1: Premature end of file.
2026-05-05 02:49:05,815 [ERROR] LogOutputStream:75 - [STDERR_REDIRECT] 
2026-05-05 02:49:05,829 [ERROR] LogOutputStream:75 - [STDERR_REDIRECT] [Fatal Error] :1:1: Premature end of file.
2026-05-05 02:49:05,829 [ERROR] LogOutputStream:75 - [STDERR_REDIRECT] 
2026-05-05 02:49:05,842 [ERROR] LogOutputStream:75 - [STDERR_REDIRECT] [Fatal Error] :1:1: Premature end of file.
2026-05-05 02:49:05,842 [ERROR] LogOutputStream:75 - [STDERR_REDIRECT] 
2026-05-05 02:49:05,856 [ERROR] LogOutputStream:75 - [STDERR_REDIRECT] [Fatal Error] :1:1: Premature end of file.
2026-05-05 02:49:05,856 [ERROR] LogOutputStream:75 - [STDERR_REDIRECT] 
2026-05-05 02:49:05,871 [ERROR] LogOutputStream:75 - [STDERR_REDIRECT] [Fatal Error] :1:1: Premature end of file.
2026-05-05 02:49:05,871 [ERROR] LogOutputStream:75 - [STDERR_REDIRECT] 
2026-05-05 02:49:05,885 [ERROR] LogOutputStream:75 - [STDERR_REDIRECT] [Fatal Error] :1:1: Premature end of file.
2026-05-05 02:49:05,885 [ERROR] LogOutputStream:75 - [STDERR_REDIRECT] 
2026-05-05 02:49:05,900 [ERROR] LogOutputStream:75 - [STDERR_REDIRECT] [Fatal Error] :1:1: Premature end of file.
2026-05-05 02:49:05,900 [ERROR] LogOutputStream:75 - [STDERR_REDIRECT] 
2026-05-05 02:49:05,913 [ERROR] LogOutputStream:75 - [STDERR_REDIRECT] [Fatal Error] :1:1: Premature end of file.
2026-05-05 02:49:05,913 [ERROR] LogOutputStream:75 - [STDERR_REDIRECT] 
2026-05-05 02:49:05,927 [ERROR] LogOutputStream:75 - [STDERR_REDIRECT] [Fatal Error] :1:1: Premature end of file.
2026-05-05 02:49:05,927 [ERROR] LogOutputStream:75 - [STDERR_REDIRECT] 
2026-05-05 02:49:05,941 [ERROR] LogOutputStream:75 - [STDERR_REDIRECT] [Fatal Error] :1:1: Premature end of file.
2026-05-05 02:49:05,941 [ERROR] LogOutputStream:75 - [STDERR_REDIRECT] 
2026-05-05 02:49:05,955 [ERROR] LogOutputStream:75 - [STDERR_REDIRECT] [Fatal Error] :1:1: Premature end of file.
2026-05-05 02:49:05,955 [ERROR] LogOutputStream:75 - [STDERR_REDIRECT] 
2026-05-05 02:49:05,968 [ERROR] LogOutputStream:75 - [STDERR_REDIRECT] [Fatal Error] :1:1: Premature end of file.
2026-05-05 02:49:05,968 [ERROR] LogOutputStream:75 - [STDERR_REDIRECT] 
2026-05-05 02:49:05,981 [ERROR] LogOutputStream:75 - [STDERR_REDIRECT] [Fatal Error] :1:1: Premature end of file.
2026-05-05 02:49:05,981 [ERROR] LogOutputStream:75 - [STDERR_REDIRECT] 
2026-05-05 02:49:05,994 [ERROR] LogOutputStream:75 - [STDERR_REDIRECT] [Fatal Error] :1:1: Premature end of file.
2026-05-05 02:49:05,994 [ERROR] LogOutputStream:75 - [STDERR_REDIRECT] 
2026-05-05 02:49:06,009 [ERROR] LogOutputStream:75 - [STDERR_REDIRECT] [Fatal Error] :1:1: Premature end of file.
2026-05-05 02:49:06,009 [ERROR] LogOutputStream:75 - [STDERR_REDIRECT] 
2026-05-05 02:49:06,022 [ERROR] LogOutputStream:75 - [STDERR_REDIRECT] [Fatal Error] :1:1: Premature end of file.
2026-05-05 02:49:06,022 [ERROR] LogOutputStream:75 - [STDERR_REDIRECT] 
2026-05-05 02:49:06,036 [ERROR] LogOutputStream:75 - [STDERR_REDIRECT] [Fatal Error] :1:1: Premature end of file.
2026-05-05 02:49:06,036 [ERROR] LogOutputStream:75 - [STDERR_REDIRECT] 
2026-05-05 02:49:06,049 [ERROR] LogOutputStream:75 - [STDERR_REDIRECT] [Fatal Error] :1:1: Premature end of file.
2026-05-05 02:49:06,049 [ERROR] LogOutputStream:75 - [STDERR_REDIRECT] 
2026-05-05 02:49:06,063 [ERROR] LogOutputStream:75 - [STDERR_REDIRECT] [Fatal Error] :1:1: Premature end of file.
2026-05-05 02:49:06,063 [ERROR] LogOutputStream:75 - [STDERR_REDIRECT] 
2026-05-05 02:49:06,077 [ERROR] LogOutputStream:75 - [STDERR_REDIRECT] [Fatal Error] :1:1: Premature end of file.
2026-05-05 02:49:06,077 [ERROR] LogOutputStream:75 - [STDERR_REDIRECT] 
2026-05-05 02:49:06,092 [ERROR] LogOutputStream:75 - [STDERR_REDIRECT] [Fatal Error] :1:1: Premature end of file.
2026-05-05 02:49:06,092 [ERROR] LogOutputStream:75 - [STDERR_REDIRECT] 
2026-05-05 02:49:06,106 [ERROR] LogOutputStream:75 - [STDERR_REDIRECT] [Fatal Error] :1:1: Premature end of file.
2026-05-05 02:49:06,106 [ERROR] LogOutputStream:75 - [STDERR_REDIRECT] 
2026-05-05 02:49:06,121 [ERROR] LogOutputStream:75 - [STDERR_REDIRECT] [Fatal Error] :1:1: Premature end of file.
2026-05-05 02:49:06,121 [ERROR] LogOutputStream:75 - [STDERR_REDIRECT] 
2026-05-05 02:49:06,136 [ERROR] LogOutputStream:75 - [STDERR_REDIRECT] [Fatal Error] :1:1: Premature end of file.
2026-05-05 02:49:06,136 [ERROR] LogOutputStream:75 - [STDERR_REDIRECT] 
2026-05-05 02:49:06,150 [ERROR] LogOutputStream:75 - [STDERR_REDIRECT] [Fatal Error] :1:1: Premature end of file.
2026-05-05 02:49:06,150 [ERROR] LogOutputStream:75 - [STDERR_REDIRECT] 
2026-05-05 02:49:06,164 [ERROR] LogOutputStream:75 - [STDERR_REDIRECT] [Fatal Error] :1:1: Premature end of file.
2026-05-05 02:49:06,164 [ERROR] LogOutputStream:75 - [STDERR_REDIRECT] 
2026-05-05 02:49:06,179 [ERROR] LogOutputStream:75 - [STDERR_REDIRECT] [Fatal Error] :1:1: Premature end of file.
2026-05-05 02:49:06,179 [ERROR] LogOutputStream:75 - [STDERR_REDIRECT] 
2026-05-05 02:49:06,194 [ERROR] LogOutputStream:75 - [STDERR_REDIRECT] [Fatal Error] :1:1: Premature end of file.
2026-05-05 02:49:06,194 [ERROR] LogOutputStream:75 - [STDERR_REDIRECT] 
2026-05-05 02:49:06,209 [ERROR] LogOutputStream:75 - [STDERR_REDIRECT] [Fatal Error] :1:1: Premature end of file.
2026-05-05 02:49:06,209 [ERROR] LogOutputStream:75 - [STDERR_REDIRECT] 
2026-05-05 02:49:06,222 [ERROR] LogOutputStream:75 - [STDERR_REDIRECT] [Fatal Error] :1:1: Premature end of file.
2026-05-05 02:49:06,222 [ERROR] LogOutputStream:75 - [STDERR_REDIRECT] 
2026-05-05 02:49:06,235 [ERROR] LogOutputStream:75 - [STDERR_REDIRECT] [Fatal Error] :1:1: Premature end of file.
2026-05-05 02:49:06,235 [ERROR] LogOutputStream:75 - [STDERR_REDIRECT] 
2026-05-05 02:49:06,249 [ERROR] LogOutputStream:75 - [STDERR_REDIRECT] [Fatal Error] :1:1: Premature end of file.
2026-05-05 02:49:06,249 [ERROR] LogOutputStream:75 - [STDERR_REDIRECT] 
2026-05-05 02:49:06,262 [ERROR] LogOutputStream:75 - [STDERR_REDIRECT] [Fatal Error] :1:1: Premature end of file.
2026-05-05 02:49:06,262 [ERROR] LogOutputStream:75 - [STDERR_REDIRECT] 
2026-05-05 02:49:06,277 [ERROR] LogOutputStream:75 - [STDERR_REDIRECT] [Fatal Error] :1:1: Premature end of file.
2026-05-05 02:49:06,277 [ERROR] LogOutputStream:75 - [STDERR_REDIRECT] 
2026-05-05 02:49:06,291 [ERROR] LogOutputStream:75 - [STDERR_REDIRECT] [Fatal Error] :1:1: Premature end of file.
2026-05-05 02:49:06,291 [ERROR] LogOutputStream:75 - [STDERR_REDIRECT] 
2026-05-05 02:49:06,305 [ERROR] LogOutputStream:75 - [STDERR_REDIRECT] [Fatal Error] :1:1: Premature end of file.
2026-05-05 02:49:06,305 [ERROR] LogOutputStream:75 - [STDERR_REDIRECT] 
2026-05-05 02:49:06,320 [ERROR] LogOutputStream:75 - [STDERR_REDIRECT] [Fatal Error] :1:1: Premature end of file.
2026-05-05 02:49:06,320 [ERROR] LogOutputStream:75 - [STDERR_REDIRECT] 
2026-05-05 02:49:06,333 [ERROR] LogOutputStream:75 - [STDERR_REDIRECT] [Fatal Error] :1:1: Premature end of file.
2026-05-05 02:49:06,333 [ERROR] LogOutputStream:75 - [STDERR_REDIRECT] 
2026-05-05 02:49:06,348 [ERROR] LogOutputStream:75 - [STDERR_REDIRECT] [Fatal Error] :1:1: Premature end of file.
2026-05-05 02:49:06,348 [ERROR] LogOutputStream:75 - [STDERR_REDIRECT] 
2026-05-05 02:49:06,362 [ERROR] LogOutputStream:75 - [STDERR_REDIRECT] [Fatal Error] :1:1: Premature end of file.
2026-05-05 02:49:06,362 [ERROR] LogOutputStream:75 - [STDERR_REDIRECT] 
2026-05-05 02:49:06,376 [ERROR] LogOutputStream:75 - [STDERR_REDIRECT] [Fatal Error] :1:1: Premature end of file.
2026-05-05 02:49:06,376 [ERROR] LogOutputStream:75 - [STDERR_REDIRECT] 
2026-05-05 02:49:06,391 [ERROR] LogOutputStream:75 - [STDERR_REDIRECT] [Fatal Error] :1:1: Premature end of file.
2026-05-05 02:49:06,391 [ERROR] LogOutputStream:75 - [STDERR_REDIRECT] 
2026-05-05 02:49:06,405 [ERROR] LogOutputStream:75 - [STDERR_REDIRECT] [Fatal Error] :1:1: Premature end of file.
2026-05-05 02:49:06,405 [ERROR] LogOutputStream:75 - [STDERR_REDIRECT] 
2026-05-05 02:49:06,419 [ERROR] LogOutputStream:75 - [STDERR_REDIRECT] [Fatal Error] :1:1: Premature end of file.
2026-05-05 02:49:06,419 [ERROR] LogOutputStream:75 - [STDERR_REDIRECT] 
2026-05-05 02:49:06,434 [ERROR] LogOutputStream:75 - [STDERR_REDIRECT] [Fatal Error] :1:1: Premature end of file.
2026-05-05 02:49:06,434 [ERROR] LogOutputStream:75 - [STDERR_REDIRECT] 
2026-05-05 02:49:06,468 [ERROR] LogOutputStream:75 - [STDERR_REDIRECT] [Fatal Error] :1:1: Premature end of file.
2026-05-05 02:49:06,468 [ERROR] LogOutputStream:75 - [STDERR_REDIRECT] 
2026-05-05 02:49:06,513 [ERROR] LogOutputStream:75 - [STDERR_REDIRECT] [Fatal Error] :1:1: Premature end of file.
2026-05-05 02:49:06,513 [ERROR] LogOutputStream:75 - [STDERR_REDIRECT] 
2026-05-05 02:49:06,591 [ERROR] LogOutputStream:75 - [STDERR_REDIRECT] [Fatal Error] :1:1: Premature end of file.
2026-05-05 02:49:06,591 [ERROR] LogOutputStream:75 - [STDERR_REDIRECT] 
2026-05-05 02:49:06,605 [ERROR] LogOutputStream:75 - [STDERR_REDIRECT] [Fatal Error] :1:1: Premature end of file.
2026-05-05 02:49:06,605 [ERROR] LogOutputStream:75 - [STDERR_REDIRECT] 
2026-05-05 02:49:06,619 [ERROR] LogOutputStream:75 - [STDERR_REDIRECT] [Fatal Error] :1:1: Premature end of file.
2026-05-05 02:49:06,619 [ERROR] LogOutputStream:75 - [STDERR_REDIRECT] 
2026-05-05 02:49:06,634 [ERROR] LogOutputStream:75 - [STDERR_REDIRECT] [Fatal Error] :1:1: Premature end of file.
2026-05-05 02:49:06,634 [ERROR] LogOutputStream:75 - [STDERR_REDIRECT] 
2026-05-05 02:49:06,650 [ERROR] LogOutputStream:75 - [STDERR_REDIRECT] [Fatal Error] :1:1: Premature end of file.
2026-05-05 02:49:06,650 [ERROR] LogOutputStream:75 - [STDERR_REDIRECT] 
2026-05-05 02:49:06,672 [ERROR] LogOutputStream:75 - [STDERR_REDIRECT] [Fatal Error] :1:1: Premature end of file.
2026-05-05 02:49:06,672 [ERROR] LogOutputStream:75 - [STDERR_REDIRECT] 
2026-05-05 02:49:06,686 [ERROR] LogOutputStream:75 - [STDERR_REDIRECT] [Fatal Error] :1:1: Premature end of file.
2026-05-05 02:49:06,686 [ERROR] LogOutputStream:75 - [STDERR_REDIRECT] 
2026-05-05 02:49:06,699 [ERROR] LogOutputStream:75 - [STDERR_REDIRECT] [Fatal Error] :1:1: Premature end of file.
2026-05-05 02:49:06,699 [ERROR] LogOutputStream:75 - [STDERR_REDIRECT] 
2026-05-05 02:49:06,714 [ERROR] LogOutputStream:75 - [STDERR_REDIRECT] [Fatal Error] :1:1: Premature end of file.
2026-05-05 02:49:06,714 [ERROR] LogOutputStream:75 - [STDERR_REDIRECT] 
2026-05-05 02:49:06,727 [ERROR] LogOutputStream:75 - [STDERR_REDIRECT] [Fatal Error] :1:1: Premature end of file.
2026-05-05 02:49:06,727 [ERROR] LogOutputStream:75 - [STDERR_REDIRECT] 
2026-05-05 02:49:06,743 [ERROR] LogOutputStream:75 - [STDERR_REDIRECT] [Fatal Error] :1:1: Premature end of file.
2026-05-05 02:49:06,744 [ERROR] LogOutputStream:75 - [STDERR_REDIRECT] 
2026-05-05 02:49:06,762 [ERROR] LogOutputStream:75 - [STDERR_REDIRECT] [Fatal Error] :1:1: Premature end of file.
2026-05-05 02:49:06,762 [ERROR] LogOutputStream:75 - [STDERR_REDIRECT] 
2026-05-05 02:49:06,776 [ERROR] LogOutputStream:75 - [STDERR_REDIRECT] [Fatal Error] :1:1: Premature end of file.
2026-05-05 02:49:06,776 [ERROR] LogOutputStream:75 - [STDERR_REDIRECT] 
2026-05-05 02:49:06,791 [ERROR] LogOutputStream:75 - [STDERR_REDIRECT] [Fatal Error] :1:1: Premature end of file.
2026-05-05 02:49:06,791 [ERROR] LogOutputStream:75 - [STDERR_REDIRECT] 
2026-05-05 02:49:06,805 [ERROR] LogOutputStream:75 - [STDERR_REDIRECT] [Fatal Error] :1:1: Premature end of file.
2026-05-05 02:49:06,805 [ERROR] LogOutputStream:75 - [STDERR_REDIRECT] 
2026-05-05 02:49:06,819 [ERROR] LogOutputStream:75 - [STDERR_REDIRECT] [Fatal Error] :1:1: Premature end of file.
2026-05-05 02:49:06,819 [ERROR] LogOutputStream:75 - [STDERR_REDIRECT] 
2026-05-05 02:49:06,833 [ERROR] LogOutputStream:75 - [STDERR_REDIRECT] [Fatal Error] :1:1: Premature end of file.
2026-05-05 02:49:06,833 [ERROR] LogOutputStream:75 - [STDERR_REDIRECT] 
2026-05-05 02:49:06,847 [ERROR] LogOutputStream:75 - [STDERR_REDIRECT] [Fatal Error] :1:1: Premature end of file.
2026-05-05 02:49:06,847 [ERROR] LogOutputStream:75 - [STDERR_REDIRECT] 
2026-05-05 02:49:06,862 [ERROR] LogOutputStream:75 - [STDERR_REDIRECT] [Fatal Error] :1:1: Premature end of file.
2026-05-05 02:49:06,862 [ERROR] LogOutputStream:75 - [STDERR_REDIRECT] 
2026-05-05 02:49:06,879 [ERROR] LogOutputStream:75 - [STDERR_REDIRECT] [Fatal Error] :1:1: Premature end of file.
2026-05-05 02:49:06,879 [ERROR] LogOutputStream:75 - [STDERR_REDIRECT] 
2026-05-05 02:49:06,896 [ERROR] LogOutputStream:75 - [STDERR_REDIRECT] [Fatal Error] :1:1: Premature end of file.
2026-05-05 02:49:06,896 [ERROR] LogOutputStream:75 - [STDERR_REDIRECT] 
2026-05-05 02:49:06,912 [ERROR] LogOutputStream:75 - [STDERR_REDIRECT] [Fatal Error] :1:1: Premature end of file.
2026-05-05 02:49:06,912 [ERROR] LogOutputStream:75 - [STDERR_REDIRECT] 
2026-05-05 02:49:06,928 [ERROR] LogOutputStream:75 - [STDERR_REDIRECT] [Fatal Error] :1:1: Premature end of file.
2026-05-05 02:49:06,928 [ERROR] LogOutputStream:75 - [STDERR_REDIRECT] 
2026-05-05 02:49:06,942 [ERROR] LogOutputStream:75 - [STDERR_REDIRECT] [Fatal Error] :1:1: Premature end of file.
2026-05-05 02:49:06,942 [ERROR] LogOutputStream:75 - [STDERR_REDIRECT] 
2026-05-05 02:49:06,955 [ERROR] LogOutputStream:75 - [STDERR_REDIRECT] [Fatal Error] :1:1: Premature end of file.
2026-05-05 02:49:06,956 [ERROR] LogOutputStream:75 - [STDERR_REDIRECT] 
2026-05-05 02:49:06,969 [ERROR] LogOutputStream:75 - [STDERR_REDIRECT] [Fatal Error] :1:1: Premature end of file.
2026-05-05 02:49:06,969 [ERROR] LogOutputStream:75 - [STDERR_REDIRECT] 
2026-05-05 02:49:06,987 [ERROR] LogOutputStream:75 - [STDERR_REDIRECT] [Fatal Error] :1:1: Premature end of file.
2026-05-05 02:49:06,987 [ERROR] LogOutputStream:75 - [STDERR_REDIRECT] 
2026-05-05 02:49:07,006 [ERROR] LogOutputStream:75 - [STDERR_REDIRECT] [Fatal Error] :1:1: Premature end of file.
2026-05-05 02:49:07,007 [ERROR] LogOutputStream:75 - [STDERR_REDIRECT] 
2026-05-05 02:49:07,020 [ERROR] LogOutputStream:75 - [STDERR_REDIRECT] [Fatal Error] :1:1: Premature end of file.
2026-05-05 02:49:07,020 [ERROR] LogOutputStream:75 - [STDERR_REDIRECT] 
2026-05-05 02:49:07,037 [ERROR] LogOutputStream:75 - [STDERR_REDIRECT] [Fatal Error] :1:1: Premature end of file.
2026-05-05 02:49:07,037 [ERROR] LogOutputStream:75 - [STDERR_REDIRECT] 
2026-05-05 02:49:07,053 [ERROR] LogOutputStream:75 - [STDERR_REDIRECT] [Fatal Error] :1:1: Premature end of file.
2026-05-05 02:49:07,053 [ERROR] LogOutputStream:75 - [STDERR_REDIRECT] 
2026-05-05 02:49:07,067 [ERROR] LogOutputStream:75 - [STDERR_REDIRECT] [Fatal Error] :1:1: Premature end of file.
2026-05-05 02:49:07,067 [ERROR] LogOutputStream:75 - [STDERR_REDIRECT] 
2026-05-05 02:49:07,081 [ERROR] LogOutputStream:75 - [STDERR_REDIRECT] [Fatal Error] :1:1: Premature end of file.
2026-05-05 02:49:07,081 [ERROR] LogOutputStream:75 - [STDERR_REDIRECT] 
2026-05-05 02:49:07,096 [ERROR] LogOutputStream:75 - [STDERR_REDIRECT] [Fatal Error] :1:1: Premature end of file.
2026-05-05 02:49:07,096 [ERROR] LogOutputStream:75 - [STDERR_REDIRECT] 
2026-05-05 02:49:07,111 [ERROR] LogOutputStream:75 - [STDERR_REDIRECT] [Fatal Error] :1:1: Premature end of file.
2026-05-05 02:49:07,111 [ERROR] LogOutputStream:75 - [STDERR_REDIRECT] 
2026-05-05 02:49:07,125 [ERROR] LogOutputStream:75 - [STDERR_REDIRECT] [Fatal Error] :1:1: Premature end of file.
2026-05-05 02:49:07,125 [ERROR] LogOutputStream:75 - [STDERR_REDIRECT] 
2026-05-05 02:49:07,140 [ERROR] LogOutputStream:75 - [STDERR_REDIRECT] [Fatal Error] :1:1: Premature end of file.
2026-05-05 02:49:07,140 [ERROR] LogOutputStream:75 - [STDERR_REDIRECT] 
2026-05-05 02:49:07,153 [ERROR] LogOutputStream:75 - [STDERR_REDIRECT] [Fatal Error] :1:1: Premature end of file.
2026-05-05 02:49:07,153 [ERROR] LogOutputStream:75 - [STDERR_REDIRECT] 
2026-05-05 02:49:07,168 [ERROR] LogOutputStream:75 - [STDERR_REDIRECT] [Fatal Error] :1:1: Premature end of file.
2026-05-05 02:49:07,168 [ERROR] LogOutputStream:75 - [STDERR_REDIRECT] 
2026-05-05 02:49:07,182 [ERROR] LogOutputStream:75 - [STDERR_REDIRECT] [Fatal Error] :1:1: Premature end of file.
2026-05-05 02:49:07,182 [ERROR] LogOutputStream:75 - [STDERR_REDIRECT] 
2026-05-05 02:49:07,196 [ERROR] LogOutputStream:75 - [STDERR_REDIRECT] [Fatal Error] :1:1: Premature end of file.
2026-05-05 02:49:07,196 [ERROR] LogOutputStream:75 - [STDERR_REDIRECT] 
2026-05-05 02:49:07,210 [ERROR] LogOutputStream:75 - [STDERR_REDIRECT] [Fatal Error] :1:1: Premature end of file.
2026-05-05 02:49:07,211 [ERROR] LogOutputStream:75 - [STDERR_REDIRECT] 
2026-05-05 02:49:07,225 [ERROR] LogOutputStream:75 - [STDERR_REDIRECT] [Fatal Error] :1:1: Premature end of file.
2026-05-05 02:49:07,225 [ERROR] LogOutputStream:75 - [STDERR_REDIRECT] 
2026-05-05 02:49:07,240 [ERROR] LogOutputStream:75 - [STDERR_REDIRECT] [Fatal Error] :1:1: Premature end of file.
2026-05-05 02:49:07,240 [ERROR] LogOutputStream:75 - [STDERR_REDIRECT] 
2026-05-05 02:49:07,255 [ERROR] LogOutputStream:75 - [STDERR_REDIRECT] [Fatal Error] :1:1: Premature end of file.
2026-05-05 02:49:07,255 [ERROR] LogOutputStream:75 - [STDERR_REDIRECT] 
2026-05-05 02:49:07,269 [ERROR] LogOutputStream:75 - [STDERR_REDIRECT] [Fatal Error] :1:1: Premature end of file.
2026-05-05 02:49:07,269 [ERROR] LogOutputStream:75 - [STDERR_REDIRECT] 
2026-05-05 02:49:07,284 [ERROR] LogOutputStream:75 - [STDERR_REDIRECT] [Fatal Error] :1:1: Premature end of file.
2026-05-05 02:49:07,284 [ERROR] LogOutputStream:75 - [STDERR_REDIRECT] 
2026-05-05 02:49:07,300 [ERROR] LogOutputStream:75 - [STDERR_REDIRECT] [Fatal Error] :1:1: Premature end of file.
2026-05-05 02:49:07,300 [ERROR] LogOutputStream:75 - [STDERR_REDIRECT] 
2026-05-05 02:49:07,314 [ERROR] LogOutputStream:75 - [STDERR_REDIRECT] [Fatal Error] :1:1: Premature end of file.
2026-05-05 02:49:07,314 [ERROR] LogOutputStream:75 - [STDERR_REDIRECT] 
2026-05-05 02:49:07,328 [ERROR] LogOutputStream:75 - [STDERR_REDIRECT] [Fatal Error] :1:1: Premature end of file.
2026-05-05 02:49:07,328 [ERROR] LogOutputStream:75 - [STDERR_REDIRECT] 
2026-05-05 02:49:07,342 [ERROR] LogOutputStream:75 - [STDERR_REDIRECT] [Fatal Error] :1:1: Premature end of file.
2026-05-05 02:49:07,342 [ERROR] LogOutputStream:75 - [STDERR_REDIRECT] 
2026-05-05 02:49:07,355 [ERROR] LogOutputStream:75 - [STDERR_REDIRECT] [Fatal Error] :1:1: Premature end of file.
2026-05-05 02:49:07,355 [ERROR] LogOutputStream:75 - [STDERR_REDIRECT] 
2026-05-05 02:49:07,368 [ERROR] LogOutputStream:75 - [STDERR_REDIRECT] [Fatal Error] :1:1: Premature end of file.
2026-05-05 02:49:07,369 [ERROR] LogOutputStream:75 - [STDERR_REDIRECT] 
2026-05-05 02:49:07,382 [ERROR] LogOutputStream:75 - [STDERR_REDIRECT] [Fatal Error] :1:1: Premature end of file.
2026-05-05 02:49:07,382 [ERROR] LogOutputStream:75 - [STDERR_REDIRECT] 
2026-05-05 02:49:07,396 [ERROR] LogOutputStream:75 - [STDERR_REDIRECT] [Fatal Error] :1:1: Premature end of file.
2026-05-05 02:49:07,396 [ERROR] LogOutputStream:75 - [STDERR_REDIRECT] 
2026-05-05 02:49:07,410 [ERROR] LogOutputStream:75 - [STDERR_REDIRECT] [Fatal Error] :1:1: Premature end of file.
2026-05-05 02:49:07,410 [ERROR] LogOutputStream:75 - [STDERR_REDIRECT] 
2026-05-05 02:49:07,424 [ERROR] LogOutputStream:75 - [STDERR_REDIRECT] [Fatal Error] :1:1: Premature end of file.
2026-05-05 02:49:07,424 [ERROR] LogOutputStream:75 - [STDERR_REDIRECT] 
2026-05-05 02:49:07,441 [ERROR] LogOutputStream:75 - [STDERR_REDIRECT] [Fatal Error] :1:1: Premature end of file.
2026-05-05 02:49:07,442 [ERROR] LogOutputStream:75 - [STDERR_REDIRECT] 
2026-05-05 02:49:07,458 [ERROR] LogOutputStream:75 - [STDERR_REDIRECT] [Fatal Error] :1:1: Premature end of file.
2026-05-05 02:49:07,458 [ERROR] LogOutputStream:75 - [STDERR_REDIRECT] 
2026-05-05 02:49:07,472 [ERROR] LogOutputStream:75 - [STDERR_REDIRECT] [Fatal Error] :1:1: Premature end of file.
2026-05-05 02:49:07,472 [ERROR] LogOutputStream:75 - [STDERR_REDIRECT] 
2026-05-05 02:49:07,486 [ERROR] LogOutputStream:75 - [STDERR_REDIRECT] [Fatal Error] :1:1: Premature end of file.
2026-05-05 02:49:07,486 [ERROR] LogOutputStream:75 - [STDERR_REDIRECT] 
2026-05-05 02:49:07,501 [ERROR] LogOutputStream:75 - [STDERR_REDIRECT] [Fatal Error] :1:1: Premature end of file.
2026-05-05 02:49:07,501 [ERROR] LogOutputStream:75 - [STDERR_REDIRECT] 
2026-05-05 02:49:07,515 [ERROR] LogOutputStream:75 - [STDERR_REDIRECT] [Fatal Error] :1:1: Premature end of file.
2026-05-05 02:49:07,515 [ERROR] LogOutputStream:75 - [STDERR_REDIRECT] 
2026-05-05 02:49:07,528 [ERROR] LogOutputStream:75 - [STDERR_REDIRECT] [Fatal Error] :1:1: Premature end of file.
2026-05-05 02:49:07,529 [ERROR] LogOutputStream:75 - [STDERR_REDIRECT] 
2026-05-05 02:49:07,542 [ERROR] LogOutputStream:75 - [STDERR_REDIRECT] [Fatal Error] :1:1: Premature end of file.
2026-05-05 02:49:07,542 [ERROR] LogOutputStream:75 - [STDERR_REDIRECT] 
2026-05-05 02:49:07,556 [ERROR] LogOutputStream:75 - [STDERR_REDIRECT] [Fatal Error] :1:1: Premature end of file.
2026-05-05 02:49:07,556 [ERROR] LogOutputStream:75 - [STDERR_REDIRECT] 
2026-05-05 02:49:07,571 [ERROR] LogOutputStream:75 - [STDERR_REDIRECT] [Fatal Error] :1:1: Premature end of file.
2026-05-05 02:49:07,571 [ERROR] LogOutputStream:75 - [STDERR_REDIRECT] 
2026-05-05 02:49:07,584 [ERROR] LogOutputStream:75 - [STDERR_REDIRECT] [Fatal Error] :1:1: Premature end of file.
2026-05-05 02:49:07,585 [ERROR] LogOutputStream:75 - [STDERR_REDIRECT] 
2026-05-05 02:49:07,600 [ERROR] LogOutputStream:75 - [STDERR_REDIRECT] [Fatal Error] :1:1: Premature end of file.
2026-05-05 02:49:07,600 [ERROR] LogOutputStream:75 - [STDERR_REDIRECT] 
2026-05-05 02:49:07,614 [ERROR] LogOutputStream:75 - [STDERR_REDIRECT] [Fatal Error] :1:1: Premature end of file.
2026-05-05 02:49:07,614 [ERROR] LogOutputStream:75 - [STDERR_REDIRECT] 
2026-05-05 02:49:07,628 [ERROR] LogOutputStream:75 - [STDERR_REDIRECT] [Fatal Error] :1:1: Premature end of file.
2026-05-05 02:49:07,629 [ERROR] LogOutputStream:75 - [STDERR_REDIRECT] 
2026-05-05 02:49:07,642 [ERROR] LogOutputStream:75 - [STDERR_REDIRECT] [Fatal Error] :1:1: Premature end of file.
2026-05-05 02:49:07,642 [ERROR] LogOutputStream:75 - [STDERR_REDIRECT] 
2026-05-05 02:49:07,656 [ERROR] LogOutputStream:75 - [STDERR_REDIRECT] [Fatal Error] :1:1: Premature end of file.
2026-05-05 02:49:07,656 [ERROR] LogOutputStream:75 - [STDERR_REDIRECT] 
2026-05-05 02:49:07,669 [ERROR] LogOutputStream:75 - [STDERR_REDIRECT] [Fatal Error] :1:1: Premature end of file.
2026-05-05 02:49:07,669 [ERROR] LogOutputStream:75 - [STDERR_REDIRECT] 
2026-05-05 02:49:07,682 [ERROR] LogOutputStream:75 - [STDERR_REDIRECT] [Fatal Error] :1:1: Premature end of file.
2026-05-05 02:49:07,683 [ERROR] LogOutputStream:75 - [STDERR_REDIRECT] 
2026-05-05 02:49:07,695 [ERROR] LogOutputStream:75 - [STDERR_REDIRECT] [Fatal Error] :1:1: Premature end of file.
2026-05-05 02:49:07,696 [ERROR] LogOutputStream:75 - [STDERR_REDIRECT] 
2026-05-05 02:49:07,709 [ERROR] LogOutputStream:75 - [STDERR_REDIRECT] [Fatal Error] :1:1: Premature end of file.
2026-05-05 02:49:07,709 [ERROR] LogOutputStream:75 - [STDERR_REDIRECT] 
2026-05-05 02:49:07,723 [ERROR] LogOutputStream:75 - [STDERR_REDIRECT] [Fatal Error] :1:1: Premature end of file.
2026-05-05 02:49:07,723 [ERROR] LogOutputStream:75 - [STDERR_REDIRECT] 
2026-05-05 02:49:07,736 [ERROR] LogOutputStream:75 - [STDERR_REDIRECT] [Fatal Error] :1:1: Premature end of file.
2026-05-05 02:49:07,736 [ERROR] LogOutputStream:75 - [STDERR_REDIRECT] 
2026-05-05 02:49:07,750 [ERROR] LogOutputStream:75 - [STDERR_REDIRECT] [Fatal Error] :1:1: Premature end of file.
2026-05-05 02:49:07,750 [ERROR] LogOutputStream:75 - [STDERR_REDIRECT] 
2026-05-05 02:49:07,765 [ERROR] LogOutputStream:75 - [STDERR_REDIRECT] [Fatal Error] :1:1: Premature end of file.
2026-05-05 02:49:07,765 [ERROR] LogOutputStream:75 - [STDERR_REDIRECT] 
2026-05-05 02:49:07,779 [ERROR] LogOutputStream:75 - [STDERR_REDIRECT] [Fatal Error] :1:1: Premature end of file.
2026-05-05 02:49:07,779 [ERROR] LogOutputStream:75 - [STDERR_REDIRECT] 
2026-05-05 02:49:07,792 [ERROR] LogOutputStream:75 - [STDERR_REDIRECT] [Fatal Error] :1:1: Premature end of file.
2026-05-05 02:49:07,792 [ERROR] LogOutputStream:75 - [STDERR_REDIRECT] 
2026-05-05 02:49:07,805 [ERROR] LogOutputStream:75 - [STDERR_REDIRECT] [Fatal Error] :1:1: Premature end of file.
2026-05-05 02:49:07,805 [ERROR] LogOutputStream:75 - [STDERR_REDIRECT] 
2026-05-05 02:49:07,818 [ERROR] LogOutputStream:75 - [STDERR_REDIRECT] [Fatal Error] :1:1: Premature end of file.
2026-05-05 02:49:07,818 [ERROR] LogOutputStream:75 - [STDERR_REDIRECT] 
2026-05-05 02:49:07,831 [ERROR] LogOutputStream:75 - [STDERR_REDIRECT] [Fatal Error] :1:1: Premature end of file.
2026-05-05 02:49:07,831 [ERROR] LogOutputStream:75 - [STDERR_REDIRECT] 
2026-05-05 02:49:07,846 [ERROR] LogOutputStream:75 - [STDERR_REDIRECT] [Fatal Error] :1:1: Premature end of file.
2026-05-05 02:49:07,846 [ERROR] LogOutputStream:75 - [STDERR_REDIRECT] 
2026-05-05 02:49:07,859 [ERROR] LogOutputStream:75 - [STDERR_REDIRECT] [Fatal Error] :1:1: Premature end of file.
2026-05-05 02:49:07,859 [ERROR] LogOutputStream:75 - [STDERR_REDIRECT] 
2026-05-05 02:49:07,872 [ERROR] LogOutputStream:75 - [STDERR_REDIRECT] [Fatal Error] :1:1: Premature end of file.
2026-05-05 02:49:07,872 [ERROR] LogOutputStream:75 - [STDERR_REDIRECT] 
2026-05-05 02:49:07,886 [ERROR] LogOutputStream:75 - [STDERR_REDIRECT] [Fatal Error] :1:1: Premature end of file.
2026-05-05 02:49:07,886 [ERROR] LogOutputStream:75 - [STDERR_REDIRECT] 
2026-05-05 02:49:07,898 [ERROR] LogOutputStream:75 - [STDERR_REDIRECT] [Fatal Error] :1:1: Premature end of file.
2026-05-05 02:49:07,898 [ERROR] LogOutputStream:75 - [STDERR_REDIRECT] 
2026-05-05 02:49:07,911 [ERROR] LogOutputStream:75 - [STDERR_REDIRECT] [Fatal Error] :1:1: Premature end of file.
2026-05-05 02:49:07,911 [ERROR] LogOutputStream:75 - [STDERR_REDIRECT] 
2026-05-05 02:49:07,924 [ERROR] LogOutputStream:75 - [STDERR_REDIRECT] [Fatal Error] :1:1: Premature end of file.
2026-05-05 02:49:07,924 [ERROR] LogOutputStream:75 - [STDERR_REDIRECT] 
2026-05-05 02:49:07,939 [ERROR] LogOutputStream:75 - [STDERR_REDIRECT] [Fatal Error] :1:1: Premature end of file.
2026-05-05 02:49:07,939 [ERROR] LogOutputStream:75 - [STDERR_REDIRECT] 
2026-05-05 02:49:07,951 [ERROR] LogOutputStream:75 - [STDERR_REDIRECT] [Fatal Error] :1:1: Premature end of file.
2026-05-05 02:49:07,952 [ERROR] LogOutputStream:75 - [STDERR_REDIRECT] 
2026-05-05 02:49:07,966 [ERROR] LogOutputStream:75 - [STDERR_REDIRECT] [Fatal Error] :1:1: Premature end of file.
2026-05-05 02:49:07,966 [ERROR] LogOutputStream:75 - [STDERR_REDIRECT] 
2026-05-05 02:49:07,980 [ERROR] LogOutputStream:75 - [STDERR_REDIRECT] [Fatal Error] :1:1: Premature end of file.
2026-05-05 02:49:07,980 [ERROR] LogOutputStream:75 - [STDERR_REDIRECT] 
2026-05-05 02:49:07,993 [ERROR] LogOutputStream:75 - [STDERR_REDIRECT] [Fatal Error] :1:1: Premature end of file.
2026-05-05 02:49:07,993 [ERROR] LogOutputStream:75 - [STDERR_REDIRECT] 
2026-05-05 02:49:08,006 [ERROR] LogOutputStream:75 - [STDERR_REDIRECT] [Fatal Error] :1:1: Premature end of file.
2026-05-05 02:49:08,006 [ERROR] LogOutputStream:75 - [STDERR_REDIRECT] 
2026-05-05 02:49:08,024 [ERROR] LogOutputStream:75 - [STDERR_REDIRECT] [Fatal Error] :1:1: Premature end of file.
2026-05-05 02:49:08,024 [ERROR] LogOutputStream:75 - [STDERR_REDIRECT] 
2026-05-05 02:49:08,041 [ERROR] LogOutputStream:75 - [STDERR_REDIRECT] [Fatal Error] :1:1: Premature end of file.
2026-05-05 02:49:08,041 [ERROR] LogOutputStream:75 - [STDERR_REDIRECT] 
2026-05-05 02:49:08,053 [ERROR] LogOutputStream:75 - [STDERR_REDIRECT] [Fatal Error] :1:1: Premature end of file.
2026-05-05 02:49:08,053 [ERROR] LogOutputStream:75 - [STDERR_REDIRECT] 
2026-05-05 02:49:08,067 [ERROR] LogOutputStream:75 - [STDERR_REDIRECT] [Fatal Error] :1:1: Premature end of file.
2026-05-05 02:49:08,067 [ERROR] LogOutputStream:75 - [STDERR_REDIRECT] 
2026-05-05 02:49:08,080 [ERROR] LogOutputStream:75 - [STDERR_REDIRECT] [Fatal Error] :1:1: Premature end of file.
2026-05-05 02:49:08,080 [ERROR] LogOutputStream:75 - [STDERR_REDIRECT] 
2026-05-05 02:49:08,093 [ERROR] LogOutputStream:75 - [STDERR_REDIRECT] [Fatal Error] :1:1: Premature end of file.
2026-05-05 02:49:08,093 [ERROR] LogOutputStream:75 - [STDERR_REDIRECT] 
2026-05-05 02:49:08,107 [ERROR] LogOutputStream:75 - [STDERR_REDIRECT] [Fatal Error] :1:1: Premature end of file.
2026-05-05 02:49:08,107 [ERROR] LogOutputStream:75 - [STDERR_REDIRECT] 
2026-05-05 02:49:08,121 [ERROR] LogOutputStream:75 - [STDERR_REDIRECT] [Fatal Error] :1:1: Premature end of file.
2026-05-05 02:49:08,121 [ERROR] LogOutputStream:75 - [STDERR_REDIRECT] 
2026-05-05 02:49:08,136 [ERROR] LogOutputStream:75 - [STDERR_REDIRECT] [Fatal Error] :1:1: Premature end of file.
2026-05-05 02:49:08,136 [ERROR] LogOutputStream:75 - [STDERR_REDIRECT] 
2026-05-05 02:49:08,150 [ERROR] LogOutputStream:75 - [STDERR_REDIRECT] [Fatal Error] :1:1: Premature end of file.
2026-05-05 02:49:08,150 [ERROR] LogOutputStream:75 - [STDERR_REDIRECT] 
2026-05-05 02:49:08,164 [ERROR] LogOutputStream:75 - [STDERR_REDIRECT] [Fatal Error] :1:1: Premature end of file.
2026-05-05 02:49:08,164 [ERROR] LogOutputStream:75 - [STDERR_REDIRECT] 
2026-05-05 02:49:08,177 [ERROR] LogOutputStream:75 - [STDERR_REDIRECT] [Fatal Error] :1:1: Premature end of file.
2026-05-05 02:49:08,177 [ERROR] LogOutputStream:75 - [STDERR_REDIRECT] 
2026-05-05 02:49:08,191 [ERROR] LogOutputStream:75 - [STDERR_REDIRECT] [Fatal Error] :1:1: Premature end of file.
2026-05-05 02:49:08,191 [ERROR] LogOutputStream:75 - [STDERR_REDIRECT] 
2026-05-05 02:49:08,204 [ERROR] LogOutputStream:75 - [STDERR_REDIRECT] [Fatal Error] :1:1: Premature end of file.
2026-05-05 02:49:08,204 [ERROR] LogOutputStream:75 - [STDERR_REDIRECT] 
2026-05-05 02:49:08,218 [ERROR] LogOutputStream:75 - [STDERR_REDIRECT] [Fatal Error] :1:1: Premature end of file.
2026-05-05 02:49:08,218 [ERROR] LogOutputStream:75 - [STDERR_REDIRECT] 
2026-05-05 02:49:08,231 [ERROR] LogOutputStream:75 - [STDERR_REDIRECT] [Fatal Error] :1:1: Premature end of file.
2026-05-05 02:49:08,231 [ERROR] LogOutputStream:75 - [STDERR_REDIRECT] 
2026-05-05 02:49:08,244 [ERROR] LogOutputStream:75 - [STDERR_REDIRECT] [Fatal Error] :1:1: Premature end of file.
2026-05-05 02:49:08,246 [ERROR] LogOutputStream:75 - [STDERR_REDIRECT] 
2026-05-05 02:49:08,258 [ERROR] LogOutputStream:75 - [STDERR_REDIRECT] [Fatal Error] :1:1: Premature end of file.
2026-05-05 02:49:08,258 [ERROR] LogOutputStream:75 - [STDERR_REDIRECT] 
2026-05-05 02:49:08,273 [ERROR] LogOutputStream:75 - [STDERR_REDIRECT] [Fatal Error] :1:1: Premature end of file.
2026-05-05 02:49:08,273 [ERROR] LogOutputStream:75 - [STDERR_REDIRECT] 
2026-05-05 02:49:08,287 [ERROR] LogOutputStream:75 - [STDERR_REDIRECT] [Fatal Error] :1:1: Premature end of file.
2026-05-05 02:49:08,287 [ERROR] LogOutputStream:75 - [STDERR_REDIRECT] 
2026-05-05 02:49:08,301 [ERROR] LogOutputStream:75 - [STDERR_REDIRECT] [Fatal Error] :1:1: Premature end of file.
2026-05-05 02:49:08,301 [ERROR] LogOutputStream:75 - [STDERR_REDIRECT] 
2026-05-05 02:49:08,314 [ERROR] LogOutputStream:75 - [STDERR_REDIRECT] [Fatal Error] :1:1: Premature end of file.
2026-05-05 02:49:08,314 [ERROR] LogOutputStream:75 - [STDERR_REDIRECT] 
2026-05-05 02:49:08,328 [ERROR] LogOutputStream:75 - [STDERR_REDIRECT] [Fatal Error] :1:1: Premature end of file.
2026-05-05 02:49:08,328 [ERROR] LogOutputStream:75 - [STDERR_REDIRECT] 
2026-05-05 02:49:08,343 [ERROR] LogOutputStream:75 - [STDERR_REDIRECT] [Fatal Error] :1:1: Premature end of file.
2026-05-05 02:49:08,343 [ERROR] LogOutputStream:75 - [STDERR_REDIRECT] 
2026-05-05 02:49:08,356 [ERROR] LogOutputStream:75 - [STDERR_REDIRECT] [Fatal Error] :1:1: Premature end of file.
2026-05-05 02:49:08,356 [ERROR] LogOutputStream:75 - [STDERR_REDIRECT] 
2026-05-05 02:49:08,370 [ERROR] LogOutputStream:75 - [STDERR_REDIRECT] [Fatal Error] :1:1: Premature end of file.
2026-05-05 02:49:08,370 [ERROR] LogOutputStream:75 - [STDERR_REDIRECT] 
2026-05-05 02:49:08,384 [ERROR] LogOutputStream:75 - [STDERR_REDIRECT] [Fatal Error] :1:1: Premature end of file.
2026-05-05 02:49:08,384 [ERROR] LogOutputStream:75 - [STDERR_REDIRECT] 
2026-05-05 02:49:08,398 [ERROR] LogOutputStream:75 - [STDERR_REDIRECT] [Fatal Error] :1:1: Premature end of file.
2026-05-05 02:49:08,398 [ERROR] LogOutputStream:75 - [STDERR_REDIRECT] 
2026-05-05 02:49:08,412 [ERROR] LogOutputStream:75 - [STDERR_REDIRECT] [Fatal Error] :1:1: Premature end of file.
2026-05-05 02:49:08,412 [ERROR] LogOutputStream:75 - [STDERR_REDIRECT] 
2026-05-05 02:49:08,427 [ERROR] LogOutputStream:75 - [STDERR_REDIRECT] [Fatal Error] :1:1: Premature end of file.
2026-05-05 02:49:08,427 [ERROR] LogOutputStream:75 - [STDERR_REDIRECT] 
2026-05-05 02:49:08,441 [ERROR] LogOutputStream:75 - [STDERR_REDIRECT] [Fatal Error] :1:1: Premature end of file.
2026-05-05 02:49:08,441 [ERROR] LogOutputStream:75 - [STDERR_REDIRECT] 
2026-05-05 02:49:08,455 [ERROR] LogOutputStream:75 - [STDERR_REDIRECT] [Fatal Error] :1:1: Premature end of file.
2026-05-05 02:49:08,455 [ERROR] LogOutputStream:75 - [STDERR_REDIRECT] 
2026-05-05 02:49:08,469 [ERROR] LogOutputStream:75 - [STDERR_REDIRECT] [Fatal Error] :1:1: Premature end of file.
2026-05-05 02:49:08,470 [ERROR] LogOutputStream:75 - [STDERR_REDIRECT] 
2026-05-05 02:49:08,483 [ERROR] LogOutputStream:75 - [STDERR_REDIRECT] [Fatal Error] :1:1: Premature end of file.
2026-05-05 02:49:08,483 [ERROR] LogOutputStream:75 - [STDERR_REDIRECT] 
2026-05-05 02:49:08,497 [ERROR] LogOutputStream:75 - [STDERR_REDIRECT] [Fatal Error] :1:1: Premature end of file.
2026-05-05 02:49:08,497 [ERROR] LogOutputStream:75 - [STDERR_REDIRECT] 
2026-05-05 02:49:08,510 [ERROR] LogOutputStream:75 - [STDERR_REDIRECT] [Fatal Error] :1:1: Premature end of file.
2026-05-05 02:49:08,510 [ERROR] LogOutputStream:75 - [STDERR_REDIRECT] 
2026-05-05 02:49:08,523 [ERROR] LogOutputStream:75 - [STDERR_REDIRECT] [Fatal Error] :1:1: Premature end of file.
2026-05-05 02:49:08,523 [ERROR] LogOutputStream:75 - [STDERR_REDIRECT] 
2026-05-05 02:49:08,537 [ERROR] LogOutputStream:75 - [STDERR_REDIRECT] [Fatal Error] :1:1: Premature end of file.
2026-05-05 02:49:08,537 [ERROR] LogOutputStream:75 - [STDERR_REDIRECT] 
2026-05-05 02:49:08,551 [ERROR] LogOutputStream:75 - [STDERR_REDIRECT] [Fatal Error] :1:1: Premature end of file.
2026-05-05 02:49:08,551 [ERROR] LogOutputStream:75 - [STDERR_REDIRECT] 
2026-05-05 02:49:08,565 [ERROR] LogOutputStream:75 - [STDERR_REDIRECT] [Fatal Error] :1:1: Premature end of file.
2026-05-05 02:49:08,565 [ERROR] LogOutputStream:75 - [STDERR_REDIRECT] 
2026-05-05 02:49:08,579 [ERROR] LogOutputStream:75 - [STDERR_REDIRECT] [Fatal Error] :1:1: Premature end of file.
2026-05-05 02:49:08,579 [ERROR] LogOutputStream:75 - [STDERR_REDIRECT] 
2026-05-05 02:49:08,593 [ERROR] LogOutputStream:75 - [STDERR_REDIRECT] [Fatal Error] :1:1: Premature end of file.
2026-05-05 02:49:08,593 [ERROR] LogOutputStream:75 - [STDERR_REDIRECT] 
2026-05-05 02:49:08,606 [ERROR] LogOutputStream:75 - [STDERR_REDIRECT] [Fatal Error] :1:1: Premature end of file.
2026-05-05 02:49:08,606 [ERROR] LogOutputStream:75 - [STDERR_REDIRECT] 
2026-05-05 02:49:08,620 [ERROR] LogOutputStream:75 - [STDERR_REDIRECT] [Fatal Error] :1:1: Premature end of file.
2026-05-05 02:49:08,620 [ERROR] LogOutputStream:75 - [STDERR_REDIRECT] 
2026-05-05 02:49:08,634 [ERROR] LogOutputStream:75 - [STDERR_REDIRECT] [Fatal Error] :1:1: Premature end of file.
2026-05-05 02:49:08,634 [ERROR] LogOutputStream:75 - [STDERR_REDIRECT] 
2026-05-05 02:49:08,648 [ERROR] LogOutputStream:75 - [STDERR_REDIRECT] [Fatal Error] :1:1: Premature end of file.
2026-05-05 02:49:08,648 [ERROR] LogOutputStream:75 - [STDERR_REDIRECT] 
2026-05-05 02:49:08,662 [ERROR] LogOutputStream:75 - [STDERR_REDIRECT] [Fatal Error] :1:1: Premature end of file.
2026-05-05 02:49:08,662 [ERROR] LogOutputStream:75 - [STDERR_REDIRECT] 
2026-05-05 02:49:08,675 [ERROR] LogOutputStream:75 - [STDERR_REDIRECT] [Fatal Error] :1:1: Premature end of file.
2026-05-05 02:49:08,675 [ERROR] LogOutputStream:75 - [STDERR_REDIRECT] 
2026-05-05 02:49:08,698 [ERROR] LogOutputStream:75 - [STDERR_REDIRECT] [Fatal Error] :1:1: Premature end of file.
2026-05-05 02:49:08,698 [ERROR] LogOutputStream:75 - [STDERR_REDIRECT] 
2026-05-05 02:49:08,712 [ERROR] LogOutputStream:75 - [STDERR_REDIRECT] [Fatal Error] :1:1: Premature end of file.
2026-05-05 02:49:08,712 [ERROR] LogOutputStream:75 - [STDERR_REDIRECT] 
2026-05-05 02:49:08,725 [ERROR] LogOutputStream:75 - [STDERR_REDIRECT] [Fatal Error] :1:1: Premature end of file.
2026-05-05 02:49:08,725 [ERROR] LogOutputStream:75 - [STDERR_REDIRECT] 
2026-05-05 02:49:08,738 [ERROR] LogOutputStream:75 - [STDERR_REDIRECT] [Fatal Error] :1:1: Premature end of file.
2026-05-05 02:49:08,739 [ERROR] LogOutputStream:75 - [STDERR_REDIRECT] 
2026-05-05 02:49:08,752 [ERROR] LogOutputStream:75 - [STDERR_REDIRECT] [Fatal Error] :1:1: Premature end of file.
2026-05-05 02:49:08,752 [ERROR] LogOutputStream:75 - [STDERR_REDIRECT] 
2026-05-05 02:49:08,766 [ERROR] LogOutputStream:75 - [STDERR_REDIRECT] [Fatal Error] :1:1: Premature end of file.
2026-05-05 02:49:08,766 [ERROR] LogOutputStream:75 - [STDERR_REDIRECT] 
2026-05-05 02:49:08,780 [ERROR] LogOutputStream:75 - [STDERR_REDIRECT] [Fatal Error] :1:1: Premature end of file.
2026-05-05 02:49:08,781 [ERROR] LogOutputStream:75 - [STDERR_REDIRECT] 
2026-05-05 02:49:08,795 [ERROR] LogOutputStream:75 - [STDERR_REDIRECT] [Fatal Error] :1:1: Premature end of file.
2026-05-05 02:49:08,795 [ERROR] LogOutputStream:75 - [STDERR_REDIRECT] 
2026-05-05 02:49:08,809 [ERROR] LogOutputStream:75 - [STDERR_REDIRECT] [Fatal Error] :1:1: Premature end of file.
2026-05-05 02:49:08,809 [ERROR] LogOutputStream:75 - [STDERR_REDIRECT] 
2026-05-05 02:49:08,822 [ERROR] LogOutputStream:75 - [STDERR_REDIRECT] [Fatal Error] :1:1: Premature end of file.
2026-05-05 02:49:08,822 [ERROR] LogOutputStream:75 - [STDERR_REDIRECT] 
2026-05-05 02:49:08,836 [ERROR] LogOutputStream:75 - [STDERR_REDIRECT] [Fatal Error] :1:1: Premature end of file.
2026-05-05 02:49:08,836 [ERROR] LogOutputStream:75 - [STDERR_REDIRECT] 
2026-05-05 02:49:08,850 [ERROR] LogOutputStream:75 - [STDERR_REDIRECT] [Fatal Error] :1:1: Premature end of file.
2026-05-05 02:49:08,850 [ERROR] LogOutputStream:75 - [STDERR_REDIRECT] 
2026-05-05 02:49:08,863 [ERROR] LogOutputStream:75 - [STDERR_REDIRECT] [Fatal Error] :1:1: Premature end of file.
2026-05-05 02:49:08,864 [ERROR] LogOutputStream:75 - [STDERR_REDIRECT] 
2026-05-05 02:49:08,877 [ERROR] LogOutputStream:75 - [STDERR_REDIRECT] [Fatal Error] :1:1: Premature end of file.
2026-05-05 02:49:08,877 [ERROR] LogOutputStream:75 - [STDERR_REDIRECT] 
2026-05-05 02:49:08,891 [ERROR] LogOutputStream:75 - [STDERR_REDIRECT] [Fatal Error] :1:1: Premature end of file.
2026-05-05 02:49:08,891 [ERROR] LogOutputStream:75 - [STDERR_REDIRECT] 
2026-05-05 02:49:08,905 [ERROR] LogOutputStream:75 - [STDERR_REDIRECT] [Fatal Error] :1:1: Premature end of file.
2026-05-05 02:49:08,905 [ERROR] LogOutputStream:75 - [STDERR_REDIRECT] 
2026-05-05 02:49:08,919 [ERROR] LogOutputStream:75 - [STDERR_REDIRECT] [Fatal Error] :1:1: Premature end of file.
2026-05-05 02:49:08,919 [ERROR] LogOutputStream:75 - [STDERR_REDIRECT] 
2026-05-05 02:49:08,932 [ERROR] LogOutputStream:75 - [STDERR_REDIRECT] [Fatal Error] :1:1: Premature end of file.
2026-05-05 02:49:08,932 [ERROR] LogOutputStream:75 - [STDERR_REDIRECT] 
2026-05-05 02:49:08,946 [ERROR] LogOutputStream:75 - [STDERR_REDIRECT] [Fatal Error] :1:1: Premature end of file.
2026-05-05 02:49:08,946 [ERROR] LogOutputStream:75 - [STDERR_REDIRECT] 
2026-05-05 02:49:08,961 [ERROR] LogOutputStream:75 - [STDERR_REDIRECT] [Fatal Error] :1:1: Premature end of file.
2026-05-05 02:49:08,961 [ERROR] LogOutputStream:75 - [STDERR_REDIRECT] 
2026-05-05 02:49:08,974 [ERROR] LogOutputStream:75 - [STDERR_REDIRECT] [Fatal Error] :1:1: Premature end of file.
2026-05-05 02:49:08,974 [ERROR] LogOutputStream:75 - [STDERR_REDIRECT] 
2026-05-05 02:49:08,987 [ERROR] LogOutputStream:75 - [STDERR_REDIRECT] [Fatal Error] :1:1: Premature end of file.
2026-05-05 02:49:08,987 [ERROR] LogOutputStream:75 - [STDERR_REDIRECT] 
2026-05-05 02:49:09,002 [ERROR] LogOutputStream:75 - [STDERR_REDIRECT] [Fatal Error] :1:1: Premature end of file.
2026-05-05 02:49:09,002 [ERROR] LogOutputStream:75 - [STDERR_REDIRECT] 
2026-05-05 02:49:09,016 [ERROR] LogOutputStream:75 - [STDERR_REDIRECT] [Fatal Error] :1:1: Premature end of file.
2026-05-05 02:49:09,016 [ERROR] LogOutputStream:75 - [STDERR_REDIRECT] 
2026-05-05 02:49:09,031 [ERROR] LogOutputStream:75 - [STDERR_REDIRECT] [Fatal Error] :1:1: Premature end of file.
2026-05-05 02:49:09,031 [ERROR] LogOutputStream:75 - [STDERR_REDIRECT] 
2026-05-05 02:49:09,044 [ERROR] LogOutputStream:75 - [STDERR_REDIRECT] [Fatal Error] :1:1: Premature end of file.
2026-05-05 02:49:09,044 [ERROR] LogOutputStream:75 - [STDERR_REDIRECT] 
2026-05-05 02:49:09,058 [ERROR] LogOutputStream:75 - [STDERR_REDIRECT] [Fatal Error] :1:1: Premature end of file.
2026-05-05 02:49:09,058 [ERROR] LogOutputStream:75 - [STDERR_REDIRECT] 
2026-05-05 02:49:09,071 [ERROR] LogOutputStream:75 - [STDERR_REDIRECT] [Fatal Error] :1:1: Premature end of file.
2026-05-05 02:49:09,071 [ERROR] LogOutputStream:75 - [STDERR_REDIRECT] 
2026-05-05 02:49:09,085 [ERROR] LogOutputStream:75 - [STDERR_REDIRECT] [Fatal Error] :1:1: Premature end of file.
2026-05-05 02:49:09,085 [ERROR] LogOutputStream:75 - [STDERR_REDIRECT] 
2026-05-05 02:49:09,101 [ERROR] LogOutputStream:75 - [STDERR_REDIRECT] [Fatal Error] :1:1: Premature end of file.
2026-05-05 02:49:09,101 [ERROR] LogOutputStream:75 - [STDERR_REDIRECT] 
2026-05-05 02:49:09,114 [ERROR] LogOutputStream:75 - [STDERR_REDIRECT] [Fatal Error] :1:1: Premature end of file.
2026-05-05 02:49:09,114 [ERROR] LogOutputStream:75 - [STDERR_REDIRECT] 
2026-05-05 02:49:09,127 [ERROR] LogOutputStream:75 - [STDERR_REDIRECT] [Fatal Error] :1:1: Premature end of file.
2026-05-05 02:49:09,128 [ERROR] LogOutputStream:75 - [STDERR_REDIRECT] 
2026-05-05 02:49:09,141 [ERROR] LogOutputStream:75 - [STDERR_REDIRECT] [Fatal Error] :1:1: Premature end of file.
2026-05-05 02:49:09,141 [ERROR] LogOutputStream:75 - [STDERR_REDIRECT] 
2026-05-05 02:49:09,155 [ERROR] LogOutputStream:75 - [STDERR_REDIRECT] [Fatal Error] :1:1: Premature end of file.
2026-05-05 02:49:09,155 [ERROR] LogOutputStream:75 - [STDERR_REDIRECT] 
2026-05-05 02:49:09,168 [ERROR] LogOutputStream:75 - [STDERR_REDIRECT] [Fatal Error] :1:1: Premature end of file.
2026-05-05 02:49:09,169 [ERROR] LogOutputStream:75 - [STDERR_REDIRECT] 
2026-05-05 02:49:09,182 [ERROR] LogOutputStream:75 - [STDERR_REDIRECT] [Fatal Error] :1:1: Premature end of file.
2026-05-05 02:49:09,182 [ERROR] LogOutputStream:75 - [STDERR_REDIRECT] 
2026-05-05 02:49:09,196 [ERROR] LogOutputStream:75 - [STDERR_REDIRECT] [Fatal Error] :1:1: Premature end of file.
2026-05-05 02:49:09,197 [ERROR] LogOutputStream:75 - [STDERR_REDIRECT] 
2026-05-05 02:49:09,211 [ERROR] LogOutputStream:75 - [STDERR_REDIRECT] [Fatal Error] :1:1: Premature end of file.
2026-05-05 02:49:09,211 [ERROR] LogOutputStream:75 - [STDERR_REDIRECT] 
2026-05-05 02:49:09,224 [ERROR] LogOutputStream:75 - [STDERR_REDIRECT] [Fatal Error] :1:1: Premature end of file.
2026-05-05 02:49:09,224 [ERROR] LogOutputStream:75 - [STDERR_REDIRECT] 
2026-05-05 02:49:09,238 [ERROR] LogOutputStream:75 - [STDERR_REDIRECT] [Fatal Error] :1:1: Premature end of file.
2026-05-05 02:49:09,238 [ERROR] LogOutputStream:75 - [STDERR_REDIRECT] 
2026-05-05 02:49:09,251 [ERROR] LogOutputStream:75 - [STDERR_REDIRECT] [Fatal Error] :1:1: Premature end of file.
2026-05-05 02:49:09,251 [ERROR] LogOutputStream:75 - [STDERR_REDIRECT] 
2026-05-05 02:49:09,264 [ERROR] LogOutputStream:75 - [STDERR_REDIRECT] [Fatal Error] :1:1: Premature end of file.
2026-05-05 02:49:09,264 [ERROR] LogOutputStream:75 - [STDERR_REDIRECT] 
2026-05-05 02:49:09,278 [ERROR] LogOutputStream:75 - [STDERR_REDIRECT] [Fatal Error] :1:1: Premature end of file.
2026-05-05 02:49:09,278 [ERROR] LogOutputStream:75 - [STDERR_REDIRECT] 
2026-05-05 02:49:09,292 [ERROR] LogOutputStream:75 - [STDERR_REDIRECT] [Fatal Error] :1:1: Premature end of file.
2026-05-05 02:49:09,292 [ERROR] LogOutputStream:75 - [STDERR_REDIRECT] 
2026-05-05 02:49:09,306 [ERROR] LogOutputStream:75 - [STDERR_REDIRECT] [Fatal Error] :1:1: Premature end of file.
2026-05-05 02:49:09,306 [ERROR] LogOutputStream:75 - [STDERR_REDIRECT] 
2026-05-05 02:49:09,320 [ERROR] LogOutputStream:75 - [STDERR_REDIRECT] [Fatal Error] :1:1: Premature end of file.
2026-05-05 02:49:09,320 [ERROR] LogOutputStream:75 - [STDERR_REDIRECT] 
2026-05-05 02:49:09,334 [ERROR] LogOutputStream:75 - [STDERR_REDIRECT] [Fatal Error] :1:1: Premature end of file.
2026-05-05 02:49:09,334 [ERROR] LogOutputStream:75 - [STDERR_REDIRECT] 
2026-05-05 02:49:09,347 [ERROR] LogOutputStream:75 - [STDERR_REDIRECT] [Fatal Error] :1:1: Premature end of file.
2026-05-05 02:49:09,347 [ERROR] LogOutputStream:75 - [STDERR_REDIRECT] 
2026-05-05 02:49:09,361 [ERROR] LogOutputStream:75 - [STDERR_REDIRECT] [Fatal Error] :1:1: Premature end of file.
2026-05-05 02:49:09,361 [ERROR] LogOutputStream:75 - [STDERR_REDIRECT] 
2026-05-05 02:49:09,374 [ERROR] LogOutputStream:75 - [STDERR_REDIRECT] [Fatal Error] :1:1: Premature end of file.
2026-05-05 02:49:09,374 [ERROR] LogOutputStream:75 - [STDERR_REDIRECT] 
2026-05-05 02:49:09,388 [ERROR] LogOutputStream:75 - [STDERR_REDIRECT] [Fatal Error] :1:1: Premature end of file.
2026-05-05 02:49:09,388 [ERROR] LogOutputStream:75 - [STDERR_REDIRECT] 
2026-05-05 02:49:09,402 [ERROR] LogOutputStream:75 - [STDERR_REDIRECT] [Fatal Error] :1:1: Premature end of file.
2026-05-05 02:49:09,402 [ERROR] LogOutputStream:75 - [STDERR_REDIRECT] 
2026-05-05 02:49:09,416 [ERROR] LogOutputStream:75 - [STDERR_REDIRECT] [Fatal Error] :1:1: Premature end of file.
2026-05-05 02:49:09,416 [ERROR] LogOutputStream:75 - [STDERR_REDIRECT] 
2026-05-05 02:49:09,429 [ERROR] LogOutputStream:75 - [STDERR_REDIRECT] [Fatal Error] :1:1: Premature end of file.
2026-05-05 02:49:09,429 [ERROR] LogOutputStream:75 - [STDERR_REDIRECT] 
2026-05-05 02:49:09,442 [ERROR] LogOutputStream:75 - [STDERR_REDIRECT] [Fatal Error] :1:1: Premature end of file.
2026-05-05 02:49:09,443 [ERROR] LogOutputStream:75 - [STDERR_REDIRECT] 
2026-05-05 02:49:09,456 [ERROR] LogOutputStream:75 - [STDERR_REDIRECT] [Fatal Error] :1:1: Premature end of file.
2026-05-05 02:49:09,457 [ERROR] LogOutputStream:75 - [STDERR_REDIRECT] 
2026-05-05 02:49:09,470 [ERROR] LogOutputStream:75 - [STDERR_REDIRECT] [Fatal Error] :1:1: Premature end of file.
2026-05-05 02:49:09,470 [ERROR] LogOutputStream:75 - [STDERR_REDIRECT] 
2026-05-05 02:49:09,485 [ERROR] LogOutputStream:75 - [STDERR_REDIRECT] [Fatal Error] :1:1: Premature end of file.
2026-05-05 02:49:09,485 [ERROR] LogOutputStream:75 - [STDERR_REDIRECT] 
2026-05-05 02:49:09,500 [ERROR] LogOutputStream:75 - [STDERR_REDIRECT] [Fatal Error] :1:1: Premature end of file.
2026-05-05 02:49:09,500 [ERROR] LogOutputStream:75 - [STDERR_REDIRECT] 
2026-05-05 02:49:09,515 [ERROR] LogOutputStream:75 - [STDERR_REDIRECT] [Fatal Error] :1:1: Premature end of file.
2026-05-05 02:49:09,516 [ERROR] LogOutputStream:75 - [STDERR_REDIRECT] 
2026-05-05 02:49:09,530 [ERROR] LogOutputStream:75 - [STDERR_REDIRECT] [Fatal Error] :1:1: Premature end of file.
2026-05-05 02:49:09,530 [ERROR] LogOutputStream:75 - [STDERR_REDIRECT] 
2026-05-05 02:49:09,546 [ERROR] LogOutputStream:75 - [STDERR_REDIRECT] [Fatal Error] :1:1: Premature end of file.
2026-05-05 02:49:09,546 [ERROR] LogOutputStream:75 - [STDERR_REDIRECT] 
2026-05-05 02:49:09,561 [ERROR] LogOutputStream:75 - [STDERR_REDIRECT] [Fatal Error] :1:1: Premature end of file.
2026-05-05 02:49:09,561 [ERROR] LogOutputStream:75 - [STDERR_REDIRECT] 
2026-05-05 02:49:09,574 [ERROR] LogOutputStream:75 - [STDERR_REDIRECT] [Fatal Error] :1:1: Premature end of file.
2026-05-05 02:49:09,574 [ERROR] LogOutputStream:75 - [STDERR_REDIRECT] 
2026-05-05 02:49:09,587 [ERROR] LogOutputStream:75 - [STDERR_REDIRECT] [Fatal Error] :1:1: Premature end of file.
2026-05-05 02:49:09,588 [ERROR] LogOutputStream:75 - [STDERR_REDIRECT] 
2026-05-05 02:49:09,601 [ERROR] LogOutputStream:75 - [STDERR_REDIRECT] [Fatal Error] :1:1: Premature end of file.
2026-05-05 02:49:09,601 [ERROR] LogOutputStream:75 - [STDERR_REDIRECT] 
2026-05-05 02:49:09,616 [ERROR] LogOutputStream:75 - [STDERR_REDIRECT] [Fatal Error] :1:1: Premature end of file.
2026-05-05 02:49:09,617 [ERROR] LogOutputStream:75 - [STDERR_REDIRECT] 
2026-05-05 02:49:09,636 [ERROR] LogOutputStream:75 - [STDERR_REDIRECT] [Fatal Error] :1:1: Premature end of file.
2026-05-05 02:49:09,636 [ERROR] LogOutputStream:75 - [STDERR_REDIRECT] 
2026-05-05 02:49:09,667 [ERROR] LogOutputStream:75 - [STDERR_REDIRECT] [Fatal Error] :1:1: Premature end of file.
2026-05-05 02:49:09,668 [ERROR] LogOutputStream:75 - [STDERR_REDIRECT] 
2026-05-05 02:49:09,711 [ERROR] LogOutputStream:75 - [STDERR_REDIRECT] [Fatal Error] :1:1: Premature end of file.
2026-05-05 02:49:09,711 [ERROR] LogOutputStream:75 - [STDERR_REDIRECT] 
2026-05-05 02:49:09,753 [ERROR] LogOutputStream:75 - [STDERR_REDIRECT] [Fatal Error] :1:1: Premature end of file.
2026-05-05 02:49:09,753 [ERROR] LogOutputStream:75 - [STDERR_REDIRECT] 
2026-05-05 02:49:09,779 [ERROR] LogOutputStream:75 - [STDERR_REDIRECT] [Fatal Error] :1:1: Premature end of file.
2026-05-05 02:49:09,779 [ERROR] LogOutputStream:75 - [STDERR_REDIRECT] 
2026-05-05 02:49:09,805 [ERROR] LogOutputStream:75 - [STDERR_REDIRECT] [Fatal Error] :1:1: Premature end of file.
2026-05-05 02:49:09,805 [ERROR] LogOutputStream:75 - [STDERR_REDIRECT] 
2026-05-05 02:49:09,837 [ERROR] LogOutputStream:75 - [STDERR_REDIRECT] [Fatal Error] :1:1: Premature end of file.
2026-05-05 02:49:09,838 [ERROR] LogOutputStream:75 - [STDERR_REDIRECT] 
2026-05-05 02:49:09,851 [ERROR] LogOutputStream:75 - [STDERR_REDIRECT] [Fatal Error] :1:1: Premature end of file.
2026-05-05 02:49:09,851 [ERROR] LogOutputStream:75 - [STDERR_REDIRECT] 
2026-05-05 02:49:09,866 [ERROR] LogOutputStream:75 - [STDERR_REDIRECT] [Fatal Error] :1:1: Premature end of file.
2026-05-05 02:49:09,866 [ERROR] LogOutputStream:75 - [STDERR_REDIRECT] 
2026-05-05 02:49:09,880 [ERROR] LogOutputStream:75 - [STDERR_REDIRECT] [Fatal Error] :1:1: Premature end of file.
2026-05-05 02:49:09,880 [ERROR] LogOutputStream:75 - [STDERR_REDIRECT] 
2026-05-05 02:49:09,897 [ERROR] LogOutputStream:75 - [STDERR_REDIRECT] [Fatal Error] :1:1: Premature end of file.
2026-05-05 02:49:09,897 [ERROR] LogOutputStream:75 - [STDERR_REDIRECT] 
2026-05-05 02:49:09,911 [ERROR] LogOutputStream:75 - [STDERR_REDIRECT] [Fatal Error] :1:1: Premature end of file.
2026-05-05 02:49:09,911 [ERROR] LogOutputStream:75 - [STDERR_REDIRECT] 
2026-05-05 02:49:09,924 [ERROR] LogOutputStream:75 - [STDERR_REDIRECT] [Fatal Error] :1:1: Premature end of file.
2026-05-05 02:49:09,924 [ERROR] LogOutputStream:75 - [STDERR_REDIRECT] 
2026-05-05 02:49:09,938 [ERROR] LogOutputStream:75 - [STDERR_REDIRECT] [Fatal Error] :1:1: Premature end of file.
2026-05-05 02:49:09,938 [ERROR] LogOutputStream:75 - [STDERR_REDIRECT] 
2026-05-05 02:49:09,951 [ERROR] LogOutputStream:75 - [STDERR_REDIRECT] [Fatal Error] :1:1: Premature end of file.
2026-05-05 02:49:09,951 [ERROR] LogOutputStream:75 - [STDERR_REDIRECT] 
2026-05-05 02:49:09,965 [ERROR] LogOutputStream:75 - [STDERR_REDIRECT] [Fatal Error] :1:1: Premature end of file.
2026-05-05 02:49:09,965 [ERROR] LogOutputStream:75 - [STDERR_REDIRECT] 
2026-05-05 02:49:09,979 [ERROR] LogOutputStream:75 - [STDERR_REDIRECT] [Fatal Error] :1:1: Premature end of file.
2026-05-05 02:49:09,979 [ERROR] LogOutputStream:75 - [STDERR_REDIRECT] 
2026-05-05 02:49:09,992 [ERROR] LogOutputStream:75 - [STDERR_REDIRECT] [Fatal Error] :1:1: Premature end of file.
2026-05-05 02:49:09,992 [ERROR] LogOutputStream:75 - [STDERR_REDIRECT] 
2026-05-05 02:49:10,006 [ERROR] LogOutputStream:75 - [STDERR_REDIRECT] [Fatal Error] :1:1: Premature end of file.
2026-05-05 02:49:10,006 [ERROR] LogOutputStream:75 - [STDERR_REDIRECT] 
2026-05-05 02:49:10,019 [ERROR] LogOutputStream:75 - [STDERR_REDIRECT] [Fatal Error] :1:1: Premature end of file.
2026-05-05 02:49:10,019 [ERROR] LogOutputStream:75 - [STDERR_REDIRECT] 
2026-05-05 02:49:10,032 [ERROR] LogOutputStream:75 - [STDERR_REDIRECT] [Fatal Error] :1:1: Premature end of file.
2026-05-05 02:49:10,032 [ERROR] LogOutputStream:75 - [STDERR_REDIRECT] 
2026-05-05 02:49:10,050 [ERROR] LogOutputStream:75 - [STDERR_REDIRECT] [Fatal Error] :1:1: Premature end of file.
2026-05-05 02:49:10,050 [ERROR] LogOutputStream:75 - [STDERR_REDIRECT] 
2026-05-05 02:49:10,063 [ERROR] LogOutputStream:75 - [STDERR_REDIRECT] [Fatal Error] :1:1: Premature end of file.
2026-05-05 02:49:10,063 [ERROR] LogOutputStream:75 - [STDERR_REDIRECT] 
2026-05-05 02:49:10,078 [ERROR] LogOutputStream:75 - [STDERR_REDIRECT] [Fatal Error] :1:1: Premature end of file.
2026-05-05 02:49:10,078 [ERROR] LogOutputStream:75 - [STDERR_REDIRECT] 
2026-05-05 02:49:10,092 [ERROR] LogOutputStream:75 - [STDERR_REDIRECT] [Fatal Error] :1:1: Premature end of file.
2026-05-05 02:49:10,092 [ERROR] LogOutputStream:75 - [STDERR_REDIRECT] 
2026-05-05 02:49:10,107 [ERROR] LogOutputStream:75 - [STDERR_REDIRECT] [Fatal Error] :1:1: Premature end of file.
2026-05-05 02:49:10,107 [ERROR] LogOutputStream:75 - [STDERR_REDIRECT] 
2026-05-05 02:49:10,121 [ERROR] LogOutputStream:75 - [STDERR_REDIRECT] [Fatal Error] :1:1: Premature end of file.
2026-05-05 02:49:10,121 [ERROR] LogOutputStream:75 - [STDERR_REDIRECT] 
2026-05-05 02:49:10,135 [ERROR] LogOutputStream:75 - [STDERR_REDIRECT] [Fatal Error] :1:1: Premature end of file.
2026-05-05 02:49:10,135 [ERROR] LogOutputStream:75 - [STDERR_REDIRECT] 
2026-05-05 02:49:10,149 [ERROR] LogOutputStream:75 - [STDERR_REDIRECT] [Fatal Error] :1:1: Premature end of file.
2026-05-05 02:49:10,149 [ERROR] LogOutputStream:75 - [STDERR_REDIRECT] 
2026-05-05 02:49:10,163 [ERROR] LogOutputStream:75 - [STDERR_REDIRECT] [Fatal Error] :1:1: Premature end of file.
2026-05-05 02:49:10,163 [ERROR] LogOutputStream:75 - [STDERR_REDIRECT] 
2026-05-05 02:49:10,176 [ERROR] LogOutputStream:75 - [STDERR_REDIRECT] [Fatal Error] :1:1: Premature end of file.
2026-05-05 02:49:10,176 [ERROR] LogOutputStream:75 - [STDERR_REDIRECT] 
2026-05-05 02:49:10,189 [ERROR] LogOutputStream:75 - [STDERR_REDIRECT] [Fatal Error] :1:1: Premature end of file.
2026-05-05 02:49:10,189 [ERROR] LogOutputStream:75 - [STDERR_REDIRECT] 
2026-05-05 02:49:10,203 [ERROR] LogOutputStream:75 - [STDERR_REDIRECT] [Fatal Error] :1:1: Premature end of file.
2026-05-05 02:49:10,203 [ERROR] LogOutputStream:75 - [STDERR_REDIRECT] 
2026-05-05 02:49:10,216 [ERROR] LogOutputStream:75 - [STDERR_REDIRECT] [Fatal Error] :1:1: Premature end of file.
2026-05-05 02:49:10,216 [ERROR] LogOutputStream:75 - [STDERR_REDIRECT] 
2026-05-05 02:49:10,230 [ERROR] LogOutputStream:75 - [STDERR_REDIRECT] [Fatal Error] :1:1: Premature end of file.
2026-05-05 02:49:10,230 [ERROR] LogOutputStream:75 - [STDERR_REDIRECT] 
2026-05-05 02:49:10,243 [ERROR] LogOutputStream:75 - [STDERR_REDIRECT] [Fatal Error] :1:1: Premature end of file.
2026-05-05 02:49:10,243 [ERROR] LogOutputStream:75 - [STDERR_REDIRECT] 
2026-05-05 02:49:10,260 [ERROR] LogOutputStream:75 - [STDERR_REDIRECT] [Fatal Error] :1:1: Premature end of file.
2026-05-05 02:49:10,260 [ERROR] LogOutputStream:75 - [STDERR_REDIRECT] 
2026-05-05 02:49:10,273 [ERROR] LogOutputStream:75 - [STDERR_REDIRECT] [Fatal Error] :1:1: Premature end of file.
2026-05-05 02:49:10,273 [ERROR] LogOutputStream:75 - [STDERR_REDIRECT] 
2026-05-05 02:49:10,287 [ERROR] LogOutputStream:75 - [STDERR_REDIRECT] [Fatal Error] :1:1: Premature end of file.
2026-05-05 02:49:10,287 [ERROR] LogOutputStream:75 - [STDERR_REDIRECT] 
2026-05-05 02:49:10,301 [ERROR] LogOutputStream:75 - [STDERR_REDIRECT] [Fatal Error] :1:1: Premature end of file.
2026-05-05 02:49:10,301 [ERROR] LogOutputStream:75 - [STDERR_REDIRECT] 
2026-05-05 02:49:10,315 [ERROR] LogOutputStream:75 - [STDERR_REDIRECT] [Fatal Error] :1:1: Premature end of file.
2026-05-05 02:49:10,315 [ERROR] LogOutputStream:75 - [STDERR_REDIRECT] 
2026-05-05 02:49:10,330 [ERROR] LogOutputStream:75 - [STDERR_REDIRECT] [Fatal Error] :1:1: Premature end of file.
2026-05-05 02:49:10,330 [ERROR] LogOutputStream:75 - [STDERR_REDIRECT] 
2026-05-05 02:49:10,345 [ERROR] LogOutputStream:75 - [STDERR_REDIRECT] [Fatal Error] :1:1: Premature end of file.
2026-05-05 02:49:10,345 [ERROR] LogOutputStream:75 - [STDERR_REDIRECT] 
2026-05-05 02:49:10,360 [ERROR] LogOutputStream:75 - [STDERR_REDIRECT] [Fatal Error] :1:1: Premature end of file.
2026-05-05 02:49:10,360 [ERROR] LogOutputStream:75 - [STDERR_REDIRECT] 
2026-05-05 02:49:10,374 [ERROR] LogOutputStream:75 - [STDERR_REDIRECT] [Fatal Error] :1:1: Premature end of file.
2026-05-05 02:49:10,374 [ERROR] LogOutputStream:75 - [STDERR_REDIRECT] 
2026-05-05 02:49:10,387 [ERROR] LogOutputStream:75 - [STDERR_REDIRECT] [Fatal Error] :1:1: Premature end of file.
2026-05-05 02:49:10,387 [ERROR] LogOutputStream:75 - [STDERR_REDIRECT] 
2026-05-05 02:49:10,401 [ERROR] LogOutputStream:75 - [STDERR_REDIRECT] [Fatal Error] :1:1: Premature end of file.
2026-05-05 02:49:10,401 [ERROR] LogOutputStream:75 - [STDERR_REDIRECT] 
2026-05-05 02:49:10,414 [ERROR] LogOutputStream:75 - [STDERR_REDIRECT] [Fatal Error] :1:1: Premature end of file.
2026-05-05 02:49:10,414 [ERROR] LogOutputStream:75 - [STDERR_REDIRECT] 
2026-05-05 02:49:10,427 [ERROR] LogOutputStream:75 - [STDERR_REDIRECT] [Fatal Error] :1:1: Premature end of file.
2026-05-05 02:49:10,427 [ERROR] LogOutputStream:75 - [STDERR_REDIRECT] 
2026-05-05 02:49:10,441 [ERROR] LogOutputStream:75 - [STDERR_REDIRECT] [Fatal Error] :1:1: Premature end of file.
2026-05-05 02:49:10,441 [ERROR] LogOutputStream:75 - [STDERR_REDIRECT] 
2026-05-05 02:49:10,453 [ERROR] LogOutputStream:75 - [STDERR_REDIRECT] [Fatal Error] :1:1: Premature end of file.
2026-05-05 02:49:10,454 [ERROR] LogOutputStream:75 - [STDERR_REDIRECT] 
2026-05-05 02:49:10,467 [ERROR] LogOutputStream:75 - [STDERR_REDIRECT] [Fatal Error] :1:1: Premature end of file.
2026-05-05 02:49:10,467 [ERROR] LogOutputStream:75 - [STDERR_REDIRECT] 
2026-05-05 02:49:10,481 [ERROR] LogOutputStream:75 - [STDERR_REDIRECT] [Fatal Error] :1:1: Premature end of file.
2026-05-05 02:49:10,481 [ERROR] LogOutputStream:75 - [STDERR_REDIRECT] 
2026-05-05 02:49:10,495 [ERROR] LogOutputStream:75 - [STDERR_REDIRECT] [Fatal Error] :1:1: Premature end of file.
2026-05-05 02:49:10,495 [ERROR] LogOutputStream:75 - [STDERR_REDIRECT] 
2026-05-05 02:49:10,508 [ERROR] LogOutputStream:75 - [STDERR_REDIRECT] [Fatal Error] :1:1: Premature end of file.
2026-05-05 02:49:10,508 [ERROR] LogOutputStream:75 - [STDERR_REDIRECT] 
2026-05-05 02:49:10,521 [ERROR] LogOutputStream:75 - [STDERR_REDIRECT] [Fatal Error] :1:1: Premature end of file.
2026-05-05 02:49:10,521 [ERROR] LogOutputStream:75 - [STDERR_REDIRECT] 
2026-05-05 02:49:10,535 [ERROR] LogOutputStream:75 - [STDERR_REDIRECT] [Fatal Error] :1:1: Premature end of file.
2026-05-05 02:49:10,535 [ERROR] LogOutputStream:75 - [STDERR_REDIRECT] 
2026-05-05 02:49:10,548 [ERROR] LogOutputStream:75 - [STDERR_REDIRECT] [Fatal Error] :1:1: Premature end of file.
2026-05-05 02:49:10,548 [ERROR] LogOutputStream:75 - [STDERR_REDIRECT] 
2026-05-05 02:49:10,562 [ERROR] LogOutputStream:75 - [STDERR_REDIRECT] [Fatal Error] :1:1: Premature end of file.
2026-05-05 02:49:10,562 [ERROR] LogOutputStream:75 - [STDERR_REDIRECT] 
2026-05-05 02:49:10,575 [ERROR] LogOutputStream:75 - [STDERR_REDIRECT] [Fatal Error] :1:1: Premature end of file.
2026-05-05 02:49:10,575 [ERROR] LogOutputStream:75 - [STDERR_REDIRECT] 
2026-05-05 02:49:10,588 [ERROR] LogOutputStream:75 - [STDERR_REDIRECT] [Fatal Error] :1:1: Premature end of file.
2026-05-05 02:49:10,588 [ERROR] LogOutputStream:75 - [STDERR_REDIRECT] 
2026-05-05 02:49:10,601 [ERROR] LogOutputStream:75 - [STDERR_REDIRECT] [Fatal Error] :1:1: Premature end of file.
2026-05-05 02:49:10,601 [ERROR] LogOutputStream:75 - [STDERR_REDIRECT] 
2026-05-05 02:49:10,614 [ERROR] LogOutputStream:75 - [STDERR_REDIRECT] [Fatal Error] :1:1: Premature end of file.
2026-05-05 02:49:10,614 [ERROR] LogOutputStream:75 - [STDERR_REDIRECT] 
2026-05-05 02:49:10,628 [ERROR] LogOutputStream:75 - [STDERR_REDIRECT] [Fatal Error] :1:1: Premature end of file.
2026-05-05 02:49:10,629 [ERROR] LogOutputStream:75 - [STDERR_REDIRECT] 
2026-05-05 02:49:10,642 [ERROR] LogOutputStream:75 - [STDERR_REDIRECT] [Fatal Error] :1:1: Premature end of file.
2026-05-05 02:49:10,642 [ERROR] LogOutputStream:75 - [STDERR_REDIRECT] 
2026-05-05 02:49:10,656 [ERROR] LogOutputStream:75 - [STDERR_REDIRECT] [Fatal Error] :1:1: Premature end of file.
2026-05-05 02:49:10,656 [ERROR] LogOutputStream:75 - [STDERR_REDIRECT] 
2026-05-05 02:49:10,669 [ERROR] LogOutputStream:75 - [STDERR_REDIRECT] [Fatal Error] :1:1: Premature end of file.
2026-05-05 02:49:10,670 [ERROR] LogOutputStream:75 - [STDERR_REDIRECT] 
2026-05-05 02:49:10,685 [ERROR] LogOutputStream:75 - [STDERR_REDIRECT] [Fatal Error] :1:1: Premature end of file.
2026-05-05 02:49:10,685 [ERROR] LogOutputStream:75 - [STDERR_REDIRECT] 
2026-05-05 02:49:10,698 [ERROR] LogOutputStream:75 - [STDERR_REDIRECT] [Fatal Error] :1:1: Premature end of file.
2026-05-05 02:49:10,698 [ERROR] LogOutputStream:75 - [STDERR_REDIRECT] 
2026-05-05 02:49:10,712 [ERROR] LogOutputStream:75 - [STDERR_REDIRECT] [Fatal Error] :1:1: Premature end of file.
2026-05-05 02:49:10,712 [ERROR] LogOutputStream:75 - [STDERR_REDIRECT] 
2026-05-05 02:49:10,724 [ERROR] LogOutputStream:75 - [STDERR_REDIRECT] [Fatal Error] :1:1: Premature end of file.
2026-05-05 02:49:10,725 [ERROR] LogOutputStream:75 - [STDERR_REDIRECT] 
2026-05-05 02:49:10,737 [ERROR] LogOutputStream:75 - [STDERR_REDIRECT] [Fatal Error] :1:1: Premature end of file.
2026-05-05 02:49:10,737 [ERROR] LogOutputStream:75 - [STDERR_REDIRECT] 
2026-05-05 02:49:10,752 [ERROR] LogOutputStream:75 - [STDERR_REDIRECT] [Fatal Error] :1:1: Premature end of file.
2026-05-05 02:49:10,752 [ERROR] LogOutputStream:75 - [STDERR_REDIRECT] 
2026-05-05 02:49:10,766 [ERROR] LogOutputStream:75 - [STDERR_REDIRECT] [Fatal Error] :1:1: Premature end of file.
2026-05-05 02:49:10,766 [ERROR] LogOutputStream:75 - [STDERR_REDIRECT] 
2026-05-05 02:49:10,779 [ERROR] LogOutputStream:75 - [STDERR_REDIRECT] [Fatal Error] :1:1: Premature end of file.
2026-05-05 02:49:10,779 [ERROR] LogOutputStream:75 - [STDERR_REDIRECT] 
2026-05-05 02:49:10,792 [ERROR] LogOutputStream:75 - [STDERR_REDIRECT] [Fatal Error] :1:1: Premature end of file.
2026-05-05 02:49:10,792 [ERROR] LogOutputStream:75 - [STDERR_REDIRECT] 
2026-05-05 02:49:10,805 [ERROR] LogOutputStream:75 - [STDERR_REDIRECT] [Fatal Error] :1:1: Premature end of file.
2026-05-05 02:49:10,805 [ERROR] LogOutputStream:75 - [STDERR_REDIRECT] 
2026-05-05 02:49:10,819 [ERROR] LogOutputStream:75 - [STDERR_REDIRECT] [Fatal Error] :1:1: Premature end of file.
2026-05-05 02:49:10,819 [ERROR] LogOutputStream:75 - [STDERR_REDIRECT] 
2026-05-05 02:49:10,832 [ERROR] LogOutputStream:75 - [STDERR_REDIRECT] [Fatal Error] :1:1: Premature end of file.
2026-05-05 02:49:10,832 [ERROR] LogOutputStream:75 - [STDERR_REDIRECT] 
2026-05-05 02:49:10,846 [ERROR] LogOutputStream:75 - [STDERR_REDIRECT] [Fatal Error] :1:1: Premature end of file.
2026-05-05 02:49:10,846 [ERROR] LogOutputStream:75 - [STDERR_REDIRECT] 
2026-05-05 02:49:10,859 [ERROR] LogOutputStream:75 - [STDERR_REDIRECT] [Fatal Error] :1:1: Premature end of file.
2026-05-05 02:49:10,859 [ERROR] LogOutputStream:75 - [STDERR_REDIRECT] 
2026-05-05 02:49:10,872 [ERROR] LogOutputStream:75 - [STDERR_REDIRECT] [Fatal Error] :1:1: Premature end of file.
2026-05-05 02:49:10,872 [ERROR] LogOutputStream:75 - [STDERR_REDIRECT] 
2026-05-05 02:49:10,885 [ERROR] LogOutputStream:75 - [STDERR_REDIRECT] [Fatal Error] :1:1: Premature end of file.
2026-05-05 02:49:10,886 [ERROR] LogOutputStream:75 - [STDERR_REDIRECT] 
2026-05-05 02:49:10,899 [ERROR] LogOutputStream:75 - [STDERR_REDIRECT] [Fatal Error] :1:1: Premature end of file.
2026-05-05 02:49:10,899 [ERROR] LogOutputStream:75 - [STDERR_REDIRECT] 
2026-05-05 02:49:10,912 [ERROR] LogOutputStream:75 - [STDERR_REDIRECT] [Fatal Error] :1:1: Premature end of file.
2026-05-05 02:49:10,912 [ERROR] LogOutputStream:75 - [STDERR_REDIRECT] 
2026-05-05 02:49:10,925 [ERROR] LogOutputStream:75 - [STDERR_REDIRECT] [Fatal Error] :1:1: Premature end of file.
2026-05-05 02:49:10,925 [ERROR] LogOutputStream:75 - [STDERR_REDIRECT] 
2026-05-05 02:49:10,938 [ERROR] LogOutputStream:75 - [STDERR_REDIRECT] [Fatal Error] :1:1: Premature end of file.
2026-05-05 02:49:10,938 [ERROR] LogOutputStream:75 - [STDERR_REDIRECT] 
2026-05-05 02:49:10,952 [ERROR] LogOutputStream:75 - [STDERR_REDIRECT] [Fatal Error] :1:1: Premature end of file.
2026-05-05 02:49:10,952 [ERROR] LogOutputStream:75 - [STDERR_REDIRECT] 
2026-05-05 02:49:10,965 [ERROR] LogOutputStream:75 - [STDERR_REDIRECT] [Fatal Error] :1:1: Premature end of file.
2026-05-05 02:49:10,965 [ERROR] LogOutputStream:75 - [STDERR_REDIRECT] 
2026-05-05 02:49:10,979 [ERROR] LogOutputStream:75 - [STDERR_REDIRECT] [Fatal Error] :1:1: Premature end of file.
2026-05-05 02:49:10,979 [ERROR] LogOutputStream:75 - [STDERR_REDIRECT] 
2026-05-05 02:49:10,992 [ERROR] LogOutputStream:75 - [STDERR_REDIRECT] [Fatal Error] :1:1: Premature end of file.
2026-05-05 02:49:10,992 [ERROR] LogOutputStream:75 - [STDERR_REDIRECT] 
2026-05-05 02:49:11,006 [ERROR] LogOutputStream:75 - [STDERR_REDIRECT] [Fatal Error] :1:1: Premature end of file.
2026-05-05 02:49:11,006 [ERROR] LogOutputStream:75 - [STDERR_REDIRECT] 
2026-05-05 02:49:11,019 [ERROR] LogOutputStream:75 - [STDERR_REDIRECT] [Fatal Error] :1:1: Premature end of file.
2026-05-05 02:49:11,019 [ERROR] LogOutputStream:75 - [STDERR_REDIRECT] 
2026-05-05 02:49:11,032 [ERROR] LogOutputStream:75 - [STDERR_REDIRECT] [Fatal Error] :1:1: Premature end of file.
2026-05-05 02:49:11,033 [ERROR] LogOutputStream:75 - [STDERR_REDIRECT] 
2026-05-05 02:49:11,046 [ERROR] LogOutputStream:75 - [STDERR_REDIRECT] [Fatal Error] :1:1: Premature end of file.
2026-05-05 02:49:11,046 [ERROR] LogOutputStream:75 - [STDERR_REDIRECT] 
2026-05-05 02:49:11,059 [ERROR] LogOutputStream:75 - [STDERR_REDIRECT] [Fatal Error] :1:1: Premature end of file.
2026-05-05 02:49:11,059 [ERROR] LogOutputStream:75 - [STDERR_REDIRECT] 
2026-05-05 02:49:11,074 [ERROR] LogOutputStream:75 - [STDERR_REDIRECT] [Fatal Error] :1:1: Premature end of file.
2026-05-05 02:49:11,074 [ERROR] LogOutputStream:75 - [STDERR_REDIRECT] 
2026-05-05 02:49:11,087 [ERROR] LogOutputStream:75 - [STDERR_REDIRECT] [Fatal Error] :1:1: Premature end of file.
2026-05-05 02:49:11,087 [ERROR] LogOutputStream:75 - [STDERR_REDIRECT] 
2026-05-05 02:49:11,100 [ERROR] LogOutputStream:75 - [STDERR_REDIRECT] [Fatal Error] :1:1: Premature end of file.
2026-05-05 02:49:11,101 [ERROR] LogOutputStream:75 - [STDERR_REDIRECT] 
2026-05-05 02:49:11,113 [ERROR] LogOutputStream:75 - [STDERR_REDIRECT] [Fatal Error] :1:1: Premature end of file.
2026-05-05 02:49:11,114 [ERROR] LogOutputStream:75 - [STDERR_REDIRECT] 
2026-05-05 02:49:11,127 [ERROR] LogOutputStream:75 - [STDERR_REDIRECT] [Fatal Error] :1:1: Premature end of file.
2026-05-05 02:49:11,127 [ERROR] LogOutputStream:75 - [STDERR_REDIRECT] 
2026-05-05 02:49:11,140 [ERROR] LogOutputStream:75 - [STDERR_REDIRECT] [Fatal Error] :1:1: Premature end of file.
2026-05-05 02:49:11,140 [ERROR] LogOutputStream:75 - [STDERR_REDIRECT] 
2026-05-05 02:49:11,154 [ERROR] LogOutputStream:75 - [STDERR_REDIRECT] [Fatal Error] :1:1: Premature end of file.
2026-05-05 02:49:11,154 [ERROR] LogOutputStream:75 - [STDERR_REDIRECT] 
2026-05-05 02:49:11,167 [ERROR] LogOutputStream:75 - [STDERR_REDIRECT] [Fatal Error] :1:1: Premature end of file.
2026-05-05 02:49:11,167 [ERROR] LogOutputStream:75 - [STDERR_REDIRECT] 
2026-05-05 02:49:11,183 [ERROR] LogOutputStream:75 - [STDERR_REDIRECT] [Fatal Error] :1:1: Premature end of file.
2026-05-05 02:49:11,184 [ERROR] LogOutputStream:75 - [STDERR_REDIRECT] 
2026-05-05 02:49:11,197 [ERROR] LogOutputStream:75 - [STDERR_REDIRECT] [Fatal Error] :1:1: Premature end of file.
2026-05-05 02:49:11,197 [ERROR] LogOutputStream:75 - [STDERR_REDIRECT] 
2026-05-05 02:49:11,210 [ERROR] LogOutputStream:75 - [STDERR_REDIRECT] [Fatal Error] :1:1: Premature end of file.
2026-05-05 02:49:11,210 [ERROR] LogOutputStream:75 - [STDERR_REDIRECT] 
2026-05-05 02:49:11,223 [ERROR] LogOutputStream:75 - [STDERR_REDIRECT] [Fatal Error] :1:1: Premature end of file.
2026-05-05 02:49:11,223 [ERROR] LogOutputStream:75 - [STDERR_REDIRECT] 
2026-05-05 02:49:11,237 [ERROR] LogOutputStream:75 - [STDERR_REDIRECT] [Fatal Error] :1:1: Premature end of file.
2026-05-05 02:49:11,237 [ERROR] LogOutputStream:75 - [STDERR_REDIRECT] 
2026-05-05 02:49:11,251 [ERROR] LogOutputStream:75 - [STDERR_REDIRECT] [Fatal Error] :1:1: Premature end of file.
2026-05-05 02:49:11,251 [ERROR] LogOutputStream:75 - [STDERR_REDIRECT] 
2026-05-05 02:49:11,264 [ERROR] LogOutputStream:75 - [STDERR_REDIRECT] [Fatal Error] :1:1: Premature end of file.
2026-05-05 02:49:11,264 [ERROR] LogOutputStream:75 - [STDERR_REDIRECT] 
2026-05-05 02:49:11,277 [ERROR] LogOutputStream:75 - [STDERR_REDIRECT] [Fatal Error] :1:1: Premature end of file.
2026-05-05 02:49:11,277 [ERROR] LogOutputStream:75 - [STDERR_REDIRECT] 
2026-05-05 02:49:11,290 [ERROR] LogOutputStream:75 - [STDERR_REDIRECT] [Fatal Error] :1:1: Premature end of file.
2026-05-05 02:49:11,290 [ERROR] LogOutputStream:75 - [STDERR_REDIRECT] 
2026-05-05 02:49:11,305 [ERROR] LogOutputStream:75 - [STDERR_REDIRECT] [Fatal Error] :1:1: Premature end of file.
2026-05-05 02:49:11,305 [ERROR] LogOutputStream:75 - [STDERR_REDIRECT] 
2026-05-05 02:49:11,318 [ERROR] LogOutputStream:75 - [STDERR_REDIRECT] [Fatal Error] :1:1: Premature end of file.
2026-05-05 02:49:11,318 [ERROR] LogOutputStream:75 - [STDERR_REDIRECT] 
2026-05-05 02:49:11,331 [ERROR] LogOutputStream:75 - [STDERR_REDIRECT] [Fatal Error] :1:1: Premature end of file.
2026-05-05 02:49:11,331 [ERROR] LogOutputStream:75 - [STDERR_REDIRECT] 
2026-05-05 02:49:11,344 [ERROR] LogOutputStream:75 - [STDERR_REDIRECT] [Fatal Error] :1:1: Premature end of file.
2026-05-05 02:49:11,344 [ERROR] LogOutputStream:75 - [STDERR_REDIRECT] 
2026-05-05 02:49:11,359 [ERROR] LogOutputStream:75 - [STDERR_REDIRECT] [Fatal Error] :1:1: Premature end of file.
2026-05-05 02:49:11,359 [ERROR] LogOutputStream:75 - [STDERR_REDIRECT] 
2026-05-05 02:49:11,372 [ERROR] LogOutputStream:75 - [STDERR_REDIRECT] [Fatal Error] :1:1: Premature end of file.
2026-05-05 02:49:11,372 [ERROR] LogOutputStream:75 - [STDERR_REDIRECT] 
2026-05-05 02:49:11,385 [ERROR] LogOutputStream:75 - [STDERR_REDIRECT] [Fatal Error] :1:1: Premature end of file.
2026-05-05 02:49:11,385 [ERROR] LogOutputStream:75 - [STDERR_REDIRECT] 
2026-05-05 02:49:11,399 [ERROR] LogOutputStream:75 - [STDERR_REDIRECT] [Fatal Error] :1:1: Premature end of file.
2026-05-05 02:49:11,399 [ERROR] LogOutputStream:75 - [STDERR_REDIRECT] 
2026-05-05 02:49:11,412 [ERROR] LogOutputStream:75 - [STDERR_REDIRECT] [Fatal Error] :1:1: Premature end of file.
2026-05-05 02:49:11,412 [ERROR] LogOutputStream:75 - [STDERR_REDIRECT] 
2026-05-05 02:49:11,438 [ERROR] LogOutputStream:75 - [STDERR_REDIRECT] [Fatal Error] :1:1: Premature end of file.
2026-05-05 02:49:11,438 [ERROR] LogOutputStream:75 - [STDERR_REDIRECT] 
2026-05-05 02:49:11,453 [ERROR] LogOutputStream:75 - [STDERR_REDIRECT] [Fatal Error] :1:1: Premature end of file.
2026-05-05 02:49:11,453 [ERROR] LogOutputStream:75 - [STDERR_REDIRECT] 
2026-05-05 02:49:11,466 [ERROR] LogOutputStream:75 - [STDERR_REDIRECT] [Fatal Error] :1:1: Premature end of file.
2026-05-05 02:49:11,466 [ERROR] LogOutputStream:75 - [STDERR_REDIRECT] 
2026-05-05 02:49:11,479 [ERROR] LogOutputStream:75 - [STDERR_REDIRECT] [Fatal Error] :1:1: Premature end of file.
2026-05-05 02:49:11,479 [ERROR] LogOutputStream:75 - [STDERR_REDIRECT] 
2026-05-05 02:49:11,492 [ERROR] LogOutputStream:75 - [STDERR_REDIRECT] [Fatal Error] :1:1: Premature end of file.
2026-05-05 02:49:11,492 [ERROR] LogOutputStream:75 - [STDERR_REDIRECT] 
2026-05-05 02:49:11,505 [ERROR] LogOutputStream:75 - [STDERR_REDIRECT] [Fatal Error] :1:1: Premature end of file.
2026-05-05 02:49:11,505 [ERROR] LogOutputStream:75 - [STDERR_REDIRECT] 
2026-05-05 02:49:11,518 [ERROR] LogOutputStream:75 - [STDERR_REDIRECT] [Fatal Error] :1:1: Premature end of file.
2026-05-05 02:49:11,518 [ERROR] LogOutputStream:75 - [STDERR_REDIRECT] 
2026-05-05 02:49:11,530 [ERROR] LogOutputStream:75 - [STDERR_REDIRECT] [Fatal Error] :1:1: Premature end of file.
2026-05-05 02:49:11,530 [ERROR] LogOutputStream:75 - [STDERR_REDIRECT] 
2026-05-05 02:49:11,544 [ERROR] LogOutputStream:75 - [STDERR_REDIRECT] [Fatal Error] :1:1: Premature end of file.
2026-05-05 02:49:11,545 [ERROR] LogOutputStream:75 - [STDERR_REDIRECT] 
2026-05-05 02:49:11,558 [ERROR] LogOutputStream:75 - [STDERR_REDIRECT] [Fatal Error] :1:1: Premature end of file.
2026-05-05 02:49:11,558 [ERROR] LogOutputStream:75 - [STDERR_REDIRECT] 
2026-05-05 02:49:11,571 [ERROR] LogOutputStream:75 - [STDERR_REDIRECT] [Fatal Error] :1:1: Premature end of file.
2026-05-05 02:49:11,571 [ERROR] LogOutputStream:75 - [STDERR_REDIRECT] 
2026-05-05 02:49:11,584 [ERROR] LogOutputStream:75 - [STDERR_REDIRECT] [Fatal Error] :1:1: Premature end of file.
2026-05-05 02:49:11,584 [ERROR] LogOutputStream:75 - [STDERR_REDIRECT] 
2026-05-05 02:49:11,596 [ERROR] LogOutputStream:75 - [STDERR_REDIRECT] [Fatal Error] :1:1: Premature end of file.
2026-05-05 02:49:11,597 [ERROR] LogOutputStream:75 - [STDERR_REDIRECT] 
2026-05-05 02:49:11,610 [ERROR] LogOutputStream:75 - [STDERR_REDIRECT] [Fatal Error] :1:1: Premature end of file.
2026-05-05 02:49:11,610 [ERROR] LogOutputStream:75 - [STDERR_REDIRECT] 
2026-05-05 02:49:11,622 [ERROR] LogOutputStream:75 - [STDERR_REDIRECT] [Fatal Error] :1:1: Premature end of file.
2026-05-05 02:49:11,623 [ERROR] LogOutputStream:75 - [STDERR_REDIRECT] 
2026-05-05 02:49:11,636 [ERROR] LogOutputStream:75 - [STDERR_REDIRECT] [Fatal Error] :1:1: Premature end of file.
2026-05-05 02:49:11,636 [ERROR] LogOutputStream:75 - [STDERR_REDIRECT] 
2026-05-05 02:49:11,649 [ERROR] LogOutputStream:75 - [STDERR_REDIRECT] [Fatal Error] :1:1: Premature end of file.
2026-05-05 02:49:11,649 [ERROR] LogOutputStream:75 - [STDERR_REDIRECT] 
2026-05-05 02:49:11,662 [ERROR] LogOutputStream:75 - [STDERR_REDIRECT] [Fatal Error] :1:1: Premature end of file.
2026-05-05 02:49:11,662 [ERROR] LogOutputStream:75 - [STDERR_REDIRECT] 
2026-05-05 02:49:11,674 [ERROR] LogOutputStream:75 - [STDERR_REDIRECT] [Fatal Error] :1:1: Premature end of file.
2026-05-05 02:49:11,674 [ERROR] LogOutputStream:75 - [STDERR_REDIRECT] 
2026-05-05 02:49:11,687 [ERROR] LogOutputStream:75 - [STDERR_REDIRECT] [Fatal Error] :1:1: Premature end of file.
2026-05-05 02:49:11,687 [ERROR] LogOutputStream:75 - [STDERR_REDIRECT] 
2026-05-05 02:49:11,701 [ERROR] LogOutputStream:75 - [STDERR_REDIRECT] [Fatal Error] :1:1: Premature end of file.
2026-05-05 02:49:11,701 [ERROR] LogOutputStream:75 - [STDERR_REDIRECT] 
2026-05-05 02:49:11,714 [ERROR] LogOutputStream:75 - [STDERR_REDIRECT] [Fatal Error] :1:1: Premature end of file.
2026-05-05 02:49:11,714 [ERROR] LogOutputStream:75 - [STDERR_REDIRECT] 
2026-05-05 02:49:11,727 [ERROR] LogOutputStream:75 - [STDERR_REDIRECT] [Fatal Error] :1:1: Premature end of file.
2026-05-05 02:49:11,727 [ERROR] LogOutputStream:75 - [STDERR_REDIRECT] 
2026-05-05 02:49:11,739 [ERROR] LogOutputStream:75 - [STDERR_REDIRECT] [Fatal Error] :1:1: Premature end of file.
2026-05-05 02:49:11,739 [ERROR] LogOutputStream:75 - [STDERR_REDIRECT] 
2026-05-05 02:49:11,751 [ERROR] LogOutputStream:75 - [STDERR_REDIRECT] [Fatal Error] :1:1: Premature end of file.
2026-05-05 02:49:11,751 [ERROR] LogOutputStream:75 - [STDERR_REDIRECT] 
2026-05-05 02:49:11,763 [ERROR] LogOutputStream:75 - [STDERR_REDIRECT] [Fatal Error] :1:1: Premature end of file.
2026-05-05 02:49:11,763 [ERROR] LogOutputStream:75 - [STDERR_REDIRECT] 
2026-05-05 02:49:11,777 [ERROR] LogOutputStream:75 - [STDERR_REDIRECT] [Fatal Error] :1:1: Premature end of file.
2026-05-05 02:49:11,777 [ERROR] LogOutputStream:75 - [STDERR_REDIRECT] 
2026-05-05 02:49:11,789 [ERROR] LogOutputStream:75 - [STDERR_REDIRECT] [Fatal Error] :1:1: Premature end of file.
2026-05-05 02:49:11,789 [ERROR] LogOutputStream:75 - [STDERR_REDIRECT] 
2026-05-05 02:49:11,802 [ERROR] LogOutputStream:75 - [STDERR_REDIRECT] [Fatal Error] :1:1: Premature end of file.
2026-05-05 02:49:11,802 [ERROR] LogOutputStream:75 - [STDERR_REDIRECT] 
2026-05-05 02:49:11,816 [ERROR] LogOutputStream:75 - [STDERR_REDIRECT] [Fatal Error] :1:1: Premature end of file.
2026-05-05 02:49:11,816 [ERROR] LogOutputStream:75 - [STDERR_REDIRECT] 
2026-05-05 02:49:11,829 [ERROR] LogOutputStream:75 - [STDERR_REDIRECT] [Fatal Error] :1:1: Premature end of file.
2026-05-05 02:49:11,829 [ERROR] LogOutputStream:75 - [STDERR_REDIRECT] 
2026-05-05 02:49:11,841 [ERROR] LogOutputStream:75 - [STDERR_REDIRECT] [Fatal Error] :1:1: Premature end of file.
2026-05-05 02:49:11,841 [ERROR] LogOutputStream:75 - [STDERR_REDIRECT] 
2026-05-05 02:49:11,853 [ERROR] LogOutputStream:75 - [STDERR_REDIRECT] [Fatal Error] :1:1: Premature end of file.
2026-05-05 02:49:11,854 [ERROR] LogOutputStream:75 - [STDERR_REDIRECT] 
2026-05-05 02:49:11,867 [ERROR] LogOutputStream:75 - [STDERR_REDIRECT] [Fatal Error] :1:1: Premature end of file.
2026-05-05 02:49:11,867 [ERROR] LogOutputStream:75 - [STDERR_REDIRECT] 
2026-05-05 02:49:11,880 [ERROR] LogOutputStream:75 - [STDERR_REDIRECT] [Fatal Error] :1:1: Premature end of file.
2026-05-05 02:49:11,880 [ERROR] LogOutputStream:75 - [STDERR_REDIRECT] 
2026-05-05 02:49:11,893 [ERROR] LogOutputStream:75 - [STDERR_REDIRECT] [Fatal Error] :1:1: Premature end of file.
2026-05-05 02:49:11,893 [ERROR] LogOutputStream:75 - [STDERR_REDIRECT] 
2026-05-05 02:49:11,905 [ERROR] LogOutputStream:75 - [STDERR_REDIRECT] [Fatal Error] :1:1: Premature end of file.
2026-05-05 02:49:11,905 [ERROR] LogOutputStream:75 - [STDERR_REDIRECT] 
2026-05-05 02:49:11,917 [ERROR] LogOutputStream:75 - [STDERR_REDIRECT] [Fatal Error] :1:1: Premature end of file.
2026-05-05 02:49:11,917 [ERROR] LogOutputStream:75 - [STDERR_REDIRECT] 
2026-05-05 02:49:11,931 [ERROR] LogOutputStream:75 - [STDERR_REDIRECT] [Fatal Error] :1:1: Premature end of file.
2026-05-05 02:49:11,931 [ERROR] LogOutputStream:75 - [STDERR_REDIRECT] 
2026-05-05 02:49:11,943 [ERROR] LogOutputStream:75 - [STDERR_REDIRECT] [Fatal Error] :1:1: Premature end of file.
2026-05-05 02:49:11,943 [ERROR] LogOutputStream:75 - [STDERR_REDIRECT] 
2026-05-05 02:49:11,957 [ERROR] LogOutputStream:75 - [STDERR_REDIRECT] [Fatal Error] :1:1: Premature end of file.
2026-05-05 02:49:11,957 [ERROR] LogOutputStream:75 - [STDERR_REDIRECT] 
2026-05-05 02:49:11,968 [ERROR] LogOutputStream:75 - [STDERR_REDIRECT] [Fatal Error] :1:1: Premature end of file.
2026-05-05 02:49:11,968 [ERROR] LogOutputStream:75 - [STDERR_REDIRECT] 
2026-05-05 02:49:11,981 [ERROR] LogOutputStream:75 - [STDERR_REDIRECT] [Fatal Error] :1:1: Premature end of file.
2026-05-05 02:49:11,981 [ERROR] LogOutputStream:75 - [STDERR_REDIRECT] 
2026-05-05 02:49:11,994 [ERROR] LogOutputStream:75 - [STDERR_REDIRECT] [Fatal Error] :1:1: Premature end of file.
2026-05-05 02:49:11,994 [ERROR] LogOutputStream:75 - [STDERR_REDIRECT] 
2026-05-05 02:49:12,007 [ERROR] LogOutputStream:75 - [STDERR_REDIRECT] [Fatal Error] :1:1: Premature end of file.
2026-05-05 02:49:12,007 [ERROR] LogOutputStream:75 - [STDERR_REDIRECT] 
2026-05-05 02:49:12,019 [ERROR] LogOutputStream:75 - [STDERR_REDIRECT] [Fatal Error] :1:1: Premature end of file.
2026-05-05 02:49:12,020 [ERROR] LogOutputStream:75 - [STDERR_REDIRECT] 
2026-05-05 02:49:12,032 [ERROR] LogOutputStream:75 - [STDERR_REDIRECT] [Fatal Error] :1:1: Premature end of file.
2026-05-05 02:49:12,032 [ERROR] LogOutputStream:75 - [STDERR_REDIRECT] 
2026-05-05 02:49:12,045 [ERROR] LogOutputStream:75 - [STDERR_REDIRECT] [Fatal Error] :1:1: Premature end of file.
2026-05-05 02:49:12,045 [ERROR] LogOutputStream:75 - [STDERR_REDIRECT] 
2026-05-05 02:49:12,059 [ERROR] LogOutputStream:75 - [STDERR_REDIRECT] [Fatal Error] :1:1: Premature end of file.
2026-05-05 02:49:12,059 [ERROR] LogOutputStream:75 - [STDERR_REDIRECT] 
2026-05-05 02:49:12,072 [ERROR] LogOutputStream:75 - [STDERR_REDIRECT] [Fatal Error] :1:1: Premature end of file.
2026-05-05 02:49:12,072 [ERROR] LogOutputStream:75 - [STDERR_REDIRECT] 
2026-05-05 02:49:12,084 [ERROR] LogOutputStream:75 - [STDERR_REDIRECT] [Fatal Error] :1:1: Premature end of file.
2026-05-05 02:49:12,084 [ERROR] LogOutputStream:75 - [STDERR_REDIRECT] 
2026-05-05 02:49:12,099 [ERROR] LogOutputStream:75 - [STDERR_REDIRECT] [Fatal Error] :1:1: Premature end of file.
2026-05-05 02:49:12,099 [ERROR] LogOutputStream:75 - [STDERR_REDIRECT] 
2026-05-05 02:49:12,111 [ERROR] LogOutputStream:75 - [STDERR_REDIRECT] [Fatal Error] :1:1: Premature end of file.
2026-05-05 02:49:12,112 [ERROR] LogOutputStream:75 - [STDERR_REDIRECT] 
2026-05-05 02:49:12,124 [ERROR] LogOutputStream:75 - [STDERR_REDIRECT] [Fatal Error] :1:1: Premature end of file.
2026-05-05 02:49:12,124 [ERROR] LogOutputStream:75 - [STDERR_REDIRECT] 
2026-05-05 02:49:12,136 [ERROR] LogOutputStream:75 - [STDERR_REDIRECT] [Fatal Error] :1:1: Premature end of file.
2026-05-05 02:49:12,136 [ERROR] LogOutputStream:75 - [STDERR_REDIRECT] 
2026-05-05 02:49:12,150 [ERROR] LogOutputStream:75 - [STDERR_REDIRECT] [Fatal Error] :1:1: Premature end of file.
2026-05-05 02:49:12,150 [ERROR] LogOutputStream:75 - [STDERR_REDIRECT] 
2026-05-05 02:49:12,162 [ERROR] LogOutputStream:75 - [STDERR_REDIRECT] [Fatal Error] :1:1: Premature end of file.
2026-05-05 02:49:12,162 [ERROR] LogOutputStream:75 - [STDERR_REDIRECT] 
2026-05-05 02:49:12,174 [ERROR] LogOutputStream:75 - [STDERR_REDIRECT] [Fatal Error] :1:1: Premature end of file.
2026-05-05 02:49:12,174 [ERROR] LogOutputStream:75 - [STDERR_REDIRECT] 
2026-05-05 02:49:12,187 [ERROR] LogOutputStream:75 - [STDERR_REDIRECT] [Fatal Error] :1:1: Premature end of file.
2026-05-05 02:49:12,187 [ERROR] LogOutputStream:75 - [STDERR_REDIRECT] 
2026-05-05 02:49:12,200 [ERROR] LogOutputStream:75 - [STDERR_REDIRECT] [Fatal Error] :1:1: Premature end of file.
2026-05-05 02:49:12,200 [ERROR] LogOutputStream:75 - [STDERR_REDIRECT] 
2026-05-05 02:49:12,213 [ERROR] LogOutputStream:75 - [STDERR_REDIRECT] [Fatal Error] :1:1: Premature end of file.
2026-05-05 02:49:12,213 [ERROR] LogOutputStream:75 - [STDERR_REDIRECT] 
2026-05-05 02:49:12,225 [ERROR] LogOutputStream:75 - [STDERR_REDIRECT] [Fatal Error] :1:1: Premature end of file.
2026-05-05 02:49:12,225 [ERROR] LogOutputStream:75 - [STDERR_REDIRECT] 
2026-05-05 02:49:12,238 [ERROR] LogOutputStream:75 - [STDERR_REDIRECT] [Fatal Error] :1:1: Premature end of file.
2026-05-05 02:49:12,238 [ERROR] LogOutputStream:75 - [STDERR_REDIRECT] 
2026-05-05 02:49:12,251 [ERROR] LogOutputStream:75 - [STDERR_REDIRECT] [Fatal Error] :1:1: Premature end of file.
2026-05-05 02:49:12,251 [ERROR] LogOutputStream:75 - [STDERR_REDIRECT] 
2026-05-05 02:49:12,263 [ERROR] LogOutputStream:75 - [STDERR_REDIRECT] [Fatal Error] :1:1: Premature end of file.
2026-05-05 02:49:12,264 [ERROR] LogOutputStream:75 - [STDERR_REDIRECT] 
2026-05-05 02:49:12,276 [ERROR] LogOutputStream:75 - [STDERR_REDIRECT] [Fatal Error] :1:1: Premature end of file.
2026-05-05 02:49:12,277 [ERROR] LogOutputStream:75 - [STDERR_REDIRECT] 
2026-05-05 02:49:12,290 [ERROR] LogOutputStream:75 - [STDERR_REDIRECT] [Fatal Error] :1:1: Premature end of file.
2026-05-05 02:49:12,290 [ERROR] LogOutputStream:75 - [STDERR_REDIRECT] 
2026-05-05 02:49:12,303 [ERROR] LogOutputStream:75 - [STDERR_REDIRECT] [Fatal Error] :1:1: Premature end of file.
2026-05-05 02:49:12,303 [ERROR] LogOutputStream:75 - [STDERR_REDIRECT] 
2026-05-05 02:49:12,316 [ERROR] LogOutputStream:75 - [STDERR_REDIRECT] [Fatal Error] :1:1: Premature end of file.
2026-05-05 02:49:12,316 [ERROR] LogOutputStream:75 - [STDERR_REDIRECT] 
2026-05-05 02:49:12,329 [ERROR] LogOutputStream:75 - [STDERR_REDIRECT] [Fatal Error] :1:1: Premature end of file.
2026-05-05 02:49:12,329 [ERROR] LogOutputStream:75 - [STDERR_REDIRECT] 
2026-05-05 02:49:12,342 [ERROR] LogOutputStream:75 - [STDERR_REDIRECT] [Fatal Error] :1:1: Premature end of file.
2026-05-05 02:49:12,343 [ERROR] LogOutputStream:75 - [STDERR_REDIRECT] 
2026-05-05 02:49:12,356 [ERROR] LogOutputStream:75 - [STDERR_REDIRECT] [Fatal Error] :1:1: Premature end of file.
2026-05-05 02:49:12,356 [ERROR] LogOutputStream:75 - [STDERR_REDIRECT] 
2026-05-05 02:49:12,370 [ERROR] LogOutputStream:75 - [STDERR_REDIRECT] [Fatal Error] :1:1: Premature end of file.
2026-05-05 02:49:12,370 [ERROR] LogOutputStream:75 - [STDERR_REDIRECT] 
2026-05-05 02:49:12,384 [ERROR] LogOutputStream:75 - [STDERR_REDIRECT] [Fatal Error] :1:1: Premature end of file.
2026-05-05 02:49:12,384 [ERROR] LogOutputStream:75 - [STDERR_REDIRECT] 
2026-05-05 02:49:12,397 [ERROR] LogOutputStream:75 - [STDERR_REDIRECT] [Fatal Error] :1:1: Premature end of file.
2026-05-05 02:49:12,397 [ERROR] LogOutputStream:75 - [STDERR_REDIRECT] 
2026-05-05 02:49:12,409 [ERROR] LogOutputStream:75 - [STDERR_REDIRECT] [Fatal Error] :1:1: Premature end of file.
2026-05-05 02:49:12,409 [ERROR] LogOutputStream:75 - [STDERR_REDIRECT] 
2026-05-05 02:49:12,422 [ERROR] LogOutputStream:75 - [STDERR_REDIRECT] [Fatal Error] :1:1: Premature end of file.
2026-05-05 02:49:12,422 [ERROR] LogOutputStream:75 - [STDERR_REDIRECT] 
2026-05-05 02:49:12,435 [ERROR] LogOutputStream:75 - [STDERR_REDIRECT] [Fatal Error] :1:1: Premature end of file.
2026-05-05 02:49:12,435 [ERROR] LogOutputStream:75 - [STDERR_REDIRECT] 
2026-05-05 02:49:12,448 [ERROR] LogOutputStream:75 - [STDERR_REDIRECT] [Fatal Error] :1:1: Premature end of file.
2026-05-05 02:49:12,448 [ERROR] LogOutputStream:75 - [STDERR_REDIRECT] 
2026-05-05 02:49:12,460 [ERROR] LogOutputStream:75 - [STDERR_REDIRECT] [Fatal Error] :1:1: Premature end of file.
2026-05-05 02:49:12,460 [ERROR] LogOutputStream:75 - [STDERR_REDIRECT] 
2026-05-05 02:49:12,473 [ERROR] LogOutputStream:75 - [STDERR_REDIRECT] [Fatal Error] :1:1: Premature end of file.
2026-05-05 02:49:12,473 [ERROR] LogOutputStream:75 - [STDERR_REDIRECT] 
2026-05-05 02:49:12,487 [ERROR] LogOutputStream:75 - [STDERR_REDIRECT] [Fatal Error] :1:1: Premature end of file.
2026-05-05 02:49:12,487 [ERROR] LogOutputStream:75 - [STDERR_REDIRECT] 
2026-05-05 02:49:12,501 [ERROR] LogOutputStream:75 - [STDERR_REDIRECT] [Fatal Error] :1:1: Premature end of file.
2026-05-05 02:49:12,501 [ERROR] LogOutputStream:75 - [STDERR_REDIRECT] 
2026-05-05 02:49:12,513 [ERROR] LogOutputStream:75 - [STDERR_REDIRECT] [Fatal Error] :1:1: Premature end of file.
2026-05-05 02:49:12,514 [ERROR] LogOutputStream:75 - [STDERR_REDIRECT] 
2026-05-05 02:49:12,526 [ERROR] LogOutputStream:75 - [STDERR_REDIRECT] [Fatal Error] :1:1: Premature end of file.
2026-05-05 02:49:12,527 [ERROR] LogOutputStream:75 - [STDERR_REDIRECT] 
2026-05-05 02:49:12,540 [ERROR] LogOutputStream:75 - [STDERR_REDIRECT] [Fatal Error] :1:1: Premature end of file.
2026-05-05 02:49:12,540 [ERROR] LogOutputStream:75 - [STDERR_REDIRECT] 
2026-05-05 02:49:12,553 [ERROR] LogOutputStream:75 - [STDERR_REDIRECT] [Fatal Error] :1:1: Premature end of file.
2026-05-05 02:49:12,553 [ERROR] LogOutputStream:75 - [STDERR_REDIRECT] 
2026-05-05 02:49:12,566 [ERROR] LogOutputStream:75 - [STDERR_REDIRECT] [Fatal Error] :1:1: Premature end of file.
2026-05-05 02:49:12,566 [ERROR] LogOutputStream:75 - [STDERR_REDIRECT] 
2026-05-05 02:49:12,579 [ERROR] LogOutputStream:75 - [STDERR_REDIRECT] [Fatal Error] :1:1: Premature end of file.
2026-05-05 02:49:12,579 [ERROR] LogOutputStream:75 - [STDERR_REDIRECT] 
2026-05-05 02:49:12,591 [ERROR] LogOutputStream:75 - [STDERR_REDIRECT] [Fatal Error] :1:1: Premature end of file.
2026-05-05 02:49:12,591 [ERROR] LogOutputStream:75 - [STDERR_REDIRECT] 
2026-05-05 02:49:12,604 [ERROR] LogOutputStream:75 - [STDERR_REDIRECT] [Fatal Error] :1:1: Premature end of file.
2026-05-05 02:49:12,604 [ERROR] LogOutputStream:75 - [STDERR_REDIRECT] 
2026-05-05 02:49:12,617 [ERROR] LogOutputStream:75 - [STDERR_REDIRECT] [Fatal Error] :1:1: Premature end of file.
2026-05-05 02:49:12,617 [ERROR] LogOutputStream:75 - [STDERR_REDIRECT] 
2026-05-05 02:49:12,631 [ERROR] LogOutputStream:75 - [STDERR_REDIRECT] [Fatal Error] :1:1: Premature end of file.
2026-05-05 02:49:12,631 [ERROR] LogOutputStream:75 - [STDERR_REDIRECT] 
2026-05-05 02:49:12,646 [ERROR] LogOutputStream:75 - [STDERR_REDIRECT] [Fatal Error] :1:1: Premature end of file.
2026-05-05 02:49:12,646 [ERROR] LogOutputStream:75 - [STDERR_REDIRECT] 
2026-05-05 02:49:12,658 [ERROR] LogOutputStream:75 - [STDERR_REDIRECT] [Fatal Error] :1:1: Premature end of file.
2026-05-05 02:49:12,658 [ERROR] LogOutputStream:75 - [STDERR_REDIRECT] 
2026-05-05 02:49:12,671 [ERROR] LogOutputStream:75 - [STDERR_REDIRECT] [Fatal Error] :1:1: Premature end of file.
2026-05-05 02:49:12,672 [ERROR] LogOutputStream:75 - [STDERR_REDIRECT] 
2026-05-05 02:49:12,685 [ERROR] LogOutputStream:75 - [STDERR_REDIRECT] [Fatal Error] :1:1: Premature end of file.
2026-05-05 02:49:12,685 [ERROR] LogOutputStream:75 - [STDERR_REDIRECT] 
2026-05-05 02:49:12,697 [ERROR] LogOutputStream:75 - [STDERR_REDIRECT] [Fatal Error] :1:1: Premature end of file.
2026-05-05 02:49:12,697 [ERROR] LogOutputStream:75 - [STDERR_REDIRECT] 
2026-05-05 02:49:12,709 [ERROR] LogOutputStream:75 - [STDERR_REDIRECT] [Fatal Error] :1:1: Premature end of file.
2026-05-05 02:49:12,709 [ERROR] LogOutputStream:75 - [STDERR_REDIRECT] 
2026-05-05 02:49:12,722 [ERROR] LogOutputStream:75 - [STDERR_REDIRECT] [Fatal Error] :1:1: Premature end of file.
2026-05-05 02:49:12,723 [ERROR] LogOutputStream:75 - [STDERR_REDIRECT] 
2026-05-05 02:49:12,735 [ERROR] LogOutputStream:75 - [STDERR_REDIRECT] [Fatal Error] :1:1: Premature end of file.
2026-05-05 02:49:12,735 [ERROR] LogOutputStream:75 - [STDERR_REDIRECT] 
2026-05-05 02:49:12,748 [ERROR] LogOutputStream:75 - [STDERR_REDIRECT] [Fatal Error] :1:1: Premature end of file.
2026-05-05 02:49:12,748 [ERROR] LogOutputStream:75 - [STDERR_REDIRECT] 
2026-05-05 02:49:12,760 [ERROR] LogOutputStream:75 - [STDERR_REDIRECT] [Fatal Error] :1:1: Premature end of file.
2026-05-05 02:49:12,761 [ERROR] LogOutputStream:75 - [STDERR_REDIRECT] 
2026-05-05 02:49:12,779 [ERROR] LogOutputStream:75 - [STDERR_REDIRECT] [Fatal Error] :1:1: Premature end of file.
2026-05-05 02:49:12,779 [ERROR] LogOutputStream:75 - [STDERR_REDIRECT] 
2026-05-05 02:49:12,793 [ERROR] LogOutputStream:75 - [STDERR_REDIRECT] [Fatal Error] :1:1: Premature end of file.
2026-05-05 02:49:12,793 [ERROR] LogOutputStream:75 - [STDERR_REDIRECT] 
2026-05-05 02:49:12,806 [ERROR] LogOutputStream:75 - [STDERR_REDIRECT] [Fatal Error] :1:1: Premature end of file.
2026-05-05 02:49:12,806 [ERROR] LogOutputStream:75 - [STDERR_REDIRECT] 
2026-05-05 02:49:12,819 [ERROR] LogOutputStream:75 - [STDERR_REDIRECT] [Fatal Error] :1:1: Premature end of file.
2026-05-05 02:49:12,819 [ERROR] LogOutputStream:75 - [STDERR_REDIRECT] 
2026-05-05 02:49:12,834 [ERROR] LogOutputStream:75 - [STDERR_REDIRECT] [Fatal Error] :1:1: Premature end of file.
2026-05-05 02:49:12,834 [ERROR] LogOutputStream:75 - [STDERR_REDIRECT] 
2026-05-05 02:49:12,847 [ERROR] LogOutputStream:75 - [STDERR_REDIRECT] [Fatal Error] :1:1: Premature end of file.
2026-05-05 02:49:12,847 [ERROR] LogOutputStream:75 - [STDERR_REDIRECT] 
2026-05-05 02:49:12,859 [ERROR] LogOutputStream:75 - [STDERR_REDIRECT] [Fatal Error] :1:1: Premature end of file.
2026-05-05 02:49:12,859 [ERROR] LogOutputStream:75 - [STDERR_REDIRECT] 
2026-05-05 02:49:12,871 [ERROR] LogOutputStream:75 - [STDERR_REDIRECT] [Fatal Error] :1:1: Premature end of file.
2026-05-05 02:49:12,871 [ERROR] LogOutputStream:75 - [STDERR_REDIRECT] 
2026-05-05 02:49:12,886 [ERROR] LogOutputStream:75 - [STDERR_REDIRECT] [Fatal Error] :1:1: Premature end of file.
2026-05-05 02:49:12,886 [ERROR] LogOutputStream:75 - [STDERR_REDIRECT] 
2026-05-05 02:49:12,899 [ERROR] LogOutputStream:75 - [STDERR_REDIRECT] [Fatal Error] :1:1: Premature end of file.
2026-05-05 02:49:12,899 [ERROR] LogOutputStream:75 - [STDERR_REDIRECT] 
2026-05-05 02:49:12,911 [ERROR] LogOutputStream:75 - [STDERR_REDIRECT] [Fatal Error] :1:1: Premature end of file.
2026-05-05 02:49:12,912 [ERROR] LogOutputStream:75 - [STDERR_REDIRECT] 
2026-05-05 02:49:12,924 [ERROR] LogOutputStream:75 - [STDERR_REDIRECT] [Fatal Error] :1:1: Premature end of file.
2026-05-05 02:49:12,924 [ERROR] LogOutputStream:75 - [STDERR_REDIRECT] 
2026-05-05 02:49:12,937 [ERROR] LogOutputStream:75 - [STDERR_REDIRECT] [Fatal Error] :1:1: Premature end of file.
2026-05-05 02:49:12,937 [ERROR] LogOutputStream:75 - [STDERR_REDIRECT] 
2026-05-05 02:49:12,949 [ERROR] LogOutputStream:75 - [STDERR_REDIRECT] [Fatal Error] :1:1: Premature end of file.
2026-05-05 02:49:12,949 [ERROR] LogOutputStream:75 - [STDERR_REDIRECT] 
2026-05-05 02:49:12,961 [ERROR] LogOutputStream:75 - [STDERR_REDIRECT] [Fatal Error] :1:1: Premature end of file.
2026-05-05 02:49:12,961 [ERROR] LogOutputStream:75 - [STDERR_REDIRECT] 
2026-05-05 02:49:12,975 [ERROR] LogOutputStream:75 - [STDERR_REDIRECT] [Fatal Error] :1:1: Premature end of file.
2026-05-05 02:49:12,975 [ERROR] LogOutputStream:75 - [STDERR_REDIRECT] 
2026-05-05 02:49:12,987 [ERROR] LogOutputStream:75 - [STDERR_REDIRECT] [Fatal Error] :1:1: Premature end of file.
2026-05-05 02:49:12,987 [ERROR] LogOutputStream:75 - [STDERR_REDIRECT] 
2026-05-05 02:49:13,000 [ERROR] LogOutputStream:75 - [STDERR_REDIRECT] [Fatal Error] :1:1: Premature end of file.
2026-05-05 02:49:13,000 [ERROR] LogOutputStream:75 - [STDERR_REDIRECT] 
2026-05-05 02:49:13,013 [ERROR] LogOutputStream:75 - [STDERR_REDIRECT] [Fatal Error] :1:1: Premature end of file.
2026-05-05 02:49:13,013 [ERROR] LogOutputStream:75 - [STDERR_REDIRECT] 
2026-05-05 02:49:13,025 [ERROR] LogOutputStream:75 - [STDERR_REDIRECT] [Fatal Error] :1:1: Premature end of file.
2026-05-05 02:49:13,025 [ERROR] LogOutputStream:75 - [STDERR_REDIRECT] 
2026-05-05 02:49:13,039 [ERROR] LogOutputStream:75 - [STDERR_REDIRECT] [Fatal Error] :1:1: Premature end of file.
2026-05-05 02:49:13,039 [ERROR] LogOutputStream:75 - [STDERR_REDIRECT] 
2026-05-05 02:49:13,053 [ERROR] LogOutputStream:75 - [STDERR_REDIRECT] [Fatal Error] :1:1: Premature end of file.
2026-05-05 02:49:13,053 [ERROR] LogOutputStream:75 - [STDERR_REDIRECT] 
2026-05-05 02:49:13,067 [ERROR] LogOutputStream:75 - [STDERR_REDIRECT] [Fatal Error] :1:1: Premature end of file.
2026-05-05 02:49:13,067 [ERROR] LogOutputStream:75 - [STDERR_REDIRECT] 
2026-05-05 02:49:13,081 [ERROR] LogOutputStream:75 - [STDERR_REDIRECT] [Fatal Error] :1:1: Premature end of file.
2026-05-05 02:49:13,081 [ERROR] LogOutputStream:75 - [STDERR_REDIRECT] 
2026-05-05 02:49:13,095 [ERROR] LogOutputStream:75 - [STDERR_REDIRECT] [Fatal Error] :1:1: Premature end of file.
2026-05-05 02:49:13,095 [ERROR] LogOutputStream:75 - [STDERR_REDIRECT] 
2026-05-05 02:49:13,109 [ERROR] LogOutputStream:75 - [STDERR_REDIRECT] [Fatal Error] :1:1: Premature end of file.
2026-05-05 02:49:13,109 [ERROR] LogOutputStream:75 - [STDERR_REDIRECT] 
2026-05-05 02:49:13,121 [ERROR] LogOutputStream:75 - [STDERR_REDIRECT] [Fatal Error] :1:1: Premature end of file.
2026-05-05 02:49:13,121 [ERROR] LogOutputStream:75 - [STDERR_REDIRECT] 
2026-05-05 02:49:13,134 [ERROR] LogOutputStream:75 - [STDERR_REDIRECT] [Fatal Error] :1:1: Premature end of file.
2026-05-05 02:49:13,134 [ERROR] LogOutputStream:75 - [STDERR_REDIRECT] 
2026-05-05 02:49:13,152 [ERROR] LogOutputStream:75 - [STDERR_REDIRECT] [Fatal Error] :1:1: Premature end of file.
2026-05-05 02:49:13,152 [ERROR] LogOutputStream:75 - [STDERR_REDIRECT] 
2026-05-05 02:49:13,165 [ERROR] LogOutputStream:75 - [STDERR_REDIRECT] [Fatal Error] :1:1: Premature end of file.
2026-05-05 02:49:13,165 [ERROR] LogOutputStream:75 - [STDERR_REDIRECT] 
2026-05-05 02:49:13,178 [ERROR] LogOutputStream:75 - [STDERR_REDIRECT] [Fatal Error] :1:1: Premature end of file.
2026-05-05 02:49:13,178 [ERROR] LogOutputStream:75 - [STDERR_REDIRECT] 
2026-05-05 02:49:13,190 [ERROR] LogOutputStream:75 - [STDERR_REDIRECT] [Fatal Error] :1:1: Premature end of file.
2026-05-05 02:49:13,190 [ERROR] LogOutputStream:75 - [STDERR_REDIRECT] 
2026-05-05 02:49:13,203 [ERROR] LogOutputStream:75 - [STDERR_REDIRECT] [Fatal Error] :1:1: Premature end of file.
2026-05-05 02:49:13,203 [ERROR] LogOutputStream:75 - [STDERR_REDIRECT] 
2026-05-05 02:49:13,215 [ERROR] LogOutputStream:75 - [STDERR_REDIRECT] [Fatal Error] :1:1: Premature end of file.
2026-05-05 02:49:13,215 [ERROR] LogOutputStream:75 - [STDERR_REDIRECT] 
2026-05-05 02:49:13,228 [ERROR] LogOutputStream:75 - [STDERR_REDIRECT] [Fatal Error] :1:1: Premature end of file.
2026-05-05 02:49:13,228 [ERROR] LogOutputStream:75 - [STDERR_REDIRECT] 
2026-05-05 02:49:13,240 [ERROR] LogOutputStream:75 - [STDERR_REDIRECT] [Fatal Error] :1:1: Premature end of file.
2026-05-05 02:49:13,241 [ERROR] LogOutputStream:75 - [STDERR_REDIRECT] 
2026-05-05 02:49:13,256 [ERROR] LogOutputStream:75 - [STDERR_REDIRECT] [Fatal Error] :1:1: Premature end of file.
2026-05-05 02:49:13,256 [ERROR] LogOutputStream:75 - [STDERR_REDIRECT] 
2026-05-05 02:49:13,268 [ERROR] LogOutputStream:75 - [STDERR_REDIRECT] [Fatal Error] :1:1: Premature end of file.
2026-05-05 02:49:13,268 [ERROR] LogOutputStream:75 - [STDERR_REDIRECT] 
2026-05-05 02:49:13,281 [ERROR] LogOutputStream:75 - [STDERR_REDIRECT] [Fatal Error] :1:1: Premature end of file.
2026-05-05 02:49:13,281 [ERROR] LogOutputStream:75 - [STDERR_REDIRECT] 
2026-05-05 02:49:13,295 [ERROR] LogOutputStream:75 - [STDERR_REDIRECT] [Fatal Error] :1:1: Premature end of file.
2026-05-05 02:49:13,295 [ERROR] LogOutputStream:75 - [STDERR_REDIRECT] 
2026-05-05 02:49:13,309 [ERROR] LogOutputStream:75 - [STDERR_REDIRECT] [Fatal Error] :1:1: Premature end of file.
2026-05-05 02:49:13,309 [ERROR] LogOutputStream:75 - [STDERR_REDIRECT] 
2026-05-05 02:49:13,321 [ERROR] LogOutputStream:75 - [STDERR_REDIRECT] [Fatal Error] :1:1: Premature end of file.
2026-05-05 02:49:13,322 [ERROR] LogOutputStream:75 - [STDERR_REDIRECT] 
2026-05-05 02:49:13,333 [ERROR] LogOutputStream:75 - [STDERR_REDIRECT] [Fatal Error] :1:1: Premature end of file.
2026-05-05 02:49:13,334 [ERROR] LogOutputStream:75 - [STDERR_REDIRECT] 
2026-05-05 02:49:13,346 [ERROR] LogOutputStream:75 - [STDERR_REDIRECT] [Fatal Error] :1:1: Premature end of file.
2026-05-05 02:49:13,346 [ERROR] LogOutputStream:75 - [STDERR_REDIRECT] 
2026-05-05 02:49:13,360 [ERROR] LogOutputStream:75 - [STDERR_REDIRECT] [Fatal Error] :1:1: Premature end of file.
2026-05-05 02:49:13,360 [ERROR] LogOutputStream:75 - [STDERR_REDIRECT] 
2026-05-05 02:49:13,373 [ERROR] LogOutputStream:75 - [STDERR_REDIRECT] [Fatal Error] :1:1: Premature end of file.
2026-05-05 02:49:13,373 [ERROR] LogOutputStream:75 - [STDERR_REDIRECT] 
2026-05-05 02:49:13,386 [ERROR] LogOutputStream:75 - [STDERR_REDIRECT] [Fatal Error] :1:1: Premature end of file.
2026-05-05 02:49:13,386 [ERROR] LogOutputStream:75 - [STDERR_REDIRECT] 
2026-05-05 02:49:13,399 [ERROR] LogOutputStream:75 - [STDERR_REDIRECT] [Fatal Error] :1:1: Premature end of file.
2026-05-05 02:49:13,400 [ERROR] LogOutputStream:75 - [STDERR_REDIRECT] 
2026-05-05 02:49:13,404 [ERROR] LogOutputStream:75 - [STDERR_REDIRECT] [Fatal Error] :1:1: Premature end of file.
2026-05-05 02:49:13,404 [ERROR] LogOutputStream:75 - [STDERR_REDIRECT] 
2026-05-05 02:49:13,419 [ERROR] LogOutputStream:75 - [STDERR_REDIRECT] [Fatal Error] :1:1: Premature end of file.
2026-05-05 02:49:13,419 [ERROR] LogOutputStream:75 - [STDERR_REDIRECT] 
2026-05-05 02:49:13,435 [ERROR] LogOutputStream:75 - [STDERR_REDIRECT] [Fatal Error] :1:1: Premature end of file.
2026-05-05 02:49:13,435 [ERROR] LogOutputStream:75 - [STDERR_REDIRECT] 
2026-05-05 02:49:13,435 [ERROR] LogOutputStream:75 - [STDERR_REDIRECT] [Fatal Error] :1:1: Premature end of file.
2026-05-05 02:49:13,435 [ERROR] LogOutputStream:75 - [STDERR_REDIRECT] 
2026-05-05 02:49:13,456 [ERROR] LogOutputStream:75 - [STDERR_REDIRECT] [Fatal Error] :1:1: Premature end of file.
2026-05-05 02:49:13,456 [ERROR] LogOutputStream:75 - [STDERR_REDIRECT] 
2026-05-05 02:49:13,467 [ERROR] LogOutputStream:75 - [STDERR_REDIRECT] [Fatal Error] :1:1: Premature end of file.
2026-05-05 02:49:13,467 [ERROR] LogOutputStream:75 - [STDERR_REDIRECT] 
2026-05-05 02:49:13,467 [ERROR] LogOutputStream:75 - [STDERR_REDIRECT] [Fatal Error] :1:1: Premature end of file.
2026-05-05 02:49:13,467 [ERROR] LogOutputStream:75 - [STDERR_REDIRECT] 
2026-05-05 02:49:13,483 [ERROR] LogOutputStream:75 - [STDERR_REDIRECT] [Fatal Error] :1:1: Premature end of file.
2026-05-05 02:49:13,483 [ERROR] LogOutputStream:75 - [STDERR_REDIRECT] 
2026-05-05 02:49:13,499 [ERROR] LogOutputStream:75 - [STDERR_REDIRECT] [Fatal Error] :1:1: Premature end of file.
2026-05-05 02:49:13,499 [ERROR] LogOutputStream:75 - [STDERR_REDIRECT] 
2026-05-05 02:49:13,515 [ERROR] LogOutputStream:75 - [STDERR_REDIRECT] [Fatal Error] :1:1: Premature end of file.
2026-05-05 02:49:13,515 [ERROR] LogOutputStream:75 - [STDERR_REDIRECT] 
2026-05-05 02:49:13,515 [ERROR] LogOutputStream:75 - [STDERR_REDIRECT] [Fatal Error] :1:1: Premature end of file.
2026-05-05 02:49:13,515 [ERROR] LogOutputStream:75 - [STDERR_REDIRECT] 
2026-05-05 02:49:13,531 [ERROR] LogOutputStream:75 - [STDERR_REDIRECT] [Fatal Error] :1:1: Premature end of file.
2026-05-05 02:49:13,531 [ERROR] LogOutputStream:75 - [STDERR_REDIRECT] 
2026-05-05 02:49:13,547 [ERROR] LogOutputStream:75 - [STDERR_REDIRECT] [Fatal Error] :1:1: Premature end of file.
2026-05-05 02:49:13,547 [ERROR] LogOutputStream:75 - [STDERR_REDIRECT] 
2026-05-05 02:49:13,563 [ERROR] LogOutputStream:75 - [STDERR_REDIRECT] [Fatal Error] :1:1: Premature end of file.
2026-05-05 02:49:13,563 [ERROR] LogOutputStream:75 - [STDERR_REDIRECT] 
2026-05-05 02:49:13,563 [ERROR] LogOutputStream:75 - [STDERR_REDIRECT] [Fatal Error] :1:1: Premature end of file.
2026-05-05 02:49:13,563 [ERROR] LogOutputStream:75 - [STDERR_REDIRECT] 
2026-05-05 02:49:13,580 [ERROR] LogOutputStream:75 - [STDERR_REDIRECT] [Fatal Error] :1:1: Premature end of file.
2026-05-05 02:49:13,580 [ERROR] LogOutputStream:75 - [STDERR_REDIRECT] 
2026-05-05 02:49:13,594 [ERROR] LogOutputStream:75 - [STDERR_REDIRECT] [Fatal Error] :1:1: Premature end of file.
2026-05-05 02:49:13,594 [ERROR] LogOutputStream:75 - [STDERR_REDIRECT] 
2026-05-05 02:49:13,610 [ERROR] LogOutputStream:75 - [STDERR_REDIRECT] [Fatal Error] :1:1: Premature end of file.
2026-05-05 02:49:13,610 [ERROR] LogOutputStream:75 - [STDERR_REDIRECT] 
2026-05-05 02:49:13,610 [ERROR] LogOutputStream:75 - [STDERR_REDIRECT] [Fatal Error] :1:1: Premature end of file.
2026-05-05 02:49:13,610 [ERROR] LogOutputStream:75 - [STDERR_REDIRECT] 
2026-05-05 02:49:13,626 [ERROR] LogOutputStream:75 - [STDERR_REDIRECT] [Fatal Error] :1:1: Premature end of file.
2026-05-05 02:49:13,626 [ERROR] LogOutputStream:75 - [STDERR_REDIRECT] 
2026-05-05 02:49:13,642 [ERROR] LogOutputStream:75 - [STDERR_REDIRECT] [Fatal Error] :1:1: Premature end of file.
2026-05-05 02:49:13,642 [ERROR] LogOutputStream:75 - [STDERR_REDIRECT] 
2026-05-05 02:49:13,658 [ERROR] LogOutputStream:75 - [STDERR_REDIRECT] [Fatal Error] :1:1: Premature end of file.
2026-05-05 02:49:13,658 [ERROR] LogOutputStream:75 - [STDERR_REDIRECT] 
2026-05-05 02:49:13,658 [ERROR] LogOutputStream:75 - [STDERR_REDIRECT] [Fatal Error] :1:1: Premature end of file.
2026-05-05 02:49:13,658 [ERROR] LogOutputStream:75 - [STDERR_REDIRECT] 
2026-05-05 02:49:13,674 [ERROR] LogOutputStream:75 - [STDERR_REDIRECT] [Fatal Error] :1:1: Premature end of file.
2026-05-05 02:49:13,674 [ERROR] LogOutputStream:75 - [STDERR_REDIRECT] 
2026-05-05 02:49:13,689 [ERROR] LogOutputStream:75 - [STDERR_REDIRECT] [Fatal Error] :1:1: Premature end of file.
2026-05-05 02:49:13,689 [ERROR] LogOutputStream:75 - [STDERR_REDIRECT] 
2026-05-05 02:49:13,705 [ERROR] LogOutputStream:75 - [STDERR_REDIRECT] [Fatal Error] :1:1: Premature end of file.
2026-05-05 02:49:13,705 [ERROR] LogOutputStream:75 - [STDERR_REDIRECT] 
2026-05-05 02:49:13,705 [ERROR] LogOutputStream:75 - [STDERR_REDIRECT] [Fatal Error] :1:1: Premature end of file.
2026-05-05 02:49:13,705 [ERROR] LogOutputStream:75 - [STDERR_REDIRECT] 
2026-05-05 02:49:13,721 [ERROR] LogOutputStream:75 - [STDERR_REDIRECT] [Fatal Error] :1:1: Premature end of file.
2026-05-05 02:49:13,721 [ERROR] LogOutputStream:75 - [STDERR_REDIRECT] 
2026-05-05 02:49:13,737 [ERROR] LogOutputStream:75 - [STDERR_REDIRECT] [Fatal Error] :1:1: Premature end of file.
2026-05-05 02:49:13,737 [ERROR] LogOutputStream:75 - [STDERR_REDIRECT] 
2026-05-05 02:49:13,756 [ERROR] LogOutputStream:75 - [STDERR_REDIRECT] [Fatal Error] :1:1: Premature end of file.
2026-05-05 02:49:13,756 [ERROR] LogOutputStream:75 - [STDERR_REDIRECT] 
2026-05-05 02:49:13,768 [ERROR] LogOutputStream:75 - [STDERR_REDIRECT] [Fatal Error] :1:1: Premature end of file.
2026-05-05 02:49:13,768 [ERROR] LogOutputStream:75 - [STDERR_REDIRECT] 
2026-05-05 02:49:13,768 [ERROR] LogOutputStream:75 - [STDERR_REDIRECT] [Fatal Error] :1:1: Premature end of file.
2026-05-05 02:49:13,768 [ERROR] LogOutputStream:75 - [STDERR_REDIRECT] 
2026-05-05 02:49:13,784 [ERROR] LogOutputStream:75 - [STDERR_REDIRECT] [Fatal Error] :1:1: Premature end of file.
2026-05-05 02:49:13,784 [ERROR] LogOutputStream:75 - [STDERR_REDIRECT] 
2026-05-05 02:49:13,800 [ERROR] LogOutputStream:75 - [STDERR_REDIRECT] [Fatal Error] :1:1: Premature end of file.
2026-05-05 02:49:13,800 [ERROR] LogOutputStream:75 - [STDERR_REDIRECT] 
2026-05-05 02:49:13,816 [ERROR] LogOutputStream:75 - [STDERR_REDIRECT] [Fatal Error] :1:1: Premature end of file.
2026-05-05 02:49:13,816 [ERROR] LogOutputStream:75 - [STDERR_REDIRECT] 
2026-05-05 02:49:13,831 [ERROR] LogOutputStream:75 - [STDERR_REDIRECT] [Fatal Error] :1:1: Premature end of file.
2026-05-05 02:49:13,831 [ERROR] LogOutputStream:75 - [STDERR_REDIRECT] 
2026-05-05 02:49:13,831 [ERROR] LogOutputStream:75 - [STDERR_REDIRECT] [Fatal Error] :1:1: Premature end of file.
2026-05-05 02:49:13,831 [ERROR] LogOutputStream:75 - [STDERR_REDIRECT] 
2026-05-05 02:49:13,856 [ERROR] LogOutputStream:75 - [STDERR_REDIRECT] [Fatal Error] :1:1: Premature end of file.
2026-05-05 02:49:13,856 [ERROR] LogOutputStream:75 - [STDERR_REDIRECT] 
2026-05-05 02:49:13,863 [ERROR] LogOutputStream:75 - [STDERR_REDIRECT] [Fatal Error] :1:1: Premature end of file.
2026-05-05 02:49:13,863 [ERROR] LogOutputStream:75 - [STDERR_REDIRECT] 
2026-05-05 02:49:13,881 [ERROR] LogOutputStream:75 - [STDERR_REDIRECT] [Fatal Error] :1:1: Premature end of file.
2026-05-05 02:49:13,881 [ERROR] LogOutputStream:75 - [STDERR_REDIRECT] 
2026-05-05 02:49:13,893 [ERROR] LogOutputStream:75 - [STDERR_REDIRECT] [Fatal Error] :1:1: Premature end of file.
2026-05-05 02:49:13,893 [ERROR] LogOutputStream:75 - [STDERR_REDIRECT] 
2026-05-05 02:49:13,901 [ERROR] LogOutputStream:75 - [STDERR_REDIRECT] [Fatal Error] :1:1: Premature end of file.
2026-05-05 02:49:13,901 [ERROR] LogOutputStream:75 - [STDERR_REDIRECT] 
2026-05-05 02:49:13,911 [ERROR] LogOutputStream:75 - [STDERR_REDIRECT] [Fatal Error] :1:1: Premature end of file.
2026-05-05 02:49:13,911 [ERROR] LogOutputStream:75 - [STDERR_REDIRECT] 
2026-05-05 02:49:13,932 [ERROR] LogOutputStream:75 - [STDERR_REDIRECT] [Fatal Error] :1:1: Premature end of file.
2026-05-05 02:49:13,932 [ERROR] LogOutputStream:75 - [STDERR_REDIRECT] 
2026-05-05 02:49:13,943 [ERROR] LogOutputStream:75 - [STDERR_REDIRECT] [Fatal Error] :1:1: Premature end of file.
2026-05-05 02:49:13,943 [ERROR] LogOutputStream:75 - [STDERR_REDIRECT] 
2026-05-05 02:49:13,956 [ERROR] LogOutputStream:75 - [STDERR_REDIRECT] [Fatal Error] :1:1: Premature end of file.
2026-05-05 02:49:13,956 [ERROR] LogOutputStream:75 - [STDERR_REDIRECT] 
2026-05-05 02:49:13,958 [ERROR] LogOutputStream:75 - [STDERR_REDIRECT] [Fatal Error] :1:1: Premature end of file.
2026-05-05 02:49:13,958 [ERROR] LogOutputStream:75 - [STDERR_REDIRECT] 
2026-05-05 02:49:13,974 [ERROR] LogOutputStream:75 - [STDERR_REDIRECT] [Fatal Error] :1:1: Premature end of file.
2026-05-05 02:49:13,974 [ERROR] LogOutputStream:75 - [STDERR_REDIRECT] 
2026-05-05 02:49:13,990 [ERROR] LogOutputStream:75 - [STDERR_REDIRECT] [Fatal Error] :1:1: Premature end of file.
2026-05-05 02:49:13,990 [ERROR] LogOutputStream:75 - [STDERR_REDIRECT] 
2026-05-05 02:49:13,990 [ERROR] LogOutputStream:75 - [STDERR_REDIRECT] [Fatal Error] :1:1: Premature end of file.
2026-05-05 02:49:13,990 [ERROR] LogOutputStream:75 - [STDERR_REDIRECT] 
2026-05-05 02:49:14,006 [ERROR] LogOutputStream:75 - [STDERR_REDIRECT] [Fatal Error] :1:1: Premature end of file.
2026-05-05 02:49:14,006 [ERROR] LogOutputStream:75 - [STDERR_REDIRECT] 
2026-05-05 02:49:14,022 [ERROR] LogOutputStream:75 - [STDERR_REDIRECT] [Fatal Error] :1:1: Premature end of file.
2026-05-05 02:49:14,022 [ERROR] LogOutputStream:75 - [STDERR_REDIRECT] 
2026-05-05 02:49:14,037 [ERROR] LogOutputStream:75 - [STDERR_REDIRECT] [Fatal Error] :1:1: Premature end of file.
2026-05-05 02:49:14,037 [ERROR] LogOutputStream:75 - [STDERR_REDIRECT] 
2026-05-05 02:49:14,037 [ERROR] LogOutputStream:75 - [STDERR_REDIRECT] [Fatal Error] :1:1: Premature end of file.
2026-05-05 02:49:14,037 [ERROR] LogOutputStream:75 - [STDERR_REDIRECT] 
2026-05-05 02:49:14,056 [ERROR] LogOutputStream:75 - [STDERR_REDIRECT] [Fatal Error] :1:1: Premature end of file.
2026-05-05 02:49:14,056 [ERROR] LogOutputStream:75 - [STDERR_REDIRECT] 
2026-05-05 02:49:14,069 [ERROR] LogOutputStream:75 - [STDERR_REDIRECT] [Fatal Error] :1:1: Premature end of file.
2026-05-05 02:49:14,069 [ERROR] LogOutputStream:75 - [STDERR_REDIRECT] 
2026-05-05 02:49:14,085 [ERROR] LogOutputStream:75 - [STDERR_REDIRECT] [Fatal Error] :1:1: Premature end of file.
2026-05-05 02:49:14,085 [ERROR] LogOutputStream:75 - [STDERR_REDIRECT] 
2026-05-05 02:49:14,085 [ERROR] LogOutputStream:75 - [STDERR_REDIRECT] [Fatal Error] :1:1: Premature end of file.
2026-05-05 02:49:14,085 [ERROR] LogOutputStream:75 - [STDERR_REDIRECT] 
2026-05-05 02:49:14,105 [ERROR] LogOutputStream:75 - [STDERR_REDIRECT] [Fatal Error] :1:1: Premature end of file.
2026-05-05 02:49:14,105 [ERROR] LogOutputStream:75 - [STDERR_REDIRECT] 
2026-05-05 02:49:14,116 [ERROR] LogOutputStream:75 - [STDERR_REDIRECT] [Fatal Error] :1:1: Premature end of file.
2026-05-05 02:49:14,116 [ERROR] LogOutputStream:75 - [STDERR_REDIRECT] 
2026-05-05 02:49:14,132 [ERROR] LogOutputStream:75 - [STDERR_REDIRECT] [Fatal Error] :1:1: Premature end of file.
2026-05-05 02:49:14,132 [ERROR] LogOutputStream:75 - [STDERR_REDIRECT] 
2026-05-05 02:49:14,132 [ERROR] LogOutputStream:75 - [STDERR_REDIRECT] [Fatal Error] :1:1: Premature end of file.
2026-05-05 02:49:14,132 [ERROR] LogOutputStream:75 - [STDERR_REDIRECT] 
2026-05-05 02:49:14,156 [ERROR] LogOutputStream:75 - [STDERR_REDIRECT] [Fatal Error] :1:1: Premature end of file.
2026-05-05 02:49:14,156 [ERROR] LogOutputStream:75 - [STDERR_REDIRECT] 
2026-05-05 02:49:14,164 [ERROR] LogOutputStream:75 - [STDERR_REDIRECT] [Fatal Error] :1:1: Premature end of file.
2026-05-05 02:49:14,164 [ERROR] LogOutputStream:75 - [STDERR_REDIRECT] 
2026-05-05 02:49:14,179 [ERROR] LogOutputStream:75 - [STDERR_REDIRECT] [Fatal Error] :1:1: Premature end of file.
2026-05-05 02:49:14,179 [ERROR] LogOutputStream:75 - [STDERR_REDIRECT] 
2026-05-05 02:49:14,179 [ERROR] LogOutputStream:75 - [STDERR_REDIRECT] [Fatal Error] :1:1: Premature end of file.
2026-05-05 02:49:14,179 [ERROR] LogOutputStream:75 - [STDERR_REDIRECT] 
2026-05-05 02:49:14,195 [ERROR] LogOutputStream:75 - [STDERR_REDIRECT] [Fatal Error] :1:1: Premature end of file.
2026-05-05 02:49:14,195 [ERROR] LogOutputStream:75 - [STDERR_REDIRECT] 
2026-05-05 02:49:14,211 [ERROR] LogOutputStream:75 - [STDERR_REDIRECT] [Fatal Error] :1:1: Premature end of file.
2026-05-05 02:49:14,211 [ERROR] LogOutputStream:75 - [STDERR_REDIRECT] 
2026-05-05 02:49:14,227 [ERROR] LogOutputStream:75 - [STDERR_REDIRECT] [Fatal Error] :1:1: Premature end of file.
2026-05-05 02:49:14,227 [ERROR] LogOutputStream:75 - [STDERR_REDIRECT] 
2026-05-05 02:49:14,227 [ERROR] LogOutputStream:75 - [STDERR_REDIRECT] [Fatal Error] :1:1: Premature end of file.
2026-05-05 02:49:14,227 [ERROR] LogOutputStream:75 - [STDERR_REDIRECT] 
2026-05-05 02:49:14,243 [ERROR] LogOutputStream:75 - [STDERR_REDIRECT] [Fatal Error] :1:1: Premature end of file.
2026-05-05 02:49:14,243 [ERROR] LogOutputStream:75 - [STDERR_REDIRECT] 
2026-05-05 02:49:14,259 [ERROR] LogOutputStream:75 - [STDERR_REDIRECT] [Fatal Error] :1:1: Premature end of file.
2026-05-05 02:49:14,259 [ERROR] LogOutputStream:75 - [STDERR_REDIRECT] 
2026-05-05 02:49:14,275 [ERROR] LogOutputStream:75 - [STDERR_REDIRECT] [Fatal Error] :1:1: Premature end of file.
2026-05-05 02:49:14,275 [ERROR] LogOutputStream:75 - [STDERR_REDIRECT] 
2026-05-05 02:49:14,275 [ERROR] LogOutputStream:75 - [STDERR_REDIRECT] [Fatal Error] :1:1: Premature end of file.
2026-05-05 02:49:14,275 [ERROR] LogOutputStream:75 - [STDERR_REDIRECT] 
2026-05-05 02:49:14,291 [ERROR] LogOutputStream:75 - [STDERR_REDIRECT] [Fatal Error] :1:1: Premature end of file.
2026-05-05 02:49:14,291 [ERROR] LogOutputStream:75 - [STDERR_REDIRECT] 
2026-05-05 02:49:14,307 [ERROR] LogOutputStream:75 - [STDERR_REDIRECT] [Fatal Error] :1:1: Premature end of file.
2026-05-05 02:49:14,307 [ERROR] LogOutputStream:75 - [STDERR_REDIRECT] 
2026-05-05 02:49:14,325 [ERROR] LogOutputStream:75 - [STDERR_REDIRECT] [Fatal Error] :1:1: Premature end of file.
2026-05-05 02:49:14,325 [ERROR] LogOutputStream:75 - [STDERR_REDIRECT] 
2026-05-05 02:49:14,339 [ERROR] LogOutputStream:75 - [STDERR_REDIRECT] [Fatal Error] :1:1: Premature end of file.
2026-05-05 02:49:14,339 [ERROR] LogOutputStream:75 - [STDERR_REDIRECT] 
2026-05-05 02:49:14,339 [ERROR] LogOutputStream:75 - [STDERR_REDIRECT] [Fatal Error] :1:1: Premature end of file.
2026-05-05 02:49:14,339 [ERROR] LogOutputStream:75 - [STDERR_REDIRECT] 
2026-05-05 02:49:14,363 [ERROR] LogOutputStream:75 - [STDERR_REDIRECT] [Fatal Error] :1:1: Premature end of file.
2026-05-05 02:49:14,363 [ERROR] LogOutputStream:75 - [STDERR_REDIRECT] 
2026-05-05 02:49:14,376 [ERROR] LogOutputStream:75 - [STDERR_REDIRECT] [Fatal Error] :1:1: Premature end of file.
2026-05-05 02:49:14,376 [ERROR] LogOutputStream:75 - [STDERR_REDIRECT] 
2026-05-05 02:49:14,390 [ERROR] LogOutputStream:75 - [STDERR_REDIRECT] [Fatal Error] :1:1: Premature end of file.
2026-05-05 02:49:14,390 [ERROR] LogOutputStream:75 - [STDERR_REDIRECT] 
2026-05-05 02:49:14,402 [ERROR] LogOutputStream:75 - [STDERR_REDIRECT] [Fatal Error] :1:1: Premature end of file.
2026-05-05 02:49:14,402 [ERROR] LogOutputStream:75 - [STDERR_REDIRECT] 
2026-05-05 02:49:14,408 [ERROR] LogOutputStream:75 - [STDERR_REDIRECT] [Fatal Error] :1:1: Premature end of file.
2026-05-05 02:49:14,408 [ERROR] LogOutputStream:75 - [STDERR_REDIRECT] 
2026-05-05 02:49:14,418 [ERROR] LogOutputStream:75 - [STDERR_REDIRECT] [Fatal Error] :1:1: Premature end of file.
2026-05-05 02:49:14,418 [ERROR] LogOutputStream:75 - [STDERR_REDIRECT] 
2026-05-05 02:49:14,440 [ERROR] LogOutputStream:75 - [STDERR_REDIRECT] [Fatal Error] :1:1: Premature end of file.
2026-05-05 02:49:14,440 [ERROR] LogOutputStream:75 - [STDERR_REDIRECT] 
2026-05-05 02:49:14,449 [ERROR] LogOutputStream:75 - [STDERR_REDIRECT] [Fatal Error] :1:1: Premature end of file.
2026-05-05 02:49:14,449 [ERROR] LogOutputStream:75 - [STDERR_REDIRECT] 
2026-05-05 02:49:14,457 [ERROR] LogOutputStream:75 - [STDERR_REDIRECT] [Fatal Error] :1:1: Premature end of file.
2026-05-05 02:49:14,457 [ERROR] LogOutputStream:75 - [STDERR_REDIRECT] 
2026-05-05 02:49:14,465 [ERROR] LogOutputStream:75 - [STDERR_REDIRECT] [Fatal Error] :1:1: Premature end of file.
2026-05-05 02:49:14,465 [ERROR] LogOutputStream:75 - [STDERR_REDIRECT] 
2026-05-05 02:49:14,481 [ERROR] LogOutputStream:75 - [STDERR_REDIRECT] [Fatal Error] :1:1: Premature end of file.
2026-05-05 02:49:14,481 [ERROR] LogOutputStream:75 - [STDERR_REDIRECT] 
2026-05-05 02:49:14,497 [ERROR] LogOutputStream:75 - [STDERR_REDIRECT] [Fatal Error] :1:1: Premature end of file.
2026-05-05 02:49:14,497 [ERROR] LogOutputStream:75 - [STDERR_REDIRECT] 
2026-05-05 02:49:14,513 [ERROR] LogOutputStream:75 - [STDERR_REDIRECT] [Fatal Error] :1:1: Premature end of file.
2026-05-05 02:49:14,513 [ERROR] LogOutputStream:75 - [STDERR_REDIRECT] 
2026-05-05 02:49:14,513 [ERROR] LogOutputStream:75 - [STDERR_REDIRECT] [Fatal Error] :1:1: Premature end of file.
2026-05-05 02:49:14,513 [ERROR] LogOutputStream:75 - [STDERR_REDIRECT] 
2026-05-05 02:49:14,528 [ERROR] LogOutputStream:75 - [STDERR_REDIRECT] [Fatal Error] :1:1: Premature end of file.
2026-05-05 02:49:14,528 [ERROR] LogOutputStream:75 - [STDERR_REDIRECT] 
2026-05-05 02:49:14,544 [ERROR] LogOutputStream:75 - [STDERR_REDIRECT] [Fatal Error] :1:1: Premature end of file.
2026-05-05 02:49:14,544 [ERROR] LogOutputStream:75 - [STDERR_REDIRECT] 
2026-05-05 02:49:14,560 [ERROR] LogOutputStream:75 - [STDERR_REDIRECT] [Fatal Error] :1:1: Premature end of file.
2026-05-05 02:49:14,560 [ERROR] LogOutputStream:75 - [STDERR_REDIRECT] 
2026-05-05 02:49:14,560 [ERROR] LogOutputStream:75 - [STDERR_REDIRECT] [Fatal Error] :1:1: Premature end of file.
2026-05-05 02:49:14,560 [ERROR] LogOutputStream:75 - [STDERR_REDIRECT] 
2026-05-05 02:49:14,577 [ERROR] LogOutputStream:75 - [STDERR_REDIRECT] [Fatal Error] :1:1: Premature end of file.
2026-05-05 02:49:14,577 [ERROR] LogOutputStream:75 - [STDERR_REDIRECT] 
2026-05-05 02:49:14,596 [ERROR] LogOutputStream:75 - [STDERR_REDIRECT] [Fatal Error] :1:1: Premature end of file.
2026-05-05 02:49:14,596 [ERROR] LogOutputStream:75 - [STDERR_REDIRECT] 
2026-05-05 02:49:14,596 [ERROR] LogOutputStream:75 - [STDERR_REDIRECT] [Fatal Error] :1:1: Premature end of file.
2026-05-05 02:49:14,596 [ERROR] LogOutputStream:75 - [STDERR_REDIRECT] 
2026-05-05 02:49:14,612 [ERROR] LogOutputStream:75 - [STDERR_REDIRECT] [Fatal Error] :1:1: Premature end of file.
2026-05-05 02:49:14,612 [ERROR] LogOutputStream:75 - [STDERR_REDIRECT] 
2026-05-05 02:49:14,628 [ERROR] LogOutputStream:75 - [STDERR_REDIRECT] [Fatal Error] :1:1: Premature end of file.
2026-05-05 02:49:14,628 [ERROR] LogOutputStream:75 - [STDERR_REDIRECT] 
2026-05-05 02:49:14,644 [ERROR] LogOutputStream:75 - [STDERR_REDIRECT] [Fatal Error] :1:1: Premature end of file.
2026-05-05 02:49:14,644 [ERROR] LogOutputStream:75 - [STDERR_REDIRECT] 
2026-05-05 02:49:14,657 [ERROR] LogOutputStream:75 - [STDERR_REDIRECT] [Fatal Error] :1:1: Premature end of file.
2026-05-05 02:49:14,657 [ERROR] LogOutputStream:75 - [STDERR_REDIRECT] 
2026-05-05 02:49:14,691 [ERROR] LogOutputStream:75 - [STDERR_REDIRECT] 
